season,week,category,player_id,player_name,team,position,role_family,role_family_label,headline,current_raw,current_denominator,current_share,baseline_raw,baseline_denominator,baseline_share,share_change,all_play_raw,all_play_denominator,all_play_share,outside_normal_opportunities,all_play_normal_gap,production_yards,yards_per_opportunity,useful_contexts,context_summary,baseline_games,category_reason,secondary_categories,suspected_partial_game,player_href,team_href,game_href,explanation
2025,2,Box Score Overstated the Role,00-0035685,David Montgomery,DET,RB,rb_carry_share,RB carry share,6 of 11 opportunities occurred outside normal-game context.,5,19,0.2631578947368421,11,20,0.55,-0.28684210526315795,11,30,0.3666666666666666,6,0.1035087719298245,57.0,11.4,4,"early downs, red zone, inside five, passing downs",1,All-play usage materially exceeded normal-game usage because opportunities occurred outside normal context.,Box Score Overstated the Role | Opportunity Lost,False,/players?player=00-0035685&season=2025&family=rb_carry_share&week=2,/teams?team=DET&season=2025&family=rb_carry_share&week=2,/games?season=2025&week=2&game=2025_02_CHI_DET,All-play share was 10.4 points above normal-game share.
2025,2,Box Score Overstated the Role,00-0040236,Kyle Monangai,CHI,RB,rb_opportunity_share,RB opportunity share,6 of 10 opportunities occurred outside normal-game context.,4,17,0.2352941176470588,1,23,0.043478260869565216,0.19181585677749358,10,25,0.4,6,0.16470588235294123,36.0,9.0,3,"early downs, passing downs, red zone",1,All-play usage materially exceeded normal-game usage because opportunities occurred outside normal context.,Box Score Overstated the Role,False,/players?player=00-0040236&season=2025&family=rb_opportunity_share&week=2,/teams?team=CHI&season=2025&family=rb_opportunity_share&week=2,/games?season=2025&week=2&game=2025_02_CHI_DET,All-play share was 16.5 points above normal-game share.
2025,2,Box Score Overstated the Role,00-0039875,Ray Davis,BUF,RB,rb_carry_share,RB carry share,5 of 9 opportunities occurred outside normal-game context.,4,33,0.1212121212121212,1,28,0.03571428571428571,0.08549783549783549,9,39,0.2307692307692307,5,0.1095571095571095,24.0,6.0,3,"early downs, passing downs, red zone",1,All-play usage materially exceeded normal-game usage because opportunities occurred outside normal context.,Box Score Overstated the Role,False,/players?player=00-0039875&season=2025&family=rb_carry_share&week=2,/teams?team=BUF&season=2025&family=rb_carry_share&week=2,/games?season=2025&week=2&game=2025_02_BUF_NYJ,All-play share was 11.0 points above normal-game share.
2025,2,Opportunity Lost,00-0040162,Dylan Sampson,CLE,RB,rb_opportunity_share,RB opportunity share,RB opportunity share fell from 66.7% to 15.0%.,3,20,0.15,20,30,0.6666666666666666,-0.5166666666666666,7,32,0.21875,4,0.06875,19.0,6.333333333333333,3,"early downs, passing downs, red zone",1,Selected-week normal-game share was materially below a meaningful prior role.,Opportunity Lost,False,/players?player=00-0040162&season=2025&family=rb_opportunity_share&week=2,/teams?team=CLE&season=2025&family=rb_opportunity_share&week=2,/games?season=2025&week=2&game=2025_02_CLE_BAL,Selected-week share was 51.7 points below the prior 1-game baseline. Jerome Ford had the largest same-family increase for CLE.
2025,2,Opportunity Lost,00-0040666,Omarion Hampton,LAC,RB,rb_opportunity_share,RB opportunity share,RB opportunity share fell from 89.5% to 50.0%.,10,20,0.5,17,19,0.8947368421052632,-0.39473684210526316,10,20,0.5,0,0.0,25.0,2.5,4,"early downs, red zone, inside five, passing downs",1,Selected-week normal-game share was materially below a meaningful prior role.,"Opportunity Lost | Strong Opportunity, Weak Production",False,/players?player=00-0040666&season=2025&family=rb_opportunity_share&week=2,/teams?team=LAC&season=2025&family=rb_opportunity_share&week=2,/games?season=2025&week=2&game=2025_02_LAC_LV,Selected-week share was 39.5 points below the prior 1-game baseline. Najee Harris had the largest same-family increase for LAC.
2025,2,Opportunity Lost,00-0040734,TreVeyon Henderson,NE,RB,rb_opportunity_share,RB opportunity share,RB opportunity share fell from 47.8% to 18.5%.,5,27,0.1851851851851851,11,23,0.4782608695652174,-0.2930756843800323,5,27,0.1851851851851851,0,0.0,40.0,8.0,3,"early downs, passing downs, red zone",1,Selected-week normal-game share was materially below a meaningful prior role.,Opportunity Lost,False,/players?player=00-0040734&season=2025&family=rb_opportunity_share&week=2,/teams?team=NE&season=2025&family=rb_opportunity_share&week=2,/games?season=2025&week=2&game=2025_02_NE_MIA,Selected-week share was 29.3 points below the prior 1-game baseline. Rhamondre Stevenson had the largest same-family increase for NE.
2025,2,Opportunity Gained,00-0040715,Cam Skattebo,NYG,RB,rb_carry_share,RB carry share,Handled 11 of 21 team carries.,11,21,0.5238095238095238,2,23,0.08695652173913043,0.4368530020703934,11,21,0.5238095238095238,0,0.0,45.0,4.090909090909091,4,"early downs, red zone, passing downs, inside five",1,Selected-week normal-game share materially exceeded the prior qualifying-game baseline.,Opportunity Gained,False,/players?player=00-0040715&season=2025&family=rb_carry_share&week=2,/teams?team=NYG&season=2025&family=rb_carry_share&week=2,/games?season=2025&week=2&game=2025_02_NYG_DAL,Selected-week share was 43.7 points above the prior 1-game baseline.
2025,2,Opportunity Gained,00-0036893,Najee Harris,LAC,RB,rb_opportunity_share,RB opportunity share,Handled 10 of 20 team RB opportunities.,10,20,0.5,2,19,0.10526315789473684,0.39473684210526316,10,20,0.5,0,0.0,48.0,4.8,3,"early downs, passing downs, red zone",1,Selected-week normal-game share materially exceeded the prior qualifying-game baseline.,Opportunity Gained,False,/players?player=00-0036893&season=2025&family=rb_opportunity_share&week=2,/teams?team=LAC&season=2025&family=rb_opportunity_share&week=2,/games?season=2025&week=2&game=2025_02_LAC_LV,Selected-week share was 39.5 points above the prior 1-game baseline.
2025,2,Opportunity Gained,00-0035676,A.J. Brown,PHI,WR,wr_target_share,WR target share,Handled 8 of 21 team targets.,8,21,0.3809523809523809,1,20,0.05,0.3309523809523809,8,21,0.3809523809523809,0,0.0,27.0,3.375,2,"early downs, passing downs",1,Selected-week normal-game share materially exceeded the prior qualifying-game baseline.,Opportunity Gained,False,/players?player=00-0035676&season=2025&family=wr_target_share&week=2,/teams?team=PHI&season=2025&family=wr_target_share&week=2,/games?season=2025&week=2&game=2025_02_PHI_KC,Selected-week share was 33.1 points above the prior 1-game baseline.
2025,2,"Strong Opportunity, Weak Production",00-0037197,Isiah Pacheco,KC,RB,rb_carry_share,RB carry share,Produced 22 yards while handling 10 of 26 team carries.,10,26,0.3846153846153846,5,17,0.29411764705882354,0.09049773755656104,10,26,0.3846153846153846,0,0.0,22.0,2.2,3,"early downs, passing downs, red zone",1,The player owned a meaningful share across multiple contexts while producing few yards per opportunity.,"Strong Opportunity, Weak Production",False,/players?player=00-0037197&season=2025&family=rb_carry_share&week=2,/teams?team=KC&season=2025&family=rb_carry_share&week=2,/games?season=2025&week=2&game=2025_02_PHI_KC,"The player averaged 2.2 yards per opportunity across early downs, passing downs, red zone."
2025,2,"Strong Opportunity, Weak Production",00-0039165,Zach Charbonnet,SEA,RB,rb_carry_share,RB carry share,Produced 10 yards while handling 15 of 29 team carries.,15,29,0.5172413793103449,12,26,0.46153846153846156,0.0557029177718833,15,29,0.5172413793103449,0,0.0,10.0,0.6666666666666666,3,"early downs, passing downs, red zone",1,The player owned a meaningful share across multiple contexts while producing few yards per opportunity.,"Strong Opportunity, Weak Production",False,/players?player=00-0039165&season=2025&family=rb_carry_share&week=2,/teams?team=SEA&season=2025&family=rb_carry_share&week=2,/games?season=2025&week=2&game=2025_02_SEA_PIT,"The player averaged 0.7 yards per opportunity across early downs, passing downs, red zone."
2025,2,"Strong Opportunity, Weak Production",00-0038597,Chase Brown,CIN,RB,rb_carry_share,RB carry share,Produced 47 yards while handling 16 of 17 team carries.,16,17,0.9411764705882352,21,23,0.9130434782608695,0.028132992327365658,16,17,0.9411764705882352,0,0.0,47.0,2.9375,4,"early downs, inside five, red zone, passing downs",1,The player owned a meaningful share across multiple contexts while producing few yards per opportunity.,"Strong Opportunity, Weak Production",False,/players?player=00-0038597&season=2025&family=rb_carry_share&week=2,/teams?team=CIN&season=2025&family=rb_carry_share&week=2,/games?season=2025&week=2&game=2025_02_JAX_CIN,"The player averaged 2.9 yards per opportunity across early downs, inside five, red zone, passing downs."
2025,5,Box Score Overstated the Role,00-0034960,Jakobi Meyers,LV,WR,wr_target_share,WR target share,5 of 6 opportunities occurred outside normal-game context.,1,21,0.0476190476190476,31,110,0.2818181818181818,-0.23419913419913418,6,36,0.1666666666666666,5,0.119047619047619,32.0,32.0,3,"early downs, passing downs, red zone",4,All-play usage materially exceeded normal-game usage because opportunities occurred outside normal context.,Box Score Overstated the Role | Opportunity Lost,False,/players?player=00-0034960&season=2025&family=wr_target_share&week=5,/teams?team=LV&season=2025&family=wr_target_share&week=5,/games?season=2025&week=5&game=2025_05_LV_IND,All-play share was 11.9 points above normal-game share.
2025,5,Opportunity Lost,00-0033906,Alvin Kamara,NO,RB,rb_carry_share,RB carry share,Carry share fell from 59.2% to 27.6%.,8,29,0.2758620689655172,61,103,0.5922330097087378,-0.31637094074322064,8,29,0.2758620689655172,0,0.0,27.0,3.375,2,"early downs, red zone",4,Selected-week normal-game share was materially below a meaningful prior role.,Opportunity Lost,False,/players?player=00-0033906&season=2025&family=rb_carry_share&week=5,/teams?team=NO&season=2025&family=rb_carry_share&week=5,/games?season=2025&week=5&game=2025_05_NYG_NO,Selected-week share was 31.6 points below the prior 4-game baseline.
2025,5,Opportunity Lost,00-0034844,Saquon Barkley,PHI,RB,rb_opportunity_share,RB opportunity share,RB opportunity share fell from 87.7% to 64.3%.,9,14,0.6428571428571429,93,106,0.8773584905660378,-0.23450134770889486,9,14,0.6428571428571429,0,0.0,88.0,9.777777777777779,1,early downs,4,Selected-week normal-game share was materially below a meaningful prior role.,Opportunity Lost,False,/players?player=00-0034844&season=2025&family=rb_opportunity_share&week=5,/teams?team=PHI&season=2025&family=rb_opportunity_share&week=5,/games?season=2025&week=5&game=2025_05_DEN_PHI,Selected-week share was 23.5 points below the prior 4-game baseline.
2025,5,Opportunity Lost,00-0039139,Jahmyr Gibbs,DET,RB,rb_opportunity_share,RB opportunity share,RB opportunity share fell from 63.6% to 40.6%.,13,32,0.40625,70,110,0.6363636363636364,-0.23011363636363635,14,33,0.4242424242424242,1,0.0179924242424242,87.0,6.6923076923076925,3,"early downs, red zone, passing downs",4,Selected-week normal-game share was materially below a meaningful prior role.,Opportunity Lost,False,/players?player=00-0039139&season=2025&family=rb_opportunity_share&week=5,/teams?team=DET&season=2025&family=rb_opportunity_share&week=5,/games?season=2025&week=5&game=2025_05_DET_CIN,Selected-week share was 23.0 points below the prior 4-game baseline. David Montgomery had the largest same-family increase for DET.
2025,5,Opportunity Gained,00-0036139,Rico Dowdle,CAR,RB,rb_opportunity_share,RB opportunity share,Handled 27 of 32 team RB opportunities.,27,32,0.84375,23,74,0.3108108108108108,0.5329391891891893,27,32,0.84375,0,0.0,234.0,8.666666666666666,4,"early downs, red zone, inside five, passing downs",4,Selected-week normal-game share materially exceeded the prior qualifying-game baseline.,Opportunity Gained,False,/players?player=00-0036139&season=2025&family=rb_opportunity_share&week=5,/teams?team=CAR&season=2025&family=rb_opportunity_share&week=5,/games?season=2025&week=5&game=2025_05_MIA_CAR,Selected-week share was 53.3 points above the prior 4-game baseline.
2025,5,Opportunity Gained,00-0037256,Rachaad White,TB,RB,rb_opportunity_share,RB opportunity share,Handled 18 of 24 team RB opportunities.,18,24,0.75,31,122,0.2540983606557377,0.4959016393442623,18,24,0.75,0,0.0,71.0,3.9444444444444446,4,"early downs, red zone, inside five, passing downs",4,Selected-week normal-game share materially exceeded the prior qualifying-game baseline.,"Opportunity Gained | Strong Opportunity, Weak Production",False,/players?player=00-0037256&season=2025&family=rb_opportunity_share&week=5,/teams?team=TB&season=2025&family=rb_opportunity_share&week=5,/games?season=2025&week=5&game=2025_05_TB_SEA,Selected-week share was 49.6 points above the prior 4-game baseline.
2025,5,Opportunity Gained,00-0039410,Ryan Flournoy,DAL,WR,wr_target_share,WR target share,Handled 8 of 24 team targets.,8,24,0.3333333333333333,2,104,0.019230769230769232,0.3141025641025641,9,28,0.3214285714285714,1,-0.011904761904761918,114.0,14.25,2,"passing downs, early downs",3,Selected-week normal-game share materially exceeded the prior qualifying-game baseline.,Opportunity Gained,False,/players?player=00-0039410&season=2025&family=wr_target_share&week=5,/teams?team=DAL&season=2025&family=wr_target_share&week=5,/games?season=2025&week=5&game=2025_05_DAL_NYJ,Selected-week share was 31.4 points above the prior 3-game baseline.
2025,5,"Strong Opportunity, Weak Production",00-0035250,Devin Singletary,NYG,RB,rb_opportunity_share,RB opportunity share,Produced 24 yards while handling 8 of 30 team RB opportunities.,8,30,0.2666666666666666,15,113,0.13274336283185842,0.1339233038348082,8,30,0.2666666666666666,0,0.0,24.0,3.0,2,"early downs, passing downs",4,The player owned a meaningful share across multiple contexts while producing few yards per opportunity.,"Strong Opportunity, Weak Production",False,/players?player=00-0035250&season=2025&family=rb_opportunity_share&week=5,/teams?team=NYG&season=2025&family=rb_opportunity_share&week=5,/games?season=2025&week=5&game=2025_05_NYG_NO,"The player averaged 3.0 yards per opportunity across early downs, passing downs."
2025,5,"Strong Opportunity, Weak Production",00-0039040,De'Von Achane,MIA,RB,rb_carry_share,RB carry share,Produced 16 yards while handling 10 of 14 team carries.,10,14,0.7142857142857143,49,76,0.6447368421052632,0.06954887218045114,10,14,0.7142857142857143,0,0.0,16.0,1.6,3,"early downs, red zone, inside five",4,The player owned a meaningful share across multiple contexts while producing few yards per opportunity.,"Strong Opportunity, Weak Production",False,/players?player=00-0039040&season=2025&family=rb_carry_share&week=5,/teams?team=MIA&season=2025&family=rb_carry_share&week=5,/games?season=2025&week=5&game=2025_05_MIA_CAR,"The player averaged 1.6 yards per opportunity across early downs, red zone, inside five."
2025,5,"Strong Opportunity, Weak Production",00-0036875,Rhamondre Stevenson,NE,RB,rb_opportunity_share,RB opportunity share,Produced 27 yards while handling 9 of 25 team RB opportunities.,9,25,0.36,40,96,0.4166666666666667,-0.0566666666666667,9,25,0.36,0,0.0,27.0,3.0,3,"early downs, red zone, inside five",4,The player owned a meaningful share across multiple contexts while producing few yards per opportunity.,"Strong Opportunity, Weak Production",False,/players?player=00-0036875&season=2025&family=rb_opportunity_share&week=5,/teams?team=NE&season=2025&family=rb_opportunity_share&week=5,/games?season=2025&week=5&game=2025_05_NE_BUF,"The player averaged 3.0 yards per opportunity across early downs, red zone, inside five."
2025,8,Box Score Overstated the Role,00-0039875,Ray Davis,BUF,RB,rb_opportunity_share,RB opportunity share,6 of 10 opportunities occurred outside normal-game context.,4,23,0.1739130434782608,6,98,0.061224489795918366,0.11268855368234244,10,33,0.303030303030303,6,0.12911725955204217,16.0,4.0,3,"early downs, inside five, red zone",4,All-play usage materially exceeded normal-game usage because opportunities occurred outside normal context.,Box Score Overstated the Role,False,/players?player=00-0039875&season=2025&family=rb_opportunity_share&week=8,/teams?team=BUF&season=2025&family=rb_opportunity_share&week=8,/games?season=2025&week=8&game=2025_08_BUF_CAR,All-play share was 12.9 points above normal-game share.
2025,8,Box Score Overstated the Role,00-0040162,Dylan Sampson,CLE,RB,rb_opportunity_share,RB opportunity share,7 of 9 opportunities occurred outside normal-game context.,2,16,0.125,13,107,0.12149532710280374,0.003504672897196262,9,23,0.391304347826087,7,0.266304347826087,29.0,14.5,3,"early downs, red zone, passing downs",4,All-play usage materially exceeded normal-game usage because opportunities occurred outside normal context.,Box Score Overstated the Role,False,/players?player=00-0040162&season=2025&family=rb_opportunity_share&week=8,/teams?team=CLE&season=2025&family=rb_opportunity_share&week=8,/games?season=2025&week=8&game=2025_08_CLE_NE,All-play share was 26.6 points above normal-game share.
2025,8,Opportunity Lost,00-0037525,Jordan Mason,MIN,RB,rb_opportunity_share,RB opportunity share,RB opportunity share fell from 71.6% to 35.7%.,5,14,0.3571428571428571,58,81,0.7160493827160493,-0.35890652557319225,5,18,0.2777777777777778,0,-0.0793650793650793,6.0,1.2,2,"early downs, passing downs",4,Selected-week normal-game share was materially below a meaningful prior role.,Opportunity Lost,False,/players?player=00-0037525&season=2025&family=rb_opportunity_share&week=8,/teams?team=MIN&season=2025&family=rb_opportunity_share&week=8,/games?season=2025&week=8&game=2025_08_MIN_LAC,Selected-week share was 35.9 points below the prior 4-game baseline. Aaron Jones had the largest same-family increase for MIN.
2025,8,Opportunity Lost,00-0038440,Zavier Scott,MIN,RB,rb_opportunity_share,RB opportunity share,RB opportunity share fell from 28.4% to 0.0%.,0,14,0.0,23,81,0.2839506172839506,-0.2839506172839506,4,18,0.2222222222222222,4,0.2222222222222222,24.0,,2,"early downs, passing downs",4,Selected-week normal-game share was materially below a meaningful prior role.,Opportunity Lost,False,/players?player=00-0038440&season=2025&family=rb_opportunity_share&week=8,/teams?team=MIN&season=2025&family=rb_opportunity_share&week=8,/games?season=2025&week=8&game=2025_08_MIN_LAC,Selected-week share was 28.4 points below the prior 4-game baseline. Aaron Jones had the largest same-family increase for MIN.
2025,8,Opportunity Lost,00-0036139,Rico Dowdle,CAR,RB,rb_carry_share,RB carry share,Carry share fell from 67.0% to 41.2%.,7,17,0.4117647058823529,77,115,0.6695652173913044,-0.25780051150895145,8,27,0.2962962962962963,1,-0.11546840958605664,54.0,7.714285714285714,3,"early downs, passing downs, red zone",4,Selected-week normal-game share was materially below a meaningful prior role.,Opportunity Lost,False,/players?player=00-0036139&season=2025&family=rb_carry_share&week=8,/teams?team=CAR&season=2025&family=rb_carry_share&week=8,/games?season=2025&week=8&game=2025_08_BUF_CAR,Selected-week share was 25.8 points below the prior 4-game baseline.
2025,8,Opportunity Gained,00-0039391,Kimani Vidal,LAC,RB,rb_opportunity_share,RB opportunity share,Handled 22 of 27 team RB opportunities.,22,27,0.8148148148148148,40,91,0.43956043956043955,0.3752543752543752,25,38,0.6578947368421053,3,-0.15692007797270946,127.0,5.7727272727272725,4,"early downs, red zone, inside five, passing downs",4,Selected-week normal-game share materially exceeded the prior qualifying-game baseline.,Opportunity Gained,False,/players?player=00-0039391&season=2025&family=rb_opportunity_share&week=8,/teams?team=LAC&season=2025&family=rb_opportunity_share&week=8,/games?season=2025&week=8&game=2025_08_MIN_LAC,Selected-week share was 37.5 points above the prior 4-game baseline.
2025,8,Opportunity Gained,00-0038797,Emanuel Wilson,GB,RB,rb_opportunity_share,RB opportunity share,Handled 15 of 31 team RB opportunities.,15,31,0.4838709677419355,24,115,0.20869565217391303,0.27517531556802244,15,31,0.4838709677419355,0,0.0,87.0,5.8,3,"early downs, red zone, passing downs",4,Selected-week normal-game share materially exceeded the prior qualifying-game baseline.,Opportunity Gained,False,/players?player=00-0038797&season=2025&family=rb_opportunity_share&week=8,/teams?team=GB&season=2025&family=rb_opportunity_share&week=8,/games?season=2025&week=8&game=2025_08_GB_PIT,Selected-week share was 27.5 points above the prior 4-game baseline.
2025,8,Opportunity Gained,00-0033293,Aaron Jones,MIN,RB,rb_opportunity_share,RB opportunity share,Handled 9 of 14 team RB opportunities.,9,14,0.6428571428571429,17,45,0.37777777777777777,0.26507936507936514,9,18,0.5,0,-0.1428571428571429,30.0,3.3333333333333335,3,"early downs, red zone, passing downs",2,Selected-week normal-game share materially exceeded the prior qualifying-game baseline.,Opportunity Gained,False,/players?player=00-0033293&season=2025&family=rb_opportunity_share&week=8,/teams?team=MIN&season=2025&family=rb_opportunity_share&week=8,/games?season=2025&week=8&game=2025_08_MIN_LAC,Selected-week share was 26.5 points above the prior 2-game baseline.
2025,8,"Strong Opportunity, Weak Production",00-0035719,Deebo Samuel Sr.,WAS,WR,wr_target_share,WR target share,Produced 11 yards while handling 6 of 24 team targets.,6,24,0.25,25,85,0.29411764705882354,-0.04411764705882354,6,30,0.2,0,-0.04999999999999999,11.0,1.8333333333333333,2,"early downs, red zone",4,The player owned a meaningful share across multiple contexts while producing few yards per opportunity.,"Strong Opportunity, Weak Production",False,/players?player=00-0035719&season=2025&family=wr_target_share&week=8,/teams?team=WAS&season=2025&family=wr_target_share&week=8,/games?season=2025&week=8&game=2025_08_WAS_KC,"The player averaged 1.8 yards per opportunity across early downs, red zone."
2025,8,"Strong Opportunity, Weak Production",00-0040242,Jacory Croskey-Merritt,WAS,RB,rb_carry_share,RB carry share,Produced 25 yards while handling 9 of 17 team carries.,9,17,0.5294117647058824,49,100,0.49,0.03941176470588237,9,20,0.45,0,-0.07941176470588235,25.0,2.7777777777777777,2,"early downs, passing downs",4,The player owned a meaningful share across multiple contexts while producing few yards per opportunity.,"Strong Opportunity, Weak Production",False,/players?player=00-0040242&season=2025&family=rb_carry_share&week=8,/teams?team=WAS&season=2025&family=rb_carry_share&week=8,/games?season=2025&week=8&game=2025_08_WAS_KC,"The player averaged 2.8 yards per opportunity across early downs, passing downs."
2025,8,"Strong Opportunity, Weak Production",00-0037256,Rachaad White,TB,RB,rb_carry_share,RB carry share,Produced 35 yards while handling 13 of 23 team carries.,13,23,0.5652173913043478,47,84,0.5595238095238095,0.005693581780538248,13,29,0.4482758620689655,0,-0.11694152923538226,35.0,2.6923076923076925,4,"early downs, inside five, red zone, passing downs",4,The player owned a meaningful share across multiple contexts while producing few yards per opportunity.,"Strong Opportunity, Weak Production",False,/players?player=00-0037256&season=2025&family=rb_carry_share&week=8,/teams?team=TB&season=2025&family=rb_carry_share&week=8,/games?season=2025&week=8&game=2025_08_TB_NO,"The player averaged 2.7 yards per opportunity across early downs, inside five, red zone, passing downs."
2025,11,Box Score Overstated the Role,00-0036924,Michael Carter,ARI,RB,rb_opportunity_share,RB opportunity share,6 of 9 opportunities occurred outside normal-game context.,3,18,0.1666666666666666,46,101,0.45544554455445546,-0.2887788778877889,9,26,0.3461538461538461,6,0.1794871794871795,28.0,9.333333333333334,3,"early downs, passing downs, red zone",4,All-play usage materially exceeded normal-game usage because opportunities occurred outside normal context.,Box Score Overstated the Role | Opportunity Lost,False,/players?player=00-0036924&season=2025&family=rb_opportunity_share&week=11,/teams?team=ARI&season=2025&family=rb_opportunity_share&week=11,/games?season=2025&week=11&game=2025_11_SF_ARI,All-play share was 17.9 points above normal-game share.
2025,11,Box Score Overstated the Role,00-0040238,LeQuint Allen Jr.,JAX,RB,rb_opportunity_share,RB opportunity share,8 of 8 opportunities occurred outside normal-game context.,0,32,0.0,6,96,0.0625,-0.0625,8,44,0.1818181818181818,8,0.1818181818181818,36.0,,3,"early downs, passing downs, red zone",4,All-play usage materially exceeded normal-game usage because opportunities occurred outside normal context.,Box Score Overstated the Role,False,/players?player=00-0040238&season=2025&family=rb_opportunity_share&week=11,/teams?team=JAX&season=2025&family=rb_opportunity_share&week=11,/games?season=2025&week=11&game=2025_11_LAC_JAX,All-play share was 18.2 points above normal-game share.
2025,11,Opportunity Lost,00-0037228,Jaylen Warren,PIT,RB,rb_carry_share,RB carry share,Carry share fell from 77.6% to 37.0%.,10,27,0.3703703703703703,59,76,0.7763157894736842,-0.4059454191033139,10,27,0.3703703703703703,0,0.0,62.0,6.2,1,early downs,4,Selected-week normal-game share was materially below a meaningful prior role.,Opportunity Lost,False,/players?player=00-0037228&season=2025&family=rb_carry_share&week=11,/teams?team=PIT&season=2025&family=rb_carry_share&week=11,/games?season=2025&week=11&game=2025_11_CIN_PIT,Selected-week share was 40.6 points below the prior 4-game baseline. Kenny Gainwell had the largest same-family increase for PIT.
2025,11,Opportunity Lost,00-0037256,Rachaad White,TB,RB,rb_carry_share,RB carry share,Carry share fell from 63.3% to 26.3%.,10,38,0.2631578947368421,50,79,0.6329113924050633,-0.36975349766822124,10,38,0.2631578947368421,0,0.0,51.0,5.1,3,"early downs, passing downs, red zone",4,Selected-week normal-game share was materially below a meaningful prior role.,Opportunity Lost,False,/players?player=00-0037256&season=2025&family=rb_carry_share&week=11,/teams?team=TB&season=2025&family=rb_carry_share&week=11,/games?season=2025&week=11&game=2025_11_TB_BUF,Selected-week share was 37.0 points below the prior 4-game baseline. Sean Tucker had the largest same-family increase for TB.
2025,11,Opportunity Lost,00-0035700,Josh Jacobs,GB,RB,rb_carry_share,RB carry share,Carry share fell from 65.3% to 30.4%.,7,23,0.3043478260869565,64,98,0.6530612244897959,-0.3487133984028394,7,23,0.3043478260869565,0,0.0,40.0,5.714285714285714,4,"early downs, red zone, inside five, passing downs",4,Selected-week normal-game share was materially below a meaningful prior role.,Opportunity Lost,True,/players?player=00-0035700&season=2025&family=rb_carry_share&week=11,/teams?team=GB&season=2025&family=rb_carry_share&week=11,/games?season=2025&week=11&game=2025_11_GB_NYG,Selected-week share was 34.9 points below the prior 4-game baseline. Emanuel Wilson had the largest same-family increase for GB.
2025,11,Opportunity Gained,00-0033923,Kareem Hunt,KC,RB,rb_carry_share,RB carry share,Handled 13 of 14 team carries.,13,14,0.9285714285714286,27,90,0.3,0.6285714285714286,13,14,0.9285714285714286,0,0.0,59.0,4.538461538461538,4,"early downs, red zone, inside five, passing downs",4,Selected-week normal-game share materially exceeded the prior qualifying-game baseline.,Opportunity Gained,False,/players?player=00-0033923&season=2025&family=rb_carry_share&week=11,/teams?team=KC&season=2025&family=rb_carry_share&week=11,/games?season=2025&week=11&game=2025_11_KC_DEN,Selected-week share was 62.9 points above the prior 4-game baseline.
2025,11,Opportunity Gained,00-0040734,TreVeyon Henderson,NE,RB,rb_opportunity_share,RB opportunity share,Handled 24 of 27 team RB opportunities.,24,27,0.8888888888888888,43,91,0.4725274725274725,0.4163614163614163,24,27,0.8888888888888888,0,0.0,93.0,3.875,3,"early downs, red zone, passing downs",4,Selected-week normal-game share materially exceeded the prior qualifying-game baseline.,Opportunity Gained,False,/players?player=00-0040734&season=2025&family=rb_opportunity_share&week=11,/teams?team=NE&season=2025&family=rb_opportunity_share&week=11,/games?season=2025&week=11&game=2025_11_NYJ_NE,Selected-week share was 41.6 points above the prior 4-game baseline.
2025,11,Opportunity Gained,00-0040730,RJ Harvey,DEN,RB,rb_carry_share,RB carry share,Handled 11 of 20 team carries.,11,20,0.55,15,88,0.17045454545454544,0.37954545454545463,11,20,0.55,0,0.0,30.0,2.727272727272727,3,"early downs, red zone, passing downs",4,Selected-week normal-game share materially exceeded the prior qualifying-game baseline.,"Opportunity Gained | Strong Opportunity, Weak Production",False,/players?player=00-0040730&season=2025&family=rb_carry_share&week=11,/teams?team=DEN&season=2025&family=rb_carry_share&week=11,/games?season=2025&week=11&game=2025_11_KC_DEN,Selected-week share was 38.0 points above the prior 4-game baseline.
2025,11,"Strong Opportunity, Weak Production",00-0040236,Kyle Monangai,CHI,RB,rb_opportunity_share,RB opportunity share,Produced 37 yards while handling 13 of 36 team RB opportunities.,13,36,0.3611111111111111,62,123,0.5040650406504065,-0.14295392953929537,13,36,0.3611111111111111,0,0.0,37.0,2.8461538461538463,4,"early downs, passing downs, red zone, inside five",4,The player owned a meaningful share across multiple contexts while producing few yards per opportunity.,"Strong Opportunity, Weak Production",False,/players?player=00-0040236&season=2025&family=rb_opportunity_share&week=11,/teams?team=CHI&season=2025&family=rb_opportunity_share&week=11,/games?season=2025&week=11&game=2025_11_CHI_MIN,"The player averaged 2.8 yards per opportunity across early downs, passing downs, red zone, inside five."
2025,11,"Strong Opportunity, Weak Production",00-0036139,Rico Dowdle,CAR,RB,rb_carry_share,RB carry share,Produced 45 yards while handling 15 of 20 team carries.,15,20,0.75,67,106,0.6320754716981132,0.11792452830188682,19,24,0.7916666666666666,4,0.04166666666666663,45.0,3.0,3,"early downs, red zone, passing downs",4,The player owned a meaningful share across multiple contexts while producing few yards per opportunity.,"Strong Opportunity, Weak Production",False,/players?player=00-0036139&season=2025&family=rb_carry_share&week=11,/teams?team=CAR&season=2025&family=rb_carry_share&week=11,/games?season=2025&week=11&game=2025_11_CAR_ATL,"The player averaged 3.0 yards per opportunity across early downs, red zone, passing downs."
2025,11,"Strong Opportunity, Weak Production",00-0039738,Blake Corum,LA,RB,rb_opportunity_share,RB opportunity share,Produced 5 yards while handling 10 of 24 team RB opportunities.,10,24,0.4166666666666667,35,96,0.3645833333333333,0.05208333333333337,10,24,0.4166666666666667,0,0.0,5.0,0.5,4,"early downs, inside five, red zone, passing downs",4,The player owned a meaningful share across multiple contexts while producing few yards per opportunity.,"Strong Opportunity, Weak Production",False,/players?player=00-0039738&season=2025&family=rb_opportunity_share&week=11,/teams?team=LA&season=2025&family=rb_opportunity_share&week=11,/games?season=2025&week=11&game=2025_11_SEA_LA,"The player averaged 0.5 yards per opportunity across early downs, inside five, red zone, passing downs."
2025,14,Box Score Overstated the Role,00-0039165,Zach Charbonnet,SEA,RB,rb_carry_share,RB carry share,4 of 7 opportunities occurred outside normal-game context.,3,17,0.1764705882352941,36,103,0.34951456310679613,-0.17304397487150203,7,25,0.28,4,0.10352941176470593,46.0,15.333333333333334,3,"early downs, inside five, red zone",4,All-play usage materially exceeded normal-game usage because opportunities occurred outside normal context.,Box Score Overstated the Role | Opportunity Lost,False,/players?player=00-0039165&season=2025&family=rb_carry_share&week=14,/teams?team=SEA&season=2025&family=rb_carry_share&week=14,/games?season=2025&week=14&game=2025_14_SEA_ATL,All-play share was 10.4 points above normal-game share.
2025,14,Box Score Overstated the Role,00-0038994,Jordan Addison,MIN,WR,wr_target_share,WR target share,4 of 7 opportunities occurred outside normal-game context.,3,15,0.2,25,107,0.2336448598130841,-0.0336448598130841,7,23,0.3043478260869565,4,0.10434782608695647,62.0,20.666666666666668,4,"early downs, passing downs, inside five, red zone",4,All-play usage materially exceeded normal-game usage because opportunities occurred outside normal context.,Box Score Overstated the Role,False,/players?player=00-0038994&season=2025&family=wr_target_share&week=14,/teams?team=MIN&season=2025&family=wr_target_share&week=14,/games?season=2025&week=14&game=2025_14_WAS_MIN,All-play share was 10.4 points above normal-game share.
2025,14,Opportunity Lost,00-0039040,De'Von Achane,MIA,RB,rb_opportunity_share,RB opportunity share,RB opportunity share fell from 79.3% to 22.9%.,8,35,0.2285714285714285,96,121,0.7933884297520661,-0.5648170011806376,8,40,0.2,0,-0.028571428571428498,105.0,13.125,2,"early downs, red zone",4,Selected-week normal-game share was materially below a meaningful prior role.,Opportunity Lost,True,/players?player=00-0039040&season=2025&family=rb_opportunity_share&week=14,/teams?team=MIA&season=2025&family=rb_opportunity_share&week=14,/games?season=2025&week=14&game=2025_14_MIA_NYJ,Selected-week share was 56.5 points below the prior 4-game baseline. Jaylen Wright had the largest same-family increase for MIA.
2025,14,Opportunity Lost,00-0038797,Emanuel Wilson,GB,RB,rb_opportunity_share,RB opportunity share,RB opportunity share fell from 42.6% to 11.5%.,3,26,0.1153846153846153,46,108,0.42592592592592593,-0.3105413105413106,3,26,0.1153846153846153,0,0.0,10.0,3.3333333333333335,2,"early downs, red zone",4,Selected-week normal-game share was materially below a meaningful prior role.,Opportunity Lost,False,/players?player=00-0038797&season=2025&family=rb_opportunity_share&week=14,/teams?team=GB&season=2025&family=rb_opportunity_share&week=14,/games?season=2025&week=14&game=2025_14_CHI_GB,Selected-week share was 31.1 points below the prior 4-game baseline.
2025,14,Opportunity Lost,00-0040666,Omarion Hampton,LAC,RB,rb_opportunity_share,RB opportunity share,RB opportunity share fell from 72.4% to 43.3%.,13,30,0.4333333333333333,71,98,0.7244897959183674,-0.2911564625850341,15,32,0.46875,2,0.03541666666666671,67.0,5.153846153846154,4,"early downs, red zone, passing downs, inside five",4,Selected-week normal-game share was materially below a meaningful prior role.,Opportunity Lost,False,/players?player=00-0040666&season=2025&family=rb_opportunity_share&week=14,/teams?team=LAC&season=2025&family=rb_opportunity_share&week=14,/games?season=2025&week=14&game=2025_14_PHI_LAC,Selected-week share was 29.1 points below the prior 4-game baseline.
2025,14,Opportunity Gained,00-0039874,Jaylen Wright,MIA,RB,rb_opportunity_share,RB opportunity share,Handled 25 of 35 team RB opportunities.,25,35,0.7142857142857143,12,130,0.09230769230769231,0.621978021978022,27,40,0.675,2,-0.03928571428571426,107.0,4.28,4,"early downs, passing downs, red zone, inside five",4,Selected-week normal-game share materially exceeded the prior qualifying-game baseline.,Opportunity Gained,False,/players?player=00-0039874&season=2025&family=rb_opportunity_share&week=14,/teams?team=MIA&season=2025&family=rb_opportunity_share&week=14,/games?season=2025&week=14&game=2025_14_MIA_NYJ,Selected-week share was 62.2 points above the prior 4-game baseline.
2025,14,Opportunity Gained,00-0038120,Breece Hall,NYJ,RB,rb_carry_share,RB carry share,Handled 12 of 12 team carries.,12,12,1.0,70,111,0.6306306306306306,0.36936936936936937,14,15,0.9333333333333332,2,-0.06666666666666676,43.0,3.5833333333333335,2,"early downs, red zone",4,Selected-week normal-game share materially exceeded the prior qualifying-game baseline.,Opportunity Gained,False,/players?player=00-0038120&season=2025&family=rb_carry_share&week=14,/teams?team=NYJ&season=2025&family=rb_carry_share&week=14,/games?season=2025&week=14&game=2025_14_MIA_NYJ,Selected-week share was 36.9 points above the prior 4-game baseline.
2025,14,Opportunity Gained,00-0040202,Devin Neal,NO,RB,rb_carry_share,RB carry share,Handled 19 of 30 team carries.,19,30,0.6333333333333333,27,99,0.2727272727272727,0.3606060606060606,19,30,0.6333333333333333,0,0.0,70.0,3.6842105263157894,4,"early downs, red zone, passing downs, inside five",4,Selected-week normal-game share materially exceeded the prior qualifying-game baseline.,Opportunity Gained,False,/players?player=00-0040202&season=2025&family=rb_carry_share&week=14,/teams?team=NO&season=2025&family=rb_carry_share&week=14,/games?season=2025&week=14&game=2025_14_NO_TB,Selected-week share was 36.1 points above the prior 4-game baseline.
2025,14,"Strong Opportunity, Weak Production",00-0040705,Chimere Dike,TEN,WR,wr_target_share,WR target share,Produced 24 yards while handling 8 of 25 team targets.,8,25,0.32,17,95,0.17894736842105263,0.14105263157894737,8,25,0.32,0,0.0,24.0,3.0,4,"early downs, passing downs, red zone, inside five",4,The player owned a meaningful share across multiple contexts while producing few yards per opportunity.,"Strong Opportunity, Weak Production",False,/players?player=00-0040705&season=2025&family=wr_target_share&week=14,/teams?team=TEN&season=2025&family=wr_target_share&week=14,/games?season=2025&week=14&game=2025_14_TEN_CLE,"The player averaged 3.0 yards per opportunity across early downs, passing downs, red zone, inside five."
2025,14,"Strong Opportunity, Weak Production",00-0038134,Kenneth Walker III,SEA,RB,rb_opportunity_share,RB opportunity share,Produced 28 yards while handling 13 of 18 team RB opportunities.,13,18,0.7222222222222222,63,104,0.6057692307692307,0.11645299145299148,13,23,0.5652173913043478,0,-0.15700483091787443,28.0,2.1538461538461537,2,"early downs, red zone",4,The player owned a meaningful share across multiple contexts while producing few yards per opportunity.,"Strong Opportunity, Weak Production",False,/players?player=00-0038134&season=2025&family=rb_opportunity_share&week=14,/teams?team=SEA&season=2025&family=rb_opportunity_share&week=14,/games?season=2025&week=14&game=2025_14_SEA_ATL,"The player averaged 2.2 yards per opportunity across early downs, red zone."
2025,14,"Strong Opportunity, Weak Production",00-0038597,Chase Brown,CIN,RB,rb_opportunity_share,RB opportunity share,Produced 35 yards while handling 16 of 23 team RB opportunities.,16,23,0.6956521739130435,92,116,0.7931034482758621,-0.09745127436281864,16,23,0.6956521739130435,0,0.0,35.0,2.1875,3,"early downs, red zone, inside five",4,The player owned a meaningful share across multiple contexts while producing few yards per opportunity.,"Strong Opportunity, Weak Production",False,/players?player=00-0038597&season=2025&family=rb_opportunity_share&week=14,/teams?team=CIN&season=2025&family=rb_opportunity_share&week=14,/games?season=2025&week=14&game=2025_14_CIN_BUF,"The player averaged 2.2 yards per opportunity across early downs, red zone, inside five."
2025,18,Box Score Overstated the Role,00-0035537,Ty Johnson,BUF,RB,rb_carry_share,RB carry share,9 of 13 opportunities occurred outside normal-game context.,4,21,0.1904761904761904,14,118,0.11864406779661017,0.07183212267958024,13,39,0.3333333333333333,9,0.1428571428571429,36.0,9.0,4,"early downs, red zone, passing downs, inside five",4,All-play usage materially exceeded normal-game usage because opportunities occurred outside normal context.,Box Score Overstated the Role,False,/players?player=00-0035537&season=2025&family=rb_carry_share&week=18,/teams?team=BUF&season=2025&family=rb_carry_share&week=18,/games?season=2025&week=18&game=2025_18_NYJ_BUF,All-play share was 14.3 points above normal-game share.
2025,18,Box Score Overstated the Role,00-0035261,Tony Pollard,TEN,RB,rb_carry_share,RB carry share,8 of 14 opportunities occurred outside normal-game context.,6,10,0.6,74,115,0.6434782608695652,-0.04347826086956519,14,19,0.7368421052631579,8,0.13684210526315788,48.0,8.0,2,"early downs, passing downs",4,All-play usage materially exceeded normal-game usage because opportunities occurred outside normal context.,Box Score Overstated the Role,False,/players?player=00-0035261&season=2025&family=rb_carry_share&week=18,/teams?team=TEN&season=2025&family=rb_carry_share&week=18,/games?season=2025&week=18&game=2025_18_TEN_JAX,All-play share was 13.7 points above normal-game share.
2025,18,Opportunity Lost,00-0037248,James Cook,BUF,RB,rb_opportunity_share,RB opportunity share,RB opportunity share fell from 73.1% to 8.3%.,2,24,0.0833333333333333,87,119,0.7310924369747899,-0.6477591036414566,2,43,0.0465116279069767,0,-0.0368217054263566,15.0,7.5,1,early downs,4,Selected-week normal-game share was materially below a meaningful prior role.,Opportunity Lost,True,/players?player=00-0037248&season=2025&family=rb_opportunity_share&week=18,/teams?team=BUF&season=2025&family=rb_opportunity_share&week=18,/games?season=2025&week=18&game=2025_18_NYJ_BUF,Selected-week share was 64.8 points below the prior 4-game baseline. Ray Davis had the largest same-family increase for BUF.
2025,18,Opportunity Lost,00-0036223,Jonathan Taylor,IND,RB,rb_carry_share,RB carry share,Carry share fell from 91.0% to 50.0%.,14,28,0.5,81,89,0.9101123595505618,-0.4101123595505618,14,28,0.5,0,0.0,26.0,1.8571428571428572,4,"early downs, inside five, passing downs, red zone",4,Selected-week normal-game share was materially below a meaningful prior role.,"Opportunity Lost | Strong Opportunity, Weak Production",False,/players?player=00-0036223&season=2025&family=rb_carry_share&week=18,/teams?team=IND&season=2025&family=rb_carry_share&week=18,/games?season=2025&week=18&game=2025_18_IND_HOU,Selected-week share was 41.0 points below the prior 4-game baseline. DJ Giddens had the largest same-family increase for IND.
2025,18,Opportunity Lost,00-0039391,Kimani Vidal,LAC,RB,rb_opportunity_share,RB opportunity share,RB opportunity share fell from 58.9% to 23.5%.,4,17,0.2352941176470588,63,107,0.5887850467289719,-0.35349092908191315,4,17,0.2352941176470588,0,0.0,10.0,2.5,2,"early downs, passing downs",4,Selected-week normal-game share was materially below a meaningful prior role.,Opportunity Lost,False,/players?player=00-0039391&season=2025&family=rb_opportunity_share&week=18,/teams?team=LAC&season=2025&family=rb_opportunity_share&week=18,/games?season=2025&week=18&game=2025_18_LAC_DEN,Selected-week share was 35.3 points below the prior 4-game baseline. Jaret Patterson had the largest same-family increase for LAC.
2025,18,Opportunity Gained,00-0038555,Tank Bigsby,PHI,RB,rb_carry_share,RB carry share,Handled 16 of 19 team carries.,16,19,0.8421052631578947,10,108,0.09259259259259259,0.7495126705653021,16,19,0.8421052631578947,0,0.0,75.0,4.6875,4,"early downs, red zone, inside five, passing downs",4,Selected-week normal-game share materially exceeded the prior qualifying-game baseline.,Opportunity Gained,False,/players?player=00-0038555&season=2025&family=rb_carry_share&week=18,/teams?team=PHI&season=2025&family=rb_carry_share&week=18,/games?season=2025&week=18&game=2025_18_WAS_PHI,Selected-week share was 75.0 points above the prior 4-game baseline.
2025,18,Opportunity Gained,00-0036906,Khalil Herbert,NYJ,RB,rb_opportunity_share,RB opportunity share,Handled 10 of 14 team RB opportunities.,10,14,0.7142857142857143,0,29,0.0,0.7142857142857143,14,22,0.6363636363636364,4,-0.07792207792207795,46.0,4.6,3,"early downs, passing downs, red zone",2,Selected-week normal-game share materially exceeded the prior qualifying-game baseline.,Opportunity Gained,False,/players?player=00-0036906&season=2025&family=rb_opportunity_share&week=18,/teams?team=NYJ&season=2025&family=rb_opportunity_share&week=18,/games?season=2025&week=18&game=2025_18_NYJ_BUF,Selected-week share was 71.4 points above the prior 2-game baseline.
2025,18,Opportunity Gained,00-0039373,Audric Estimé,NO,RB,rb_carry_share,RB carry share,Handled 21 of 26 team carries.,21,26,0.8076923076923077,25,101,0.24752475247524752,0.5601675552170602,21,26,0.8076923076923077,0,0.0,63.0,3.0,4,"early downs, passing downs, red zone, inside five",4,Selected-week normal-game share materially exceeded the prior qualifying-game baseline.,"Opportunity Gained | Strong Opportunity, Weak Production",False,/players?player=00-0039373&season=2025&family=rb_carry_share&week=18,/teams?team=NO&season=2025&family=rb_carry_share&week=18,/games?season=2025&week=18&game=2025_18_NO_ATL,Selected-week share was 56.0 points above the prior 4-game baseline.
2025,18,"Strong Opportunity, Weak Production",00-0040242,Jacory Croskey-Merritt,WAS,RB,rb_carry_share,RB carry share,Produced 29 yards while handling 13 of 39 team carries.,13,39,0.3333333333333333,41,87,0.47126436781609193,-0.13793103448275862,13,39,0.3333333333333333,0,0.0,29.0,2.230769230769231,3,"early downs, red zone, inside five",4,The player owned a meaningful share across multiple contexts while producing few yards per opportunity.,"Strong Opportunity, Weak Production",False,/players?player=00-0040242&season=2025&family=rb_carry_share&week=18,/teams?team=WAS&season=2025&family=rb_carry_share&week=18,/games?season=2025&week=18&game=2025_18_WAS_PHI,"The player averaged 2.2 yards per opportunity across early downs, red zone, inside five."
2025,18,"Strong Opportunity, Weak Production",00-0036407,Jerry Jeudy,CLE,WR,wr_target_share,WR target share,Produced 17 yards while handling 6 of 21 team targets.,6,21,0.2857142857142857,17,104,0.16346153846153846,0.12225274725274723,6,21,0.2857142857142857,0,0.0,17.0,2.8333333333333335,2,"early downs, passing downs",4,The player owned a meaningful share across multiple contexts while producing few yards per opportunity.,"Strong Opportunity, Weak Production",False,/players?player=00-0036407&season=2025&family=wr_target_share&week=18,/teams?team=CLE&season=2025&family=wr_target_share&week=18,/games?season=2025&week=18&game=2025_18_CLE_CIN,"The player averaged 2.8 yards per opportunity across early downs, passing downs."
2025,18,"Strong Opportunity, Weak Production",00-0040730,RJ Harvey,DEN,RB,rb_opportunity_share,RB opportunity share,Produced 33 yards while handling 19 of 31 team RB opportunities.,19,31,0.6129032258064516,74,102,0.7254901960784313,-0.11258697027197972,19,31,0.6129032258064516,0,0.0,33.0,1.736842105263158,3,"early downs, red zone, passing downs",4,The player owned a meaningful share across multiple contexts while producing few yards per opportunity.,"Strong Opportunity, Weak Production",False,/players?player=00-0040730&season=2025&family=rb_opportunity_share&week=18,/teams?team=DEN&season=2025&family=rb_opportunity_share&week=18,/games?season=2025&week=18&game=2025_18_LAC_DEN,"The player averaged 1.7 yards per opportunity across early downs, red zone, passing downs."
