file,bytes,sha256
injuries_2025_2025.csv.gz,52253,18717f41174bfc39bad88dd9e2971d4e5809da54a3ea43b1832d65a2a1a0699e
participation_2025_2025.csv.gz,353622,84dd22771fb680283fece82ddc38ea37d54251619f154d948458183c0dac7837
pbp_2025_2025.csv.gz,493834,f2b1d6d435ba07a7a5336bd3c058f11dbd87cf1333d6877402f47540388a9f52
player_stats_2025_2025.csv.gz,361531,9fef0426084117b6202149654d7321574e724af849d46782a910e66535329511
rosters_weekly_2025_2025.csv.gz,195958,7648b7797bb9fc8a75ff30f95a43f69a8a89aabf5de0dc62b4790a9d72495b8b
schedules_2025_2025.csv.gz,2390,0ef1a4373d819a2f226c345572b213825b1222b4934a1581a8408db122c3fd8e
snap_counts_2025_2025.csv.gz,387115,707653a574f0aae463ea869f99da1bbcdbbf906adb2984ce68a5ab9ca1d77a11
explicit_pbp_2025_in_memory,,47c39f74758cf4a66a06d0484ae35b93e2056473fe6558d7ad9f6d4757af3940
explicit_rosters_2025_in_memory,,ae48c46118c958725b763c768ac097465df784f0c4b60676775e0d337890f437
explicit_schedules_2025_in_memory,,ff1a9611a4596e711b05334e3bb581a440b5414d9ce20e79bdbbdbcdf25ba331
