Gate,Requirement,Status,Current Value,Action Needed,Source,Notes
History Audit,Feature data must come before target season/week.,PASS,leakage_exists=False,,outputs/history_window_audit.csv,
Schedule Gate,Target schedule must exist.,READY,2025 Week 1,,outputs/google_sheets/schedule_gate_import.csv,Do not fabricate future schedule data.
Roster Gate,Current team must be verified for every live player.,NEEDS DATA,TEAM_VERIFY required until current roster import is confirmed.,Import and verify current roster/team data.,outputs/roster/current_roster_map_status.csv | outputs/roster/current_roster_needs_review.csv,TEAM_VERIFY means DO NOT USE.
Role Gate,Role must be known and confidence should be 60+.,NEEDS DATA,Unknown,"Import expected roles, snap/route shares, and confidence.",outputs/google_sheets/role_gate_import_template.csv,Unknown role prevents high-confidence live use.
Injury Gate,Availability must be known.,NEEDS DATA,Unknown,Import injury and practice status.,outputs/google_sheets/injury_gate_import_template.csv,"Out, IR, Doubtful, Inactive, or Unknown blocks/downgrades live use."
Market Odds Gate,Odds required for betting-edge mode.,NEEDS DATA,No odds loaded,Import sportsbook lines and American odds for betting edge.,outputs/google_sheets/market_odds_gate_import_template.csv,"Optional for pure projection, required for betting edges."
Receptions Dashboard,Dashboard import must be clearly labeled.,HISTORICAL TEST ONLY,historical_test 2025 Week 1,Do not use for live betting until Final Betting Use is GO.,outputs/google_sheets_receptions_historical_test.csv,Raw and calibrated projections remain visible.
Model Output Mode,Historical test mode cannot be live betting ready.,NOT READY,historical_test,Switch to forward_projection only after live gates are ready.,config.yaml,Never silently fall back from forward_projection to historical_test.
Final Betting Use,All required gates must be READY/PASS in forward_projection mode.,NO-GO,NOT READY,Resolve blockers in forward_projection_blockers.csv.,outputs/google_sheets/forward_projection_blockers.csv,Historical test mode always means NOT READY.
