season,week,player_id,player_name,team,opponent,position,game_id,home_team,away_team,is_home,spread_line,total_line,team_implied_total,opponent_implied_total,favorite_status,spread_bucket,game_total_bucket,pass_volume_environment,rush_volume_environment,game_script_score,game_environment_reliability,game_environment_notes
2025,1,,S.Barkley,PHI,,RB,,,,,,,,,,,,,,,MISSING,No schedule game matched team/opponent.
2025,1,,J.Chase,CIN,,WR,,,,,,,,,,,,,,,MISSING,No schedule game matched team/opponent.
2025,1,,J.Taylor,IND,,RB,,,,,,,,,,,,,,,MISSING,No schedule game matched team/opponent.
2025,1,,K.Murray,ARI,SF,QB,,,,,,,,,,,,,,,MISSING,No schedule game matched team/opponent.
2025,1,,P.Nacua,LA,,WR,,,,,,,,,,,,,,,MISSING,No schedule game matched team/opponent.
2025,1,,T.Higgins,CIN,,WR,,,,,,,,,,,,,,,MISSING,No schedule game matched team/opponent.
2025,1,,B.Thomas,JAX,,WR,,,,,,,,,,,,,,,MISSING,No schedule game matched team/opponent.
2025,1,,D.Henry,BAL,,RB,,,,,,,,,,,,,,,MISSING,No schedule game matched team/opponent.
2025,1,,J.Jefferson,MIN,,WR,,,,,,,,,,,,,,,MISSING,No schedule game matched team/opponent.
2025,1,,J.Jeudy,CLE,,WR,,,,,,,,,,,,,,,MISSING,No schedule game matched team/opponent.
2025,1,,B.Robinson,ATL,,RB,,,,,,,,,,,,,,,MISSING,No schedule game matched team/opponent.
2025,1,,L.McConkey,LAC,,WR,,,,,,,,,,,,,,,MISSING,No schedule game matched team/opponent.
2025,1,,A.St. Brown,DET,,WR,,,,,,,,,,,,,,,MISSING,No schedule game matched team/opponent.
2025,1,,D.Moore,CHI,,WR,,,,,,,,,,,,,,,MISSING,No schedule game matched team/opponent.
2025,1,,K.Williams,LA,,RB,,,,,,,,,,,,,,,MISSING,No schedule game matched team/opponent.
2025,1,,T.Shavers,BUF,,WR,,,,,,,,,,,,,,,MISSING,No schedule game matched team/opponent.
2025,1,,D.Adams,NYJ,,WR,,,,,,,,,,,,,,,MISSING,No schedule game matched team/opponent.
2025,1,,T.McLaurin,WAS,,WR,,,,,,,,,,,,,,,MISSING,No schedule game matched team/opponent.
2025,1,,Ja.Williams,DET,,WR,,,,,,,,,,,,,,,MISSING,No schedule game matched team/opponent.
2025,1,,J.Mixon,HOU,,RB,,,,,,,,,,,,,,,MISSING,No schedule game matched team/opponent.
2025,1,00-0034855,B.Mayfield,TB,WAS,QB,,,,,,,,,,,,,,,MISSING,No schedule game matched team/opponent.
2025,1,,D.Bell,CLE,,WR,,,,,,,,,,,,,,,MISSING,No schedule game matched team/opponent.
2025,1,,J.Jennings,SF,,WR,,,,,,,,,,,,,,,MISSING,No schedule game matched team/opponent.
2025,1,,J.Jacobs,GB,,RB,,,,,,,,,,,,,,,MISSING,No schedule game matched team/opponent.
2025,1,,M.Evans,TB,,WR,,,,,,,,,,,,,,,MISSING,No schedule game matched team/opponent.
2025,1,,T.Pollard,TEN,,RB,,,,,,,,,,,,,,,MISSING,No schedule game matched team/opponent.
2025,1,,N.Collins,HOU,,WR,,,,,,,,,,,,,,,MISSING,No schedule game matched team/opponent.
2025,1,,M.Nabers,NYG,,WR,,,,,,,,,,,,,,,MISSING,No schedule game matched team/opponent.
2025,1,,J.Gibbs,DET,,RB,,,,,,,,,,,,,,,MISSING,No schedule game matched team/opponent.
2025,1,,J.Smith-Njigba,SEA,,WR,,,,,,,,,,,,,,,MISSING,No schedule game matched team/opponent.
2025,1,,R.Dowdle,DAL,,RB,,,,,,,,,,,,,,,MISSING,No schedule game matched team/opponent.
2025,1,,B.Aiyuk,SF,,WR,,,,,,,,,,,,,,,MISSING,No schedule game matched team/opponent.
2025,1,,J.Meyers,LV,,WR,,,,,,,,,,,,,,,MISSING,No schedule game matched team/opponent.
2025,1,,J.Addison,MIN,,WR,,,,,,,,,,,,,,,MISSING,No schedule game matched team/opponent.
2025,1,,S.Diggs,HOU,,WR,,,,,,,,,,,,,,,MISSING,No schedule game matched team/opponent.
2025,1,,C.Williams,CHI,GB,QB,,,,,,,,,,,,,,,MISSING,No schedule game matched team/opponent.
2025,1,,W.Robinson,NYG,,WR,,,,,,,,,,,,,,,MISSING,No schedule game matched team/opponent.
2025,1,,B.Irving,TB,,RB,,,,,,,,,,,,,,,MISSING,No schedule game matched team/opponent.
2025,1,,A.Gould,IND,,WR,,,,,,,,,,,,,,,MISSING,No schedule game matched team/opponent.
2025,1,,C.Godwin,TB,,WR,,,,,,,,,,,,,,,MISSING,No schedule game matched team/opponent.
2025,1,,C.Hubbard,CAR,,RB,,,,,,,,,,,,,,,MISSING,No schedule game matched team/opponent.
2025,1,,B.Mayfield,TB,WAS,QB,,,,,,,,,,,,,,,MISSING,No schedule game matched team/opponent.
2025,1,,R.Pearsall,SF,,WR,,,,,,,,,,,,,,,MISSING,No schedule game matched team/opponent.
2025,1,,D.Brown,WAS,,WR,,,,,,,,,,,,,,,MISSING,No schedule game matched team/opponent.
2025,1,,D.Swift,CHI,,RB,,,,,,,,,,,,,,,MISSING,No schedule game matched team/opponent.
2025,1,,K.Allen,CHI,,WR,,,,,,,,,,,,,,,MISSING,No schedule game matched team/opponent.
2025,1,,J.Conner,ARI,,RB,,,,,,,,,,,,,,,MISSING,No schedule game matched team/opponent.
2025,1,,J.Cowing,SF,,WR,,,,,,,,,,,,,,,MISSING,No schedule game matched team/opponent.
2025,1,,T.McBride,ARI,,TE,,,,,,,,,,,,,,,MISSING,No schedule game matched team/opponent.
2025,1,,B.Johnson,PIT,,WR,,,,,,,,,,,,,,,MISSING,No schedule game matched team/opponent.
2025,1,,A.Pierce,IND,,WR,,,,,,,,,,,,,,,MISSING,No schedule game matched team/opponent.
2025,1,,R.Shaheed,NO,,WR,,,,,,,,,,,,,,,MISSING,No schedule game matched team/opponent.
2025,1,,A.Thielen,CAR,,WR,,,,,,,,,,,,,,,MISSING,No schedule game matched team/opponent.
2025,1,,J.Cook,BUF,,RB,,,,,,,,,,,,,,,MISSING,No schedule game matched team/opponent.
2025,1,,A.Kamara,NO,,RB,,,,,,,,,,,,,,,MISSING,No schedule game matched team/opponent.
2025,1,,G.Wilson,NYJ,,WR,,,,,,,,,,,,,,,MISSING,No schedule game matched team/opponent.
2025,1,,T.Hill,MIA,,WR,,,,,,,,,,,,,,,MISSING,No schedule game matched team/opponent.
2025,1,,J.Nailor,MIN,,WR,,,,,,,,,,,,,,,MISSING,No schedule game matched team/opponent.
2025,1,,A.Jones,MIN,,RB,,,,,,,,,,,,,,,MISSING,No schedule game matched team/opponent.
2025,1,,T.Etienne,JAX,,RB,,,,,,,,,,,,,,,MISSING,No schedule game matched team/opponent.
2025,1,,D.London,ATL,,WR,,,,,,,,,,,,,,,MISSING,No schedule game matched team/opponent.
2025,1,,C.Lamb,DAL,,WR,,,,,,,,,,,,,,,MISSING,No schedule game matched team/opponent.
2025,1,,T.Martin,TEN,,WR,,,,,,,,,,,,,,,MISSING,No schedule game matched team/opponent.
2025,1,,J.Downs,IND,,WR,,,,,,,,,,,,,,,MISSING,No schedule game matched team/opponent.
2025,1,00-0033106,J.Goff,DET,WAS,QB,,,,,,,,,,,,,,,MISSING,No schedule game matched team/opponent.
2025,1,,J.Palmer,LAC,,WR,,,,,,,,,,,,,,,MISSING,No schedule game matched team/opponent.
2025,1,,D.Samuel,SF,,WR,,,,,,,,,,,,,,,MISSING,No schedule game matched team/opponent.
2025,1,,M.Washington,MIA,,WR,,,,,,,,,,,,,,,MISSING,No schedule game matched team/opponent.
2025,1,,J.Dobbins,LAC,,RB,,,,,,,,,,,,,,,MISSING,No schedule game matched team/opponent.
2025,1,,R.Rice,KC,,WR,,,,,,,,,,,,,,,MISSING,No schedule game matched team/opponent.
2025,1,,K.Walker,SEA,,RB,,,,,,,,,,,,,,,MISSING,No schedule game matched team/opponent.
2025,1,,J.Goff,DET,WAS,QB,,,,,,,,,,,,,,,MISSING,No schedule game matched team/opponent.
2025,1,,N.Brown,WAS,,WR,,,,,,,,,,,,,,,MISSING,No schedule game matched team/opponent.
2025,1,,M.Pittman,IND,,WR,,,,,,,,,,,,,,,MISSING,No schedule game matched team/opponent.
2025,1,,G.Pickens,PIT,,WR,,,,,,,,,,,,,,,MISSING,No schedule game matched team/opponent.
2025,1,,D.Njoku,CLE,,TE,,,,,,,,,,,,,,,MISSING,No schedule game matched team/opponent.
2025,1,,T.Allgeier,ATL,,RB,,,,,,,,,,,,,,,MISSING,No schedule game matched team/opponent.
2025,1,,M.Harrison,ARI,,WR,,,,,,,,,,,,,,,MISSING,No schedule game matched team/opponent.
2025,1,,J.Smith,MIA,,TE,,,,,,,,,,,,,,,MISSING,No schedule game matched team/opponent.
2025,1,,K.Pryor,CIN,,WR,,,,,,,,,,,,,,,MISSING,No schedule game matched team/opponent.
2025,1,,C.McCaffrey,SF,,RB,,,,,,,,,,,,,,,MISSING,No schedule game matched team/opponent.
2025,1,,J.Daniels,WAS,PHI,QB,,,,,,,,,,,,,,,MISSING,No schedule game matched team/opponent.
2025,1,,K.Shakir,BUF,,WR,,,,,,,,,,,,,,,MISSING,No schedule game matched team/opponent.
2025,1,,R.White,TB,,RB,,,,,,,,,,,,,,,MISSING,No schedule game matched team/opponent.
2025,1,,M.Valdes-Scantling,NO,,WR,,,,,,,,,,,,,,,MISSING,No schedule game matched team/opponent.
2025,1,,N.Harris,PIT,,RB,,,,,,,,,,,,,,,MISSING,No schedule game matched team/opponent.
2025,1,,C.White,SEA,,WR,,,,,,,,,,,,,,,MISSING,No schedule game matched team/opponent.
2025,1,,C.Tillman,CLE,,WR,,,,,,,,,,,,,,,MISSING,No schedule game matched team/opponent.
2025,1,,J.Coker,CAR,,WR,,,,,,,,,,,,,,,MISSING,No schedule game matched team/opponent.
2025,1,,G.Kittle,SF,,TE,,,,,,,,,,,,,,,MISSING,No schedule game matched team/opponent.
2025,1,,B.Bowers,LV,,TE,,,,,,,,,,,,,,,MISSING,No schedule game matched team/opponent.
2025,1,,T.Bigsby,JAX,,RB,,,,,,,,,,,,,,,MISSING,No schedule game matched team/opponent.
2025,1,,C.Olave,NO,,WR,,,,,,,,,,,,,,,MISSING,No schedule game matched team/opponent.
2025,1,,C.Brown,CIN,,RB,,,,,,,,,,,,,,,MISSING,No schedule game matched team/opponent.
2025,1,,D.Montgomery,DET,,RB,,,,,,,,,,,,,,,MISSING,No schedule game matched team/opponent.
2025,1,,M.Gesicki,CIN,,TE,,,,,,,,,,,,,,,MISSING,No schedule game matched team/opponent.
2025,1,,C.Sutton,DEN,,WR,,,,,,,,,,,,,,,MISSING,No schedule game matched team/opponent.
2025,1,,Q.Johnston,LAC,,WR,,,,,,,,,,,,,,,MISSING,No schedule game matched team/opponent.
2025,1,,B.Hall,NYJ,,RB,,,,,,,,,,,,,,,MISSING,No schedule game matched team/opponent.
2025,1,,E.Engram,JAX,,TE,,,,,,,,,,,,,,,MISSING,No schedule game matched team/opponent.
2025,1,,J.Waddle,MIA,,WR,,,,,,,,,,,,,,,MISSING,No schedule game matched team/opponent.
2025,1,,P.Freiermuth,PIT,,TE,,,,,,,,,,,,,,,MISSING,No schedule game matched team/opponent.
2025,1,,D.Metcalf,SEA,,WR,,,,,,,,,,,,,,,MISSING,No schedule game matched team/opponent.
2025,1,00-0035228,K.Murray,ARI,SF,QB,,,,,,,,,,,,,,,MISSING,No schedule game matched team/opponent.
2025,1,,X.Worthy,KC,,WR,,,,,,,,,,,,,,,MISSING,No schedule game matched team/opponent.
2025,1,,D.Achane,MIA,,RB,,,,,,,,,,,,,,,MISSING,No schedule game matched team/opponent.
2025,1,,J.Burton,CIN,,WR,,,,,,,,,,,,,,,MISSING,No schedule game matched team/opponent.
2025,1,,C.Jones,CIN,,WR,,,,,,,,,,,,,,,MISSING,No schedule game matched team/opponent.
2025,1,,L.Bowden,NO,,WR,,,,,,,,,,,,,,,MISSING,No schedule game matched team/opponent.
2025,1,,R.Stevenson,NE,,RB,,,,,,,,,,,,,,,MISSING,No schedule game matched team/opponent.
2025,1,,G.Dortch,ARI,,WR,,,,,,,,,,,,,,,MISSING,No schedule game matched team/opponent.
2025,1,,A.Perry,NO,,WR,,,,,,,,,,,,,,,MISSING,No schedule game matched team/opponent.
2025,1,,T.Sherfield,MIN,,WR,,,,,,,,,,,,,,,MISSING,No schedule game matched team/opponent.
2025,1,,M.Mims,DEN,,WR,,,,,,,,,,,,,,,MISSING,No schedule game matched team/opponent.
2025,1,,B.Robinson,WAS,,RB,,,,,,,,,,,,,,,MISSING,No schedule game matched team/opponent.
2025,1,,Z.Ertz,WAS,,TE,,,,,,,,,,,,,,,MISSING,No schedule game matched team/opponent.
2025,1,,T.Hill,NO,,TE,,,,,,,,,,,,,,,MISSING,No schedule game matched team/opponent.
2025,1,,D.Eskridge,MIA,,WR,,,,,,,,,,,,,,,MISSING,No schedule game matched team/opponent.
2025,1,,A.Iosivas,CIN,,WR,,,,,,,,,,,,,,,MISSING,No schedule game matched team/opponent.
2025,1,,J.Mason,SF,,RB,,,,,,,,,,,,,,,MISSING,No schedule game matched team/opponent.
2025,1,,C.Kupp,LA,,WR,,,,,,,,,,,,,,,MISSING,No schedule game matched team/opponent.
2025,1,,M.Gordon,BAL,,RB,,,,,,,,,,,,,,,MISSING,No schedule game matched team/opponent.
2025,1,00-0039918,C.Williams,CHI,GB,QB,,,,,,,,,,,,,,,MISSING,No schedule game matched team/opponent.
2025,1,,C.Ridley,TEN,,WR,,,,,,,,,,,,,,,MISSING,No schedule game matched team/opponent.
2025,1,,K.Hunt,KC,,RB,,,,,,,,,,,,,,,MISSING,No schedule game matched team/opponent.
2025,1,,R.Moore,ARI,,WR,,,,,,,,,,,,,,,MISSING,No schedule game matched team/opponent.
2025,1,,C.Watson,GB,,WR,,,,,,,,,,,,,,,MISSING,No schedule game matched team/opponent.
2025,1,,S.LaPorta,DET,,TE,,,,,,,,,,,,,,,MISSING,No schedule game matched team/opponent.
2025,1,,K.Boutte,NE,,WR,,,,,,,,,,,,,,,MISSING,No schedule game matched team/opponent.
2025,1,,L.Jackson,BAL,BUF,QB,2025_01_BAL_BUF,BUF,BAL,False,1.5,50.5,24.5,26.0,UNDERDOG,CLOSE,HIGH,POSITIVE,NEUTRAL,64.0,MEDIUM,From schedules.csv spread_line/total_line.
2025,1,,T.Tracy,NYG,,RB,,,,,,,,,,,,,,,MISSING,No schedule game matched team/opponent.
2025,1,,P.Washington,JAX,,WR,,,,,,,,,,,,,,,MISSING,No schedule game matched team/opponent.
2025,1,,T.Atwell,LA,,WR,,,,,,,,,,,,,,,MISSING,No schedule game matched team/opponent.
2025,1,,J.McClellan,ATL,,RB,,,,,,,,,,,,,,,MISSING,No schedule game matched team/opponent.
2025,1,,J.McMillan,TB,,WR,,,,,,,,,,,,,,,MISSING,No schedule game matched team/opponent.
2025,1,,N.Chubb,CLE,,RB,,,,,,,,,,,,,,,MISSING,No schedule game matched team/opponent.
2025,1,,O.Zaccheaus,WAS,,WR,,,,,,,,,,,,,,,MISSING,No schedule game matched team/opponent.
2025,1,,C.Moore,TEN,,WR,,,,,,,,,,,,,,,MISSING,No schedule game matched team/opponent.
2025,1,,K.Lassiter,CIN,,WR,,,,,,,,,,,,,,,MISSING,No schedule game matched team/opponent.
2025,1,,J.Reed,GB,,WR,,,,,,,,,,,,,,,MISSING,No schedule game matched team/opponent.
2025,1,,S.McCormick,LV,,RB,,,,,,,,,,,,,,,MISSING,No schedule game matched team/opponent.
2025,1,,K.Doss,LAC,,WR,,,,,,,,,,,,,,,MISSING,No schedule game matched team/opponent.
2025,1,,J.Metchie,HOU,,WR,,,,,,,,,,,,,,,MISSING,No schedule game matched team/opponent.
2025,1,,C.Kirk,JAX,,WR,,,,,,,,,,,,,,,MISSING,No schedule game matched team/opponent.
2025,1,,J.Williams,DEN,,RB,,,,,,,,,,,,,,,MISSING,No schedule game matched team/opponent.
2025,1,,N.Westbrook-Ikhine,TEN,,WR,,,,,,,,,,,,,,,MISSING,No schedule game matched team/opponent.
2025,1,,B.Tremayne,WAS,,WR,,,,,,,,,,,,,,,MISSING,No schedule game matched team/opponent.
2025,1,,J.Whittington,LA,,WR,,,,,,,,,,,,,,,MISSING,No schedule game matched team/opponent.
2025,1,,T.Jackson,MIN,,WR,,,,,,,,,,,,,,,MISSING,No schedule game matched team/opponent.
2025,1,00-0036442,J.Burrow,CIN,PIT,QB,,,,,,,,,,,,,,,MISSING,No schedule game matched team/opponent.
2025,1,,A.Brown,PHI,,WR,,,,,,,,,,,,,,,MISSING,No schedule game matched team/opponent.
2025,1,,I.Pacheco,KC,,RB,,,,,,,,,,,,,,,MISSING,No schedule game matched team/opponent.
2025,1,,E.Moore,CLE,,WR,,,,,,,,,,,,,,,MISSING,No schedule game matched team/opponent.
2025,1,,M.Strachan,CAR,,WR,,,,,,,,,,,,,,,MISSING,No schedule game matched team/opponent.
2025,1,,C.Okonkwo,TEN,,TE,,,,,,,,,,,,,,,MISSING,No schedule game matched team/opponent.
2025,1,,C.Austin,PIT,,WR,,,,,,,,,,,,,,,MISSING,No schedule game matched team/opponent.
2025,1,,Mi.Wilson,ARI,,WR,,,,,,,,,,,,,,,MISSING,No schedule game matched team/opponent.
2025,1,,R.Doubs,GB,,WR,,,,,,,,,,,,,,,MISSING,No schedule game matched team/opponent.
2025,1,,T.Taylor,SF,,WR,,,,,,,,,,,,,,,MISSING,No schedule game matched team/opponent.
2025,1,,Z.Moss,CIN,,RB,,,,,,,,,,,,,,,MISSING,No schedule game matched team/opponent.
2025,1,,A.Bachman,LV,,WR,,,,,,,,,,,,,,,MISSING,No schedule game matched team/opponent.
2025,1,,R.Cracraft,MIA,,WR,,,,,,,,,,,,,,,MISSING,No schedule game matched team/opponent.
2025,1,,T.Jones,ARI,,RB,,,,,,,,,,,,,,,MISSING,No schedule game matched team/opponent.
2025,1,,B.Nix,DEN,BUF,QB,,,,,,,,,,,,,,,MISSING,No schedule game matched team/opponent.
2025,1,,B.Skowronek,PIT,,WR,,,,,,,,,,,,,,,MISSING,No schedule game matched team/opponent.
2025,1,,D.Douglas,NE,,WR,,,,,,,,,,,,,,,MISSING,No schedule game matched team/opponent.
2025,1,,T.Dell,HOU,,WR,,,,,,,,,,,,,,,MISSING,No schedule game matched team/opponent.
2025,1,,J.Hurts,PHI,KC,QB,,,,,,,,,,,,,,,MISSING,No schedule game matched team/opponent.
2025,1,,A.Lazard,NYJ,,WR,,,,,,,,,,,,,,,MISSING,No schedule game matched team/opponent.
2025,1,,Z.Jones,ARI,,WR,,,,,,,,,,,,,,,MISSING,No schedule game matched team/opponent.
2025,1,,A.Trammell,JAX,,WR,,,,,,,,,,,,,,,MISSING,No schedule game matched team/opponent.
2025,1,,A.Richardson,IND,TEN,QB,,,,,,,,,,,,,,,MISSING,No schedule game matched team/opponent.
2025,1,,D.Robinson,LA,,WR,,,,,,,,,,,,,,,MISSING,No schedule game matched team/opponent.
2025,1,,T.Hockenson,MIN,,TE,,,,,,,,,,,,,,,MISSING,No schedule game matched team/opponent.
2025,1,,J.Ford,CLE,,RB,,,,,,,,,,,,,,,MISSING,No schedule game matched team/opponent.
2025,1,,T.Higbee,LA,,TE,,,,,,,,,,,,,,,MISSING,No schedule game matched team/opponent.
2025,1,,C.Edmonds,TB,,RB,,,,,,,,,,,,,,,MISSING,No schedule game matched team/opponent.
2025,1,,D.Montgomery,IND,,WR,,,,,,,,,,,,,,,MISSING,No schedule game matched team/opponent.
2025,1,,T.Tucker,LV,,WR,,,,,,,,,,,,,,,MISSING,No schedule game matched team/opponent.
2025,1,,K.Raymond,DET,,WR,,,,,,,,,,,,,,,MISSING,No schedule game matched team/opponent.
2025,1,,R.Odunze,CHI,,WR,,,,,,,,,,,,,,,MISSING,No schedule game matched team/opponent.
2025,1,,E.Elliott,DAL,,RB,,,,,,,,,,,,,,,MISSING,No schedule game matched team/opponent.
2025,1,,J.Proche,CLE,,WR,,,,,,,,,,,,,,,MISSING,No schedule game matched team/opponent.
2025,1,,M.Carter,ARI,,RB,,,,,,,,,,,,,,,MISSING,No schedule game matched team/opponent.
2025,1,,X.Legette,CAR,,WR,,,,,,,,,,,,,,,MISSING,No schedule game matched team/opponent.
2025,1,,D.Smith,PHI,,WR,,,,,,,,,,,,,,,MISSING,No schedule game matched team/opponent.
2025,1,,C.Wilson,NO,,WR,,,,,,,,,,,,,,,MISSING,No schedule game matched team/opponent.
2025,1,,T.Spears,TEN,,RB,,,,,,,,,,,,,,,MISSING,No schedule game matched team/opponent.
2025,1,,A.Dillon,GB,,RB,,,,,,,,,,,,,,,MISSING,No schedule game matched team/opponent.
2025,1,,D.Davis,LAC,,WR,,,,,,,,,,,,,,,MISSING,No schedule game matched team/opponent.
2025,1,,M.Williams,PIT,,WR,,,,,,,,,,,,,,,MISSING,No schedule game matched team/opponent.
2025,1,,J.Burrow,CIN,PIT,QB,,,,,,,,,,,,,,,MISSING,No schedule game matched team/opponent.
2025,1,,K.Wilkerson,LV,,WR,,,,,,,,,,,,,,,MISSING,No schedule game matched team/opponent.
2025,1,,L.Fournette,BUF,,RB,,,,,,,,,,,,,,,MISSING,No schedule game matched team/opponent.
2025,1,,J.Agnew,JAX,,WR,,,,,,,,,,,,,,,MISSING,No schedule game matched team/opponent.
2025,1,,W.Snead,SF,,WR,,,,,,,,,,,,,,,MISSING,No schedule game matched team/opponent.
2025,1,,B.Means,NO,,WR,,,,,,,,,,,,,,,MISSING,No schedule game matched team/opponent.
2025,1,,H.Renfrow,LV,,WR,,,,,,,,,,,,,,,MISSING,No schedule game matched team/opponent.
2025,1,,J.Funk,IND,,RB,,,,,,,,,,,,,,,MISSING,No schedule game matched team/opponent.
2025,1,,G.Edwards,LAC,,RB,,,,,,,,,,,,,,,MISSING,No schedule game matched team/opponent.
2025,1,,J.Johnson,NO,,TE,,,,,,,,,,,,,,,MISSING,No schedule game matched team/opponent.
2025,1,,M.Thomas,NO,,WR,,,,,,,,,,,,,,,MISSING,No schedule game matched team/opponent.
2025,1,,D.Mooney,ATL,,WR,,,,,,,,,,,,,,,MISSING,No schedule game matched team/opponent.
2025,1,,S.Zylstra,DET,,TE,,,,,,,,,,,,,,,MISSING,No schedule game matched team/opponent.
2025,1,,I.Hodgins,NYG,,WR,,,,,,,,,,,,,,,MISSING,No schedule game matched team/opponent.
2025,1,,L.Perine,KC,,RB,,,,,,,,,,,,,,,MISSING,No schedule game matched team/opponent.
2025,1,,Z.Charbonnet,SEA,,RB,,,,,,,,,,,,,,,MISSING,No schedule game matched team/opponent.
2025,1,,T.Lockett,SEA,,WR,,,,,,,,,,,,,,,MISSING,No schedule game matched team/opponent.
2025,1,00-0034796,L.Jackson,BAL,BUF,QB,2025_01_BAL_BUF,BUF,BAL,False,1.5,50.5,24.5,26.0,UNDERDOG,CLOSE,HIGH,POSITIVE,NEUTRAL,64.0,MEDIUM,From schedules.csv spread_line/total_line.
2025,1,,J.Warren,PIT,,RB,,,,,,,,,,,,,,,MISSING,No schedule game matched team/opponent.
2025,1,,N.Fant,SEA,,TE,,,,,,,,,,,,,,,MISSING,No schedule game matched team/opponent.
2025,1,,E.Hull,IND,,RB,,,,,,,,,,,,,,,MISSING,No schedule game matched team/opponent.
2025,1,,A.Mattison,LV,,RB,,,,,,,,,,,,,,,MISSING,No schedule game matched team/opponent.
2025,1,,K.Kirkwood,NO,,WR,,,,,,,,,,,,,,,MISSING,No schedule game matched team/opponent.
2025,1,,L.Murray,BUF,,RB,,,,,,,,,,,,,,,MISSING,No schedule game matched team/opponent.
2025,1,,K.Coleman,BUF,,WR,,,,,,,,,,,,,,,MISSING,No schedule game matched team/opponent.
2025,1,,J.Akins,CLE,,TE,,,,,,,,,,,,,,,MISSING,No schedule game matched team/opponent.
2025,1,,Z.Flowers,BAL,,WR,,,,,,,,,,,,,,,MISSING,No schedule game matched team/opponent.
2025,1,,T.Johnson,LA,,WR,,,,,,,,,,,,,,,MISSING,No schedule game matched team/opponent.
2025,1,,J.McLaughlin,DEN,,RB,,,,,,,,,,,,,,,MISSING,No schedule game matched team/opponent.
2025,1,,M.Jones,DET,,WR,,,,,,,,,,,,,,,MISSING,No schedule game matched team/opponent.
2025,1,,B.Oliver,TEN,,WR,,,,,,,,,,,,,,,MISSING,No schedule game matched team/opponent.
2025,1,,D.Singletary,NYG,,RB,,,,,,,,,,,,,,,MISSING,No schedule game matched team/opponent.
2025,1,,R.Bateman,BAL,,WR,,,,,,,,,,,,,,,MISSING,No schedule game matched team/opponent.
2025,1,,D.Henderson,LA,,RB,,,,,,,,,,,,,,,MISSING,No schedule game matched team/opponent.
2025,1,,T.Conklin,NYJ,,TE,,,,,,,,,,,,,,,MISSING,No schedule game matched team/opponent.
2025,1,,D.Harris,BUF,,RB,,,,,,,,,,,,,,,MISSING,No schedule game matched team/opponent.
2025,1,,A.Ekeler,WAS,,RB,,,,,,,,,,,,,,,MISSING,No schedule game matched team/opponent.
2025,1,,K.Philips,TEN,,WR,,,,,,,,,,,,,,,MISSING,No schedule game matched team/opponent.
2025,1,,B.Cooks,DAL,,WR,,,,,,,,,,,,,,,MISSING,No schedule game matched team/opponent.
2025,1,,E.All,CIN,,TE,,,,,,,,,,,,,,,MISSING,No schedule game matched team/opponent.
2025,1,,C.Samuel,BUF,,WR,,,,,,,,,,,,,,,MISSING,No schedule game matched team/opponent.
2025,1,,D.Gore,WAS,,RB,,,,,,,,,,,,,,,MISSING,No schedule game matched team/opponent.
2025,1,,D.Wicks,GB,,WR,,,,,,,,,,,,,,,MISSING,No schedule game matched team/opponent.
2025,1,,R.Jarrett,TB,,WR,,,,,,,,,,,,,,,MISSING,No schedule game matched team/opponent.
2025,1,,T.Scott,CHI,,WR,,,,,,,,,,,,,,,MISSING,No schedule game matched team/opponent.
2025,1,00-0034869,S.Darnold,MIN,LA,QB,,,,,,,,,,,,,,,MISSING,No schedule game matched team/opponent.
2025,1,,R.Freeman,LA,,RB,,,,,,,,,,,,,,,MISSING,No schedule game matched team/opponent.
2025,1,,R.Mostert,MIA,,RB,,,,,,,,,,,,,,,MISSING,No schedule game matched team/opponent.
2025,1,,D.Culp,TB,,TE,,,,,,,,,,,,,,,MISSING,No schedule game matched team/opponent.
2025,1,,G.Smith,SEA,LA,QB,,,,,,,,,,,,,,,MISSING,No schedule game matched team/opponent.
2025,1,,B.Powell,MIN,,WR,,,,,,,,,,,,,,,MISSING,No schedule game matched team/opponent.
2025,1,,B.Bolden,LV,,RB,,,,,,,,,,,,,,,MISSING,No schedule game matched team/opponent.
2025,1,,A.Estime,DEN,,RB,,,,,,,,,,,,,,,MISSING,No schedule game matched team/opponent.
2025,1,,J.Brownlee,NYJ,,WR,,,,,,,,,,,,,,,MISSING,No schedule game matched team/opponent.
2025,1,,R.McCloud,ATL,,WR,,,,,,,,,,,,,,,MISSING,No schedule game matched team/opponent.
2025,1,,T.Wallace,BAL,,WR,,,,,,,,,,,,,,,MISSING,No schedule game matched team/opponent.
2025,1,00-0039910,J.Daniels,WAS,PHI,QB,,,,,,,,,,,,,,,MISSING,No schedule game matched team/opponent.
2025,1,,I.Williams,CIN,,WR,,,,,,,,,,,,,,,MISSING,No schedule game matched team/opponent.
2025,1,,R.Davis,BUF,,RB,,,,,,,,,,,,,,,MISSING,No schedule game matched team/opponent.
2025,1,,E.St. Brown,CHI,,WR,,,,,,,,,,,,,,,MISSING,No schedule game matched team/opponent.
2025,1,,L.Shenault,SEA,,WR,,,,,,,,,,,,,,,MISSING,No schedule game matched team/opponent.
2025,1,,E.Mitchell,SF,,RB,,,,,,,,,,,,,,,MISSING,No schedule game matched team/opponent.
2025,1,,D.Duvernay,JAX,,WR,,,,,,,,,,,,,,,MISSING,No schedule game matched team/opponent.
2025,1,,C.Conley,SF,,WR,,,,,,,,,,,,,,,MISSING,No schedule game matched team/opponent.
2025,1,,R.Penny,PHI,,RB,,,,,,,,,,,,,,,MISSING,No schedule game matched team/opponent.
2025,1,,K.Bourne,NE,,WR,,,,,,,,,,,,,,,MISSING,No schedule game matched team/opponent.
2025,1,,K.Hodge,ATL,,WR,,,,,,,,,,,,,,,MISSING,No schedule game matched team/opponent.
2025,1,,J.Guyton,LAC,,WR,,,,,,,,,,,,,,,MISSING,No schedule game matched team/opponent.
2025,1,,A.Gibson,NE,,RB,,,,,,,,,,,,,,,MISSING,No schedule game matched team/opponent.
2025,1,,R.Cobb,NYJ,,WR,,,,,,,,,,,,,,,MISSING,No schedule game matched team/opponent.
2025,1,,C.Akers,MIN,,RB,,,,,,,,,,,,,,,MISSING,No schedule game matched team/opponent.
2025,1,,J.Tolbert,DAL,,WR,,,,,,,,,,,,,,,MISSING,No schedule game matched team/opponent.
2025,1,,M.Kinsey,TEN,,WR,,,,,,,,,,,,,,,MISSING,No schedule game matched team/opponent.
2025,1,,M.Goodwin,CLE,,WR,,,,,,,,,,,,,,,MISSING,No schedule game matched team/opponent.
2025,1,,T.Boyd,TEN,,WR,,,,,,,,,,,,,,,MISSING,No schedule game matched team/opponent.
2025,1,,D.Peoples-Jones,DET,,WR,,,,,,,,,,,,,,,MISSING,No schedule game matched team/opponent.
2025,1,,V.Jefferson,PIT,,WR,,,,,,,,,,,,,,,MISSING,No schedule game matched team/opponent.
2025,1,,D.Parker,NE,,WR,,,,,,,,,,,,,,,MISSING,No schedule game matched team/opponent.
2025,1,,J.Milton,NE,BUF,QB,,,,,,,,,,,,,,,MISSING,No schedule game matched team/opponent.
2025,1,,D.Pettis,NO,,WR,,,,,,,,,,,,,,,MISSING,No schedule game matched team/opponent.
2025,1,,D.Thompkins,CAR,,WR,,,,,,,,,,,,,,,MISSING,No schedule game matched team/opponent.
2025,1,,S.Smartt,LAC,,TE,,,,,,,,,,,,,,,MISSING,No schedule game matched team/opponent.
2025,1,,T.Kelce,KC,,TE,,,,,,,,,,,,,,,MISSING,No schedule game matched team/opponent.
2025,1,,K.Austin,NO,,WR,,,,,,,,,,,,,,,MISSING,No schedule game matched team/opponent.
2025,1,,J.Crowder,WAS,,WR,,,,,,,,,,,,,,,MISSING,No schedule game matched team/opponent.
2025,1,,D.Sample,CIN,,TE,,,,,,,,,,,,,,,MISSING,No schedule game matched team/opponent.
2025,1,,D.Foreman,CLE,,RB,,,,,,,,,,,,,,,MISSING,No schedule game matched team/opponent.
2025,1,,S.Darnold,MIN,LA,QB,,,,,,,,,,,,,,,MISSING,No schedule game matched team/opponent.
2025,1,00-0030565,G.Smith,SEA,LA,QB,,,,,,,,,,,,,,,MISSING,No schedule game matched team/opponent.
2025,1,,J.Bobo,SEA,,WR,,,,,,,,,,,,,,,MISSING,No schedule game matched team/opponent.
2025,1,,D.Pierce,HOU,,RB,,,,,,,,,,,,,,,MISSING,No schedule game matched team/opponent.
2025,1,,J.Reagor,LAC,,WR,,,,,,,,,,,,,,,MISSING,No schedule game matched team/opponent.
2025,1,,E.Demercado,ARI,,RB,,,,,,,,,,,,,,,MISSING,No schedule game matched team/opponent.
2025,1,,D.Turner,LV,,WR,,,,,,,,,,,,,,,MISSING,No schedule game matched team/opponent.
2025,1,,F.Moreau,NO,,TE,,,,,,,,,,,,,,,MISSING,No schedule game matched team/opponent.
2025,1,,D.Jones,NYG,CAR,QB,,,,,,,,,,,,,,,MISSING,No schedule game matched team/opponent.
2025,1,,D.Cook,DAL,,RB,,,,,,,,,,,,,,,MISSING,No schedule game matched team/opponent.
2025,1,,M.Gallup,DAL,,WR,,,,,,,,,,,,,,,MISSING,No schedule game matched team/opponent.
2025,1,,J.Hill,BAL,,RB,,,,,,,,,,,,,,,MISSING,No schedule game matched team/opponent.
2025,1,,T.Patrick,DET,,WR,,,,,,,,,,,,,,,MISSING,No schedule game matched team/opponent.
2025,1,,J.Allen,BUF,KC,QB,,,,,,,,,,,,,,,MISSING,No schedule game matched team/opponent.
2025,1,,D.Vele,DEN,,WR,,,,,,,,,,,,,,,MISSING,No schedule game matched team/opponent.
2025,1,,X.Smith,LA,,WR,,,,,,,,,,,,,,,MISSING,No schedule game matched team/opponent.
2025,1,,M.Hollins,BUF,,WR,,,,,,,,,,,,,,,MISSING,No schedule game matched team/opponent.
2025,1,,T.Hudson,CIN,,TE,,,,,,,,,,,,,,,MISSING,No schedule game matched team/opponent.
2025,1,,K.Harris,NE,,RB,,,,,,,,,,,,,,,MISSING,No schedule game matched team/opponent.
2025,1,00-0037834,B.Purdy,SF,DET,QB,,,,,,,,,,,,,,,MISSING,No schedule game matched team/opponent.
2025,1,,M.Taylor,NYJ,,WR,,,,,,,,,,,,,,,MISSING,No schedule game matched team/opponent.
2025,1,,Em.Wilson,GB,,RB,,,,,,,,,,,,,,,MISSING,No schedule game matched team/opponent.
2025,1,,C.Claypool,MIA,,WR,,,,,,,,,,,,,,,MISSING,No schedule game matched team/opponent.
2025,1,,R.Woods,HOU,,WR,,,,,,,,,,,,,,,MISSING,No schedule game matched team/opponent.
2025,1,,R.Wilson,PIT,BAL,QB,,,,,,,,,,,,,,,MISSING,No schedule game matched team/opponent.
2025,1,,S.Morgan,CIN,,WR,,,,,,,,,,,,,,,MISSING,No schedule game matched team/opponent.
2025,1,,M.Tipton,NO,,WR,,,,,,,,,,,,,,,MISSING,No schedule game matched team/opponent.
2025,1,,Z.White,LV,,RB,,,,,,,,,,,,,,,MISSING,No schedule game matched team/opponent.
2025,1,,T.Johnson,NYG,,TE,,,,,,,,,,,,,,,MISSING,No schedule game matched team/opponent.
2025,1,,N.Remigio,KC,,WR,,,,,,,,,,,,,,,MISSING,No schedule game matched team/opponent.
2025,1,,K.Mitchell,BAL,,RB,,,,,,,,,,,,,,,MISSING,No schedule game matched team/opponent.
2025,1,,D.Goedert,PHI,,TE,,,,,,,,,,,,,,,MISSING,No schedule game matched team/opponent.
2025,1,,B.Pringle,WAS,,WR,,,,,,,,,,,,,,,MISSING,No schedule game matched team/opponent.
2025,1,,B.Strange,JAX,,TE,,,,,,,,,,,,,,,MISSING,No schedule game matched team/opponent.
2025,1,,S.Fehoko,LAC,,WR,,,,,,,,,,,,,,,MISSING,No schedule game matched team/opponent.
2025,1,,B.Scott,PHI,,RB,,,,,,,,,,,,,,,MISSING,No schedule game matched team/opponent.
2025,1,,D.Chisena,CAR,,WR,,,,,,,,,,,,,,,MISSING,No schedule game matched team/opponent.
2025,1,00-0039732,B.Nix,DEN,BUF,QB,,,,,,,,,,,,,,,MISSING,No schedule game matched team/opponent.
2025,1,,I.McKenzie,IND,,WR,,,,,,,,,,,,,,,MISSING,No schedule game matched team/opponent.
2025,1,,M.Boykin,PIT,,WR,,,,,,,,,,,,,,,MISSING,No schedule game matched team/opponent.
2025,1,,C.Grandy,CIN,,TE,,,,,,,,,,,,,,,MISSING,No schedule game matched team/opponent.
2025,1,,T.Sermon,IND,,RB,,,,,,,,,,,,,,,MISSING,No schedule game matched team/opponent.
2025,1,,T.Jones,JAX,,WR,,,,,,,,,,,,,,,MISSING,No schedule game matched team/opponent.
2025,1,,E.Dotson,LAC,,RB,,,,,,,,,,,,,,,MISSING,No schedule game matched team/opponent.
2025,1,,X.Hutchinson,HOU,,WR,,,,,,,,,,,,,,,MISSING,No schedule game matched team/opponent.
2025,1,,L.Thomas,WAS,,TE,,,,,,,,,,,,,,,MISSING,No schedule game matched team/opponent.
2025,1,,K.Turpin,DAL,,WR,,,,,,,,,,,,,,,MISSING,No schedule game matched team/opponent.
2025,1,,S.Shepard,TB,,WR,,,,,,,,,,,,,,,MISSING,No schedule game matched team/opponent.
2025,1,,S.Ahmed,MIA,,RB,,,,,,,,,,,,,,,MISSING,No schedule game matched team/opponent.
2025,1,,D.Williams,ARI,,RB,,,,,,,,,,,,,,,MISSING,No schedule game matched team/opponent.
2025,1,,S.Jackson,CIN,,WR,,,,,,,,,,,,,,,MISSING,No schedule game matched team/opponent.
2025,1,,M.Sanders,CAR,,RB,,,,,,,,,,,,,,,MISSING,No schedule game matched team/opponent.
2025,1,,D.Waller,NYG,,TE,,,,,,,,,,,,,,,MISSING,No schedule game matched team/opponent.
2025,1,,J.Flacco,IND,JAX,QB,,,,,,,,,,,,,,,MISSING,No schedule game matched team/opponent.
2025,1,,J.McKinnon,KC,,RB,,,,,,,,,,,,,,,MISSING,No schedule game matched team/opponent.
2025,1,,W.Dissly,LAC,,TE,,,,,,,,,,,,,,,MISSING,No schedule game matched team/opponent.
2025,1,,S.Miller,PIT,,WR,,,,,,,,,,,,,,,MISSING,No schedule game matched team/opponent.
2025,1,,C.Evans,CIN,,RB,,,,,,,,,,,,,,,MISSING,No schedule game matched team/opponent.
2025,1,,T.Kraft,GB,,TE,,,,,,,,,,,,,,,MISSING,No schedule game matched team/opponent.
2025,1,,M.Heath,GB,,WR,,,,,,,,,,,,,,,MISSING,No schedule game matched team/opponent.
2025,1,,E.Cooks,JAX,,WR,,,,,,,,,,,,,,,MISSING,No schedule game matched team/opponent.
2025,1,,I.Guerendo,SF,,RB,,,,,,,,,,,,,,,MISSING,No schedule game matched team/opponent.
2025,1,,D.Slayton,NYG,,WR,,,,,,,,,,,,,,,MISSING,No schedule game matched team/opponent.
2025,1,,D.Vaughn,DAL,,RB,,,,,,,,,,,,,,,MISSING,No schedule game matched team/opponent.
2025,1,,J.Smith-Schuster,KC,,WR,,,,,,,,,,,,,,,MISSING,No schedule game matched team/opponent.
2025,1,,L.Humphrey,DEN,,WR,,,,,,,,,,,,,,,MISSING,No schedule game matched team/opponent.
2025,1,,Ju.Watson,KC,,WR,,,,,,,,,,,,,,,MISSING,No schedule game matched team/opponent.
2025,1,,I.Spiller,LAC,,RB,,,,,,,,,,,,,,,MISSING,No schedule game matched team/opponent.
2025,1,,J.Reynolds,JAX,,WR,,,,,,,,,,,,,,,MISSING,No schedule game matched team/opponent.
2025,1,,C.Edwards-Helaire,NO,,RB,,,,,,,,,,,,,,,MISSING,No schedule game matched team/opponent.
2025,1,,R.Flournoy,DAL,,WR,,,,,,,,,,,,,,,MISSING,No schedule game matched team/opponent.
2025,1,,G.Davis,JAX,,WR,,,,,,,,,,,,,,,MISSING,No schedule game matched team/opponent.
2025,1,00-0026158,J.Flacco,IND,JAX,QB,,,,,,,,,,,,,,,MISSING,No schedule game matched team/opponent.
2025,1,,Z.Evans,LA,,RB,,,,,,,,,,,,,,,MISSING,No schedule game matched team/opponent.
2025,1,,D.Moore,CAR,,WR,,,,,,,,,,,,,,,MISSING,No schedule game matched team/opponent.
2025,1,,D.Ozigbo,DET,,RB,,,,,,,,,,,,,,,MISSING,No schedule game matched team/opponent.
2025,1,,A.Miller,BAL,,WR,,,,,,,,,,,,,,,MISSING,No schedule game matched team/opponent.
2025,1,,A.Green,DET,,WR,,,,,,,,,,,,,,,MISSING,No schedule game matched team/opponent.
2025,1,,C.Rodriguez,WAS,,RB,,,,,,,,,,,,,,,MISSING,No schedule game matched team/opponent.
2025,1,00-0029263,R.Wilson,PIT,BAL,QB,,,,,,,,,,,,,,,MISSING,No schedule game matched team/opponent.
2025,1,,C.Thompson,TB,,WR,,,,,,,,,,,,,,,MISSING,No schedule game matched team/opponent.
2025,1,,T.Marshall,LV,,WR,,,,,,,,,,,,,,,MISSING,No schedule game matched team/opponent.
2025,1,,K.Davis,CLE,,WR,,,,,,,,,,,,,,,MISSING,No schedule game matched team/opponent.
2025,1,,J.Ferguson,DAL,,TE,,,,,,,,,,,,,,,MISSING,No schedule game matched team/opponent.
2025,1,,A.Hooper,NE,,TE,,,,,,,,,,,,,,,MISSING,No schedule game matched team/opponent.
2025,1,,A.Cooper,BUF,,WR,,,,,,,,,,,,,,,MISSING,No schedule game matched team/opponent.
2025,1,,T.Badie,DEN,,RB,,,,,,,,,,,,,,,MISSING,No schedule game matched team/opponent.
2025,1,,G.DuBose,MIA,,WR,,,,,,,,,,,,,,,MISSING,No schedule game matched team/opponent.
2025,1,,J.Darden,SEA,,WR,,,,,,,,,,,,,,,MISSING,No schedule game matched team/opponent.
2025,1,00-0034857,J.Allen,BUF,KC,QB,,,,,,,,,,,,,,,MISSING,No schedule game matched team/opponent.
2025,1,,T.Jennings,NE,,RB,,,,,,,,,,,,,,,MISSING,No schedule game matched team/opponent.
2025,1,,S.Toure,GB,,WR,,,,,,,,,,,,,,,MISSING,No schedule game matched team/opponent.
2025,1,,R.Miller,TB,,WR,,,,,,,,,,,,,,,MISSING,No schedule game matched team/opponent.
2025,1,,N.Muse,MIN,,TE,,,,,,,,,,,,,,,MISSING,No schedule game matched team/opponent.
2025,1,,I.Abanikanda,NYJ,,RB,,,,,,,,,,,,,,,MISSING,No schedule game matched team/opponent.
2025,1,,J.Brooks,DAL,,WR,,,,,,,,,,,,,,,MISSING,No schedule game matched team/opponent.
2025,1,,R.Johnson,CHI,,RB,,,,,,,,,,,,,,,MISSING,No schedule game matched team/opponent.
2025,1,,L.McCaffrey,WAS,,WR,,,,,,,,,,,,,,,MISSING,No schedule game matched team/opponent.
2025,1,,B.Allen,NYJ,,RB,,,,,,,,,,,,,,,MISSING,No schedule game matched team/opponent.
2025,1,,T.McAllister,LV,,WR,,,,,,,,,,,,,,,MISSING,No schedule game matched team/opponent.
2025,1,,H.Henry,NE,,TE,,,,,,,,,,,,,,,MISSING,No schedule game matched team/opponent.
2025,1,,K.Miller,NO,,RB,,,,,,,,,,,,,,,MISSING,No schedule game matched team/opponent.
2025,1,,Q.Watkins,PHI,,WR,,,,,,,,,,,,,,,MISSING,No schedule game matched team/opponent.
2025,1,,B.Purdy,SF,DET,QB,,,,,,,,,,,,,,,MISSING,No schedule game matched team/opponent.
2025,1,,A.Smith,PHI,,WR,,,,,,,,,,,,,,,MISSING,No schedule game matched team/opponent.
2025,1,,B.Watson,DEN,,RB,,,,,,,,,,,,,,,MISSING,No schedule game matched team/opponent.
2025,1,,M.Hardman,KC,,WR,,,,,,,,,,,,,,,MISSING,No schedule game matched team/opponent.
2025,1,,D.Maye,NE,BUF,QB,,,,,,,,,,,,,,,MISSING,No schedule game matched team/opponent.
2025,1,,J.Whyle,TEN,,TE,,,,,,,,,,,,,,,MISSING,No schedule game matched team/opponent.
2025,1,,C.Blair,ATL,,WR,,,,,,,,,,,,,,,MISSING,No schedule game matched team/opponent.
2025,1,,J.Fields,PIT,BAL,QB,,,,,,,,,,,,,,,MISSING,No schedule game matched team/opponent.
2025,1,,A.Baccellia,ARI,,WR,,,,,,,,,,,,,,,MISSING,No schedule game matched team/opponent.
2025,1,,C.Otton,TB,,TE,,,,,,,,,,,,,,,MISSING,No schedule game matched team/opponent.
2025,1,,K.Gainwell,PHI,,RB,,,,,,,,,,,,,,,MISSING,No schedule game matched team/opponent.
2025,1,,T.Tagovailoa,MIA,SF,QB,,,,,,,,,,,,,,,MISSING,No schedule game matched team/opponent.
2025,1,,D.Schultz,HOU,,TE,,,,,,,,,,,,,,,MISSING,No schedule game matched team/opponent.
2025,1,,Z.Knight,DET,,RB,,,,,,,,,,,,,,,MISSING,No schedule game matched team/opponent.
2025,1,,T.Benson,ARI,,RB,,,,,,,,,,,,,,,MISSING,No schedule game matched team/opponent.
2025,1,,J.Jackson,NO,,WR,,,,,,,,,,,,,,,MISSING,No schedule game matched team/opponent.
2025,1,,T.Franklin,DEN,,WR,,,,,,,,,,,,,,,MISSING,No schedule game matched team/opponent.
2025,1,,J.Williams,WAS,,RB,,,,,,,,,,,,,,,MISSING,No schedule game matched team/opponent.
2025,1,,A.Barner,SEA,,TE,,,,,,,,,,,,,,,MISSING,No schedule game matched team/opponent.
2025,1,,M.Alexander,DET,,WR,,,,,,,,,,,,,,,MISSING,No schedule game matched team/opponent.
2025,1,,H.Bryant,LV,,TE,,,,,,,,,,,,,,,MISSING,No schedule game matched team/opponent.
2025,1,,K.Herbert,CIN,,RB,,,,,,,,,,,,,,,MISSING,No schedule game matched team/opponent.
2025,1,,S.Rattler,NO,TB,QB,,,,,,,,,,,,,,,MISSING,No schedule game matched team/opponent.
2025,1,,D.Hopkins,KC,,WR,,,,,,,,,,,,,,,MISSING,No schedule game matched team/opponent.
2025,1,,X.Gipson,NYJ,,WR,,,,,,,,,,,,,,,MISSING,No schedule game matched team/opponent.
2025,1,,A.Mitchell,IND,,WR,,,,,,,,,,,,,,,MISSING,No schedule game matched team/opponent.
2025,1,,J.Wright,MIA,,RB,,,,,,,,,,,,,,,MISSING,No schedule game matched team/opponent.
2025,1,,O.Beckham,MIA,,WR,,,,,,,,,,,,,,,MISSING,No schedule game matched team/opponent.
2025,1,,J.Kibodi,CLE,,RB,,,,,,,,,,,,,,,MISSING,No schedule game matched team/opponent.
2025,1,,A.Abdullah,LV,,RB,,,,,,,,,,,,,,,MISSING,No schedule game matched team/opponent.
2025,1,,T.Palmer,TB,,WR,,,,,,,,,,,,,,,MISSING,No schedule game matched team/opponent.
2025,1,,M.Woods,CLE,,WR,,,,,,,,,,,,,,,MISSING,No schedule game matched team/opponent.
2025,1,,M.Andrews,BAL,,TE,,,,,,,,,,,,,,,MISSING,No schedule game matched team/opponent.
2025,1,,B.Covey,PHI,,WR,,,,,,,,,,,,,,,MISSING,No schedule game matched team/opponent.
2025,1,,D.Jackson,NYG,,RB,,,,,,,,,,,,,,,MISSING,No schedule game matched team/opponent.
2025,1,,A.Erickson,NE,,WR,,,,,,,,,,,,,,,MISSING,No schedule game matched team/opponent.
2025,1,,D.Johnson,HOU,,WR,,,,,,,,,,,,,,,MISSING,No schedule game matched team/opponent.
2025,1,,E.Saubert,SF,,TE,,,,,,,,,,,,,,,MISSING,No schedule game matched team/opponent.
2025,1,,K.Jackson,TEN,,WR,,,,,,,,,,,,,,,MISSING,No schedule game matched team/opponent.
2025,1,,B.Sinnott,WAS,,TE,,,,,,,,,,,,,,,MISSING,No schedule game matched team/opponent.
2025,1,,J.Jones,PHI,,WR,,,,,,,,,,,,,,,MISSING,No schedule game matched team/opponent.
2025,1,,K.Vidal,LAC,,RB,,,,,,,,,,,,,,,MISSING,No schedule game matched team/opponent.
2025,1,,M.Breida,NYG,,RB,,,,,,,,,,,,,,,MISSING,No schedule game matched team/opponent.
2025,1,,M.Brown,KC,,WR,,,,,,,,,,,,,,,MISSING,No schedule game matched team/opponent.
2025,1,,J.Robinson,GB,,RB,,,,,,,,,,,,,,,MISSING,No schedule game matched team/opponent.
2025,1,,C.Dowell,TEN,,WR,,,,,,,,,,,,,,,MISSING,No schedule game matched team/opponent.
2025,1,,P.Dorsett,DEN,,WR,,,,,,,,,,,,,,,MISSING,No schedule game matched team/opponent.
2025,1,,C.Fotheringham,LV,,TE,,,,,,,,,,,,,,,MISSING,No schedule game matched team/opponent.
2025,1,,D.Carter,CHI,,WR,,,,,,,,,,,,,,,MISSING,No schedule game matched team/opponent.
2025,1,,M.Corley,NYJ,,WR,,,,,,,,,,,,,,,MISSING,No schedule game matched team/opponent.
2025,1,,A.Dulin,IND,,WR,,,,,,,,,,,,,,,MISSING,No schedule game matched team/opponent.
2025,1,,S.Tucker,TB,,RB,,,,,,,,,,,,,,,MISSING,No schedule game matched team/opponent.
2025,1,,J.Oliver,MIN,,TE,,,,,,,,,,,,,,,MISSING,No schedule game matched team/opponent.
2025,1,,A.Rodgers,IND,,WR,,,,,,,,,,,,,,,MISSING,No schedule game matched team/opponent.
2025,1,,T.Reiman,ARI,,TE,,,,,,,,,,,,,,,MISSING,No schedule game matched team/opponent.
2025,1,,J.Winfree,IND,,WR,,,,,,,,,,,,,,,MISSING,No schedule game matched team/opponent.
2025,1,,T.Davis-Price,PHI,,RB,,,,,,,,,,,,,,,MISSING,No schedule game matched team/opponent.
2025,1,,K.Pitts,ATL,,TE,,,,,,,,,,,,,,,MISSING,No schedule game matched team/opponent.
2025,1,,G.Swaim,CLE,,TE,,,,,,,,,,,,,,,MISSING,No schedule game matched team/opponent.
2025,1,,P.Taylor,SF,,RB,,,,,,,,,,,,,,,MISSING,No schedule game matched team/opponent.
2025,1,,R.Ali,BAL,,RB,,,,,,,,,,,,,,,MISSING,No schedule game matched team/opponent.
2025,1,,J.Dotson,PHI,,WR,,,,,,,,,,,,,,,MISSING,No schedule game matched team/opponent.
2025,1,,I.Smith,HOU,,TE,,,,,,,,,,,,,,,MISSING,No schedule game matched team/opponent.
2025,1,,T.Fisk,LAC,,TE,,,,,,,,,,,,,,,MISSING,No schedule game matched team/opponent.
2025,1,,B.Hopkins,LA,,TE,,,,,,,,,,,,,,,MISSING,No schedule game matched team/opponent.
2025,1,,B.Young,CAR,ATL,QB,,,,,,,,,,,,,,,MISSING,No schedule game matched team/opponent.
2025,1,,T.Burks,TEN,,WR,,,,,,,,,,,,,,,MISSING,No schedule game matched team/opponent.
2025,1,,A.Robinson,DET,,WR,,,,,,,,,,,,,,,MISSING,No schedule game matched team/opponent.
2025,1,,B.Ford-Wheaton,NYG,,WR,,,,,,,,,,,,,,,MISSING,No schedule game matched team/opponent.
2025,1,,J.Taylor,HOU,,RB,,,,,,,,,,,,,,,MISSING,No schedule game matched team/opponent.
2025,1,,Cas.Washington,ATL,,WR,,,,,,,,,,,,,,,MISSING,No schedule game matched team/opponent.
2025,1,,N.Bawden,NYJ,,RB,,,,,,,,,,,,,,,MISSING,No schedule game matched team/opponent.
2025,1,,C.Kmet,CHI,,TE,,,,,,,,,,,,,,,MISSING,No schedule game matched team/opponent.
2025,1,,Z.Pascal,ARI,,WR,,,,,,,,,,,,,,,MISSING,No schedule game matched team/opponent.
2025,1,,D.Walker,BAL,,WR,,,,,,,,,,,,,,,MISSING,No schedule game matched team/opponent.
2025,1,,T.Huntley,MIA,NYJ,QB,,,,,,,,,,,,,,,MISSING,No schedule game matched team/opponent.
2025,1,,D.Byrd,ATL,,WR,,,,,,,,,,,,,,,MISSING,No schedule game matched team/opponent.
2025,1,,E.Higgins,ARI,,TE,,,,,,,,,,,,,,,MISSING,No schedule game matched team/opponent.
2025,1,,K.Drake,GB,,RB,,,,,,,,,,,,,,,MISSING,No schedule game matched team/opponent.
2025,1,,M.Bandy,DEN,,WR,,,,,,,,,,,,,,,MISSING,No schedule game matched team/opponent.
2025,1,,J.Shenker,LV,,TE,,,,,,,,,,,,,,,MISSING,No schedule game matched team/opponent.
2025,1,,M.Wilcox,CIN,,TE,,,,,,,,,,,,,,,MISSING,No schedule game matched team/opponent.
2025,1,,T.Chandler,MIN,,RB,,,,,,,,,,,,,,,MISSING,No schedule game matched team/opponent.
2025,1,,I.Likely,BAL,,TE,,,,,,,,,,,,,,,MISSING,No schedule game matched team/opponent.
2025,1,,D.Carr,NO,NYG,QB,,,,,,,,,,,,,,,MISSING,No schedule game matched team/opponent.
2025,1,,P.Durham,TB,,TE,,,,,,,,,,,,,,,MISSING,No schedule game matched team/opponent.
2025,1,,Ty.Johnson,BUF,,RB,,,,,,,,,,,,,,,MISSING,No schedule game matched team/opponent.
2025,1,,C.Brooks,GB,,RB,,,,,,,,,,,,,,,MISSING,No schedule game matched team/opponent.
2025,1,,D.Chark,LAC,,WR,,,,,,,,,,,,,,,MISSING,No schedule game matched team/opponent.
2025,1,,J.Graham,NO,,TE,,,,,,,,,,,,,,,MISSING,No schedule game matched team/opponent.
2025,1,,D.Johnson,JAX,,RB,,,,,,,,,,,,,,,MISSING,No schedule game matched team/opponent.
2025,1,,D.Prescott,DAL,ATL,QB,,,,,,,,,,,,,,,MISSING,No schedule game matched team/opponent.
2025,1,,R.Bell,SF,,WR,,,,,,,,,,,,,,,MISSING,No schedule game matched team/opponent.
2025,1,,R.James,KC,,WR,,,,,,,,,,,,,,,MISSING,No schedule game matched team/opponent.
2025,1,,K.McIntosh,SEA,,RB,,,,,,,,,,,,,,,MISSING,No schedule game matched team/opponent.
2025,1,,M.Lloyd,GB,,RB,,,,,,,,,,,,,,,MISSING,No schedule game matched team/opponent.
2025,1,,J.Mundt,MIN,,TE,,,,,,,,,,,,,,,MISSING,No schedule game matched team/opponent.
2025,1,,N.Agholor,BAL,,WR,,,,,,,,,,,,,,,MISSING,No schedule game matched team/opponent.
2025,1,,N.Adkins,DEN,,TE,,,,,,,,,,,,,,,MISSING,No schedule game matched team/opponent.
2025,1,,N.Vannett,TEN,,TE,,,,,,,,,,,,,,,MISSING,No schedule game matched team/opponent.
2025,1,,T.Montgomery,NE,,WR,,,,,,,,,,,,,,,MISSING,No schedule game matched team/opponent.
2025,1,,L.Treadwell,BAL,,WR,,,,,,,,,,,,,,,MISSING,No schedule game matched team/opponent.
2025,1,,P.Campbell,PHI,,WR,,,,,,,,,,,,,,,MISSING,No schedule game matched team/opponent.
2025,1,,J.Corbin,NYG,,RB,,,,,,,,,,,,,,,MISSING,No schedule game matched team/opponent.
2025,1,,M.Cunningham,NE,,WR,,,,,,,,,,,,,,,MISSING,No schedule game matched team/opponent.
2025,1,,M.Slater,NE,,WR,,,,,,,,,,,,,,,MISSING,No schedule game matched team/opponent.
2025,1,,C.Turner,WAS,,TE,,,,,,,,,,,,,,,MISSING,No schedule game matched team/opponent.
2025,1,,D.Parham,LAC,,TE,,,,,,,,,,,,,,,MISSING,No schedule game matched team/opponent.
2025,1,,J.Mitchell,DET,,TE,,,,,,,,,,,,,,,MISSING,No schedule game matched team/opponent.
2025,1,,T.Goodson,IND,,RB,,,,,,,,,,,,,,,MISSING,No schedule game matched team/opponent.
2025,1,,D.Holker,NO,,TE,,,,,,,,,,,,,,,MISSING,No schedule game matched team/opponent.
2025,1,,D.Watson,CLE,CIN,QB,2025_01_CIN_CLE,CLE,CIN,True,-5.5,47.5,26.5,21.0,FAVORITE,MODERATE,HIGH,POSITIVE,POSITIVE,58.0,MEDIUM,From schedules.csv spread_line/total_line.
2025,1,,J.Virgil,BUF,,WR,,,,,,,,,,,,,,,MISSING,No schedule game matched team/opponent.
2025,1,,I.Smith-Marsette,NYG,,WR,,,,,,,,,,,,,,,MISSING,No schedule game matched team/opponent.
2025,1,,P.Mahomes,KC,PHI,QB,,,,,,,,,,,,,,,MISSING,No schedule game matched team/opponent.
2025,1,,A.Dalton,CAR,WAS,QB,,,,,,,,,,,,,,,MISSING,No schedule game matched team/opponent.
2025,1,,M.Washington,KC,,WR,,,,,,,,,,,,,,,MISSING,No schedule game matched team/opponent.
2025,1,,T.Tremble,CAR,,TE,,,,,,,,,,,,,,,MISSING,No schedule game matched team/opponent.
2025,1,,D.Evans,CHI,,RB,,,,,,,,,,,,,,,MISSING,No schedule game matched team/opponent.
2025,1,,J.Driskel,CLE,CIN,QB,2025_01_CIN_CLE,CLE,CIN,True,-5.5,47.5,26.5,21.0,FAVORITE,MODERATE,HIGH,POSITIVE,POSITIVE,58.0,MEDIUM,From schedules.csv spread_line/total_line.
2025,1,,H.Long,LA,,TE,,,,,,,,,,,,,,,MISSING,No schedule game matched team/opponent.
2025,1,,T.Conner,MIA,,TE,,,,,,,,,,,,,,,MISSING,No schedule game matched team/opponent.
2025,1,,J.Kelley,TEN,,RB,,,,,,,,,,,,,,,MISSING,No schedule game matched team/opponent.
2025,1,,D.Knox,BUF,,TE,,,,,,,,,,,,,,,MISSING,No schedule game matched team/opponent.
2025,1,,S.Sims,BAL,,WR,,,,,,,,,,,,,,,MISSING,No schedule game matched team/opponent.
2025,1,,M.Willis,GB,CHI,QB,,,,,,,,,,,,,,,MISSING,No schedule game matched team/opponent.
2025,1,,T.Thornton,NE,,WR,,,,,,,,,,,,,,,MISSING,No schedule game matched team/opponent.
2025,1,,L.Krull,DEN,,TE,,,,,,,,,,,,,,,MISSING,No schedule game matched team/opponent.
2025,1,,C.Reynolds,DET,,RB,,,,,,,,,,,,,,,MISSING,No schedule game matched team/opponent.
2025,1,,A.Isabella,BUF,,WR,,,,,,,,,,,,,,,MISSING,No schedule game matched team/opponent.
2025,1,,M.Mayer,LV,,TE,,,,,,,,,,,,,,,MISSING,No schedule game matched team/opponent.
2025,1,,R.Rivers,LA,,RB,,,,,,,,,,,,,,,MISSING,No schedule game matched team/opponent.
2025,1,,D.Bellinger,NYG,,TE,,,,,,,,,,,,,,,MISSING,No schedule game matched team/opponent.
2025,1,,T.Irwin,CIN,,WR,,,,,,,,,,,,,,,MISSING,No schedule game matched team/opponent.
2025,1,00-0038598,J.Hall,MIN,GB,QB,,,,,,,,,,,,,,,MISSING,No schedule game matched team/opponent.
2025,1,,C.Parkinson,LA,,TE,,,,,,,,,,,,,,,MISSING,No schedule game matched team/opponent.
2025,1,,A.Trautman,DEN,,TE,,,,,,,,,,,,,,,MISSING,No schedule game matched team/opponent.
2025,1,,C.Johnson,CHI,,WR,,,,,,,,,,,,,,,MISSING,No schedule game matched team/opponent.
2025,1,,M.Barkley,JAX,CAR,QB,2025_01_CAR_JAX,JAX,CAR,True,4.5,45.5,20.5,25.0,UNDERDOG,MODERATE,MEDIUM,POSITIVE,FRAGILE,50.0,MEDIUM,From schedules.csv spread_line/total_line.
2025,1,,D.Wells,TB,,TE,,,,,,,,,,,,,,,MISSING,No schedule game matched team/opponent.
2025,1,,J.Mingo,DAL,,WR,,,,,,,,,,,,,,,MISSING,No schedule game matched team/opponent.
2025,1,,I.Davis,NYJ,,RB,,,,,,,,,,,,,,,MISSING,No schedule game matched team/opponent.
2025,1,,J.Deguara,JAX,,TE,,,,,,,,,,,,,,,MISSING,No schedule game matched team/opponent.
2025,1,,D.Harty,BAL,,WR,,,,,,,,,,,,,,,MISSING,No schedule game matched team/opponent.
2025,1,00-0036355,J.Herbert,LAC,HOU,QB,,,,,,,,,,,,,,,MISSING,No schedule game matched team/opponent.
2025,1,,J.Herbert,LAC,HOU,QB,,,,,,,,,,,,,,,MISSING,No schedule game matched team/opponent.
2025,1,,K.Granson,IND,,TE,,,,,,,,,,,,,,,MISSING,No schedule game matched team/opponent.
2025,1,,J.McNichols,WAS,,RB,,,,,,,,,,,,,,,MISSING,No schedule game matched team/opponent.
2025,1,,R.Chosen,MIA,,WR,,,,,,,,,,,,,,,MISSING,No schedule game matched team/opponent.
2025,1,,B.Wright,DET,,TE,,,,,,,,,,,,,,,MISSING,No schedule game matched team/opponent.
2025,1,,D.Washington,PIT,,TE,,,,,,,,,,,,,,,MISSING,No schedule game matched team/opponent.
2025,1,,N.Gray,KC,,TE,,,,,,,,,,,,,,,MISSING,No schedule game matched team/opponent.
2025,1,,M.Lewis,CHI,,TE,,,,,,,,,,,,,,,MISSING,No schedule game matched team/opponent.
2025,1,,A.Ogletree,IND,,TE,,,,,,,,,,,,,,,MISSING,No schedule game matched team/opponent.
2025,1,,C.Steele,KC,,RB,,,,,,,,,,,,,,,MISSING,No schedule game matched team/opponent.
2025,1,,P.Hendershot,KC,,TE,,,,,,,,,,,,,,,MISSING,No schedule game matched team/opponent.
2025,1,,J.Ruckert,NYJ,,TE,,,,,,,,,,,,,,,MISSING,No schedule game matched team/opponent.
2025,1,,C.Stover,HOU,,TE,,,,,,,,,,,,,,,MISSING,No schedule game matched team/opponent.
2025,1,,L.Woodside,ATL,NO,QB,,,,,,,,,,,,,,,MISSING,No schedule game matched team/opponent.
2025,1,,E.Stick,LAC,KC,QB,2025_01_KC_LAC,LAC,KC,True,-3.0,47.5,25.25,22.25,FAVORITE,CLOSE,HIGH,POSITIVE,POSITIVE,64.0,MEDIUM,From schedules.csv spread_line/total_line.
2025,1,,K.Osborn,WAS,,WR,,,,,,,,,,,,,,,MISSING,No schedule game matched team/opponent.
2025,1,,J.Hyatt,NYG,,WR,,,,,,,,,,,,,,,MISSING,No schedule game matched team/opponent.
2025,1,,G.Olszewski,NYG,,WR,,,,,,,,,,,,,,,MISSING,No schedule game matched team/opponent.
2025,1,,W.Levis,TEN,HOU,QB,,,,,,,,,,,,,,,MISSING,No schedule game matched team/opponent.
2025,1,,T.Quitoriano,HOU,,TE,,,,,,,,,,,,,,,MISSING,No schedule game matched team/opponent.
2025,1,,L.Farrell,JAX,,TE,,,,,,,,,,,,,,,MISSING,No schedule game matched team/opponent.
2025,1,,Co.Heyward,PIT,,TE,,,,,,,,,,,,,,,MISSING,No schedule game matched team/opponent.
2025,1,,B.Corum,LA,,RB,,,,,,,,,,,,,,,MISSING,No schedule game matched team/opponent.
2025,1,00-0036212,T.Tagovailoa,MIA,SF,QB,,,,,,,,,,,,,,,MISSING,No schedule game matched team/opponent.
2025,1,,J.Brooks,CAR,,RB,,,,,,,,,,,,,,,MISSING,No schedule game matched team/opponent.
2025,1,,R.Tonyan,CHI,,TE,,,,,,,,,,,,,,,MISSING,No schedule game matched team/opponent.
2025,1,,Ja.Williams,NO,,RB,,,,,,,,,,,,,,,MISSING,No schedule game matched team/opponent.
2025,1,,T.Lawrence,JAX,HOU,QB,,,,,,,,,,,,,,,MISSING,No schedule game matched team/opponent.
2025,1,,D.Allen,PHI,,WR,,,,,,,,,,,,,,,MISSING,No schedule game matched team/opponent.
2025,1,,D.Kincaid,BUF,,TE,,,,,,,,,,,,,,,MISSING,No schedule game matched team/opponent.
2025,1,,M.Mariota,WAS,DET,QB,,,,,,,,,,,,,,,MISSING,No schedule game matched team/opponent.
2025,1,,G.Calcaterra,PHI,,TE,,,,,,,,,,,,,,,MISSING,No schedule game matched team/opponent.
2025,1,,M.Alie-Cox,IND,,TE,,,,,,,,,,,,,,,MISSING,No schedule game matched team/opponent.
2025,1,,J.Dobbs,SF,ARI,QB,,,,,,,,,,,,,,,MISSING,No schedule game matched team/opponent.
2025,1,,T.Wesco,TEN,,TE,,,,,,,,,,,,,,,MISSING,No schedule game matched team/opponent.
2025,1,00-0038391,S.Clifford,GB,MIN,QB,,,,,,,,,,,,,,,MISSING,No schedule game matched team/opponent.
2025,1,,J.Wiley,KC,,TE,,,,,,,,,,,,,,,MISSING,No schedule game matched team/opponent.
2025,1,,B.Gabbert,KC,LAC,QB,2025_01_KC_LAC,LAC,KC,False,3.0,47.5,22.25,25.25,UNDERDOG,CLOSE,HIGH,POSITIVE,NEUTRAL,64.0,MEDIUM,From schedules.csv spread_line/total_line.
2025,1,,H.Hurst,LAC,,TE,,,,,,,,,,,,,,,MISSING,No schedule game matched team/opponent.
2025,1,,J.Sanders,CAR,,TE,,,,,,,,,,,,,,,MISSING,No schedule game matched team/opponent.
2025,1,,L.Schoonmaker,DAL,,TE,,,,,,,,,,,,,,,MISSING,No schedule game matched team/opponent.
2025,1,00-0031280,D.Carr,NO,NYG,QB,,,,,,,,,,,,,,,MISSING,No schedule game matched team/opponent.
2025,1,,T.DeVito,NYG,BAL,QB,,,,,,,,,,,,,,,MISSING,No schedule game matched team/opponent.
2025,1,,C.Manhertz,NYG,,TE,,,,,,,,,,,,,,,MISSING,No schedule game matched team/opponent.
2025,1,,J.Horsted,LV,,TE,,,,,,,,,,,,,,,MISSING,No schedule game matched team/opponent.
2025,1,,C.Beathard,JAX,CAR,QB,2025_01_CAR_JAX,JAX,CAR,True,4.5,45.5,20.5,25.0,UNDERDOG,MODERATE,MEDIUM,POSITIVE,FRAGILE,50.0,MEDIUM,From schedules.csv spread_line/total_line.
2025,1,,D.Thompson-Robinson,CLE,BAL,QB,,,,,,,,,,,,,,,MISSING,No schedule game matched team/opponent.
2025,1,,J.Mims,NO,,RB,,,,,,,,,,,,,,,MISSING,No schedule game matched team/opponent.
2025,1,,T.Lance,DAL,WAS,QB,,,,,,,,,,,,,,,MISSING,No schedule game matched team/opponent.
2025,1,,B.Whiteheart,CLE,,TE,,,,,,,,,,,,,,,MISSING,No schedule game matched team/opponent.
2025,1,,M.Jones,JAX,IND,QB,,,,,,,,,,,,,,,MISSING,No schedule game matched team/opponent.
2025,1,,M.Pruitt,PIT,,TE,,,,,,,,,,,,,,,MISSING,No schedule game matched team/opponent.
2025,1,,J.Bates,WAS,,TE,,,,,,,,,,,,,,,MISSING,No schedule game matched team/opponent.
2025,1,,J.FitzPatrick,GB,,TE,,,,,,,,,,,,,,,MISSING,No schedule game matched team/opponent.
2025,1,,B.Sims,GB,,TE,,,,,,,,,,,,,,,MISSING,No schedule game matched team/opponent.
2025,1,,C.Kolar,BAL,,TE,,,,,,,,,,,,,,,MISSING,No schedule game matched team/opponent.
2025,1,,J.Chestnut,TEN,,RB,,,,,,,,,,,,,,,MISSING,No schedule game matched team/opponent.
2025,1,,J.Hall,MIN,GB,QB,,,,,,,,,,,,,,,MISSING,No schedule game matched team/opponent.
2025,1,,D.Lock,NYG,PHI,QB,,,,,,,,,,,,,,,MISSING,No schedule game matched team/opponent.
2025,1,00-0033077,D.Prescott,DAL,ATL,QB,,,,,,,,,,,,,,,MISSING,No schedule game matched team/opponent.
2025,1,,P.Brown,SEA,,TE,,,,,,,,,,,,,,,MISSING,No schedule game matched team/opponent.
2025,1,,J.Thrash,CLE,,WR,,,,,,,,,,,,,,,MISSING,No schedule game matched team/opponent.
2025,1,00-0039163,C.Stroud,HOU,KC,QB,,,,,,,,,,,,,,,MISSING,No schedule game matched team/opponent.
2025,1,,J.Jefferson,DET,,RB,,,,,,,,,,,,,,,MISSING,No schedule game matched team/opponent.
2025,1,,Z.Wilson,NYJ,MIA,QB,,,,,,,,,,,,,,,MISSING,No schedule game matched team/opponent.
2025,1,,B.Jordan,HOU,,TE,,,,,,,,,,,,,,,MISSING,No schedule game matched team/opponent.
2025,1,,H.Haskins,LAC,,RB,,,,,,,,,,,,,,,MISSING,No schedule game matched team/opponent.
2025,1,,K.Yeboah,NYJ,,TE,,,,,,,,,,,,,,,MISSING,No schedule game matched team/opponent.
2025,1,,W.Shipley,PHI,,RB,,,,,,,,,,,,,,,MISSING,No schedule game matched team/opponent.
2025,1,,C.Patterson,PIT,,RB,,,,,,,,,,,,,,,MISSING,No schedule game matched team/opponent.
2025,1,,L.Cager,NYG,,TE,,,,,,,,,,,,,,,MISSING,No schedule game matched team/opponent.
2025,1,,R.Keyton,LV,,WR,,,,,,,,,,,,,,,MISSING,No schedule game matched team/opponent.
2025,1,,R.Williams,PIT,,TE,,,,,,,,,,,,,,,MISSING,No schedule game matched team/opponent.
2025,1,00-0036264,J.Love,GB,PHI,QB,,,,,,,,,,,,,,,MISSING,No schedule game matched team/opponent.
2025,1,,M.Rudolph,TEN,HOU,QB,,,,,,,,,,,,,,,MISSING,No schedule game matched team/opponent.
2025,1,,P.Strong,CLE,,RB,,,,,,,,,,,,,,,MISSING,No schedule game matched team/opponent.
2025,1,,I.Thomas,CAR,,TE,,,,,,,,,,,,,,,MISSING,No schedule game matched team/opponent.
2025,1,,M.Gaskin,MIN,,RB,,,,,,,,,,,,,,,MISSING,No schedule game matched team/opponent.
2025,1,,J.Jackson,TEN,,WR,,,,,,,,,,,,,,,MISSING,No schedule game matched team/opponent.
2025,1,,L.Musgrave,GB,,TE,,,,,,,,,,,,,,,MISSING,No schedule game matched team/opponent.
2025,1,,R.Tannehill,TEN,JAX,QB,,,,,,,,,,,,,,,MISSING,No schedule game matched team/opponent.
2025,1,,J.Ross,PHI,,WR,,,,,,,,,,,,,,,MISSING,No schedule game matched team/opponent.
2025,1,,J.Wilson,MIA,,RB,,,,,,,,,,,,,,,MISSING,No schedule game matched team/opponent.
2025,1,,T.Kroft,MIA,,TE,,,,,,,,,,,,,,,MISSING,No schedule game matched team/opponent.
2025,1,,C.Stroud,HOU,KC,QB,,,,,,,,,,,,,,,MISSING,No schedule game matched team/opponent.
2025,1,,R.Dwelley,ATL,,TE,,,,,,,,,,,,,,,MISSING,No schedule game matched team/opponent.
2025,1,,D.Young,SEA,,WR,,,,,,,,,,,,,,,MISSING,No schedule game matched team/opponent.
2025,1,,S.McKeon,DAL,,TE,,,,,,,,,,,,,,,MISSING,No schedule game matched team/opponent.
2025,1,,D.Daniels,DET,,TE,,,,,,,,,,,,,,,MISSING,No schedule game matched team/opponent.
2025,1,,B.Rypien,LA,GB,QB,,,,,,,,,,,,,,,MISSING,No schedule game matched team/opponent.
2025,1,,J.Tonges,SF,,TE,,,,,,,,,,,,,,,MISSING,No schedule game matched team/opponent.
2025,1,,I.Charles,NYJ,,WR,,,,,,,,,,,,,,,MISSING,No schedule game matched team/opponent.
2025,1,,J.Love,GB,PHI,QB,,,,,,,,,,,,,,,MISSING,No schedule game matched team/opponent.
2025,1,00-0035282,E.Stick,LAC,KC,QB,2025_01_KC_LAC,LAC,KC,True,-3.0,47.5,25.25,22.25,FAVORITE,CLOSE,HIGH,POSITIVE,POSITIVE,64.0,MEDIUM,From schedules.csv spread_line/total_line.
2025,1,,G.Ricci,CAR,,TE,,,,,,,,,,,,,,,MISSING,No schedule game matched team/opponent.
2025,1,,A.Firkser,KC,,TE,,,,,,,,,,,,,,,MISSING,No schedule game matched team/opponent.
2025,1,,S.Vaki,DET,,RB,,,,,,,,,,,,,,,MISSING,No schedule game matched team/opponent.
2025,1,,M.Boone,CAR,,RB,,,,,,,,,,,,,,,MISSING,No schedule game matched team/opponent.
2025,1,,G.Everett,CHI,,TE,,,,,,,,,,,,,,,MISSING,No schedule game matched team/opponent.
2025,1,,J.Bell,NE,,TE,,,,,,,,,,,,,,,MISSING,No schedule game matched team/opponent.
2025,1,,K.Rader,TEN,,TE,,,,,,,,,,,,,,,MISSING,No schedule game matched team/opponent.
2025,1,,T.McKitty,LAC,,TE,,,,,,,,,,,,,,,MISSING,No schedule game matched team/opponent.
2025,1,,S.Anderson,LAC,,TE,,,,,,,,,,,,,,,MISSING,No schedule game matched team/opponent.
2025,1,,J.Hill,MIA,,TE,,,,,,,,,,,,,,,MISSING,No schedule game matched team/opponent.
2025,1,,D.Ogunbowale,HOU,,RB,,,,,,,,,,,,,,,MISSING,No schedule game matched team/opponent.
2025,1,,C.Woerner,ATL,,TE,,,,,,,,,,,,,,,MISSING,No schedule game matched team/opponent.
2025,1,,B.Spann-Ford,DAL,,TE,,,,,,,,,,,,,,,MISSING,No schedule game matched team/opponent.
2025,1,,E.Tomlinson,LAC,,TE,,,,,,,,,,,,,,,MISSING,No schedule game matched team/opponent.
2025,1,,T.Siemian,NYJ,NE,QB,,,,,,,,,,,,,,,MISSING,No schedule game matched team/opponent.
2025,1,,H.Luepke,DAL,,RB,,,,,,,,,,,,,,,MISSING,No schedule game matched team/opponent.
2025,1,,D.Smythe,MIA,,TE,,,,,,,,,,,,,,,MISSING,No schedule game matched team/opponent.
2025,1,,S.Perine,KC,,RB,,,,,,,,,,,,,,,MISSING,No schedule game matched team/opponent.
2025,1,,C.Yankoff,WAS,,TE,,,,,,,,,,,,,,,MISSING,No schedule game matched team/opponent.
2025,1,,N.Peterman,CHI,LV,QB,,,,,,,,,,,,,,,MISSING,No schedule game matched team/opponent.
2025,1,,J.Shorter,LV,,TE,,,,,,,,,,,,,,,MISSING,No schedule game matched team/opponent.
2025,1,,J.Baker,NE,,WR,,,,,,,,,,,,,,,MISSING,No schedule game matched team/opponent.
2025,1,,J.Garoppolo,LA,SEA,QB,,,,,,,,,,,,,,,MISSING,No schedule game matched team/opponent.
2025,1,,C.Rush,DAL,PHI,QB,2025_01_DAL_PHI,PHI,DAL,False,-8.5,47.5,28.0,19.5,FAVORITE,BLOWOUT_RISK,HIGH,POSITIVE,FRAGILE,50.0,MEDIUM,From schedules.csv spread_line/total_line.
2025,1,,D.Dallas,ARI,,RB,,,,,,,,,,,,,,,MISSING,No schedule game matched team/opponent.
2025,1,,K.Kieft,TB,,TE,,,,,,,,,,,,,,,MISSING,No schedule game matched team/opponent.
2025,1,,G.Dulcich,NYG,,TE,,,,,,,,,,,,,,,MISSING,No schedule game matched team/opponent.
2025,1,,P.Walker,CLE,DEN,QB,,,,,,,,,,,,,,,MISSING,No schedule game matched team/opponent.
2025,1,,B.Bell,KC,,TE,,,,,,,,,,,,,,,MISSING,No schedule game matched team/opponent.
2025,1,,P.Fant,DAL,,TE,,,,,,,,,,,,,,,MISSING,No schedule game matched team/opponent.
2025,1,,R.Blackshear,CAR,,RB,,,,,,,,,,,,,,,MISSING,No schedule game matched team/opponent.
2025,1,,T.Homer,CHI,,RB,,,,,,,,,,,,,,,MISSING,No schedule game matched team/opponent.
2025,1,,W.Mallory,IND,,TE,,,,,,,,,,,,,,,MISSING,No schedule game matched team/opponent.
2025,1,,V.Jones,CAR,,RB,,,,,,,,,,,,,,,MISSING,No schedule game matched team/opponent.
2025,1,,K.Cousins,ATL,LV,QB,,,,,,,,,,,,,,,MISSING,No schedule game matched team/opponent.
2025,1,,S.Howell,SEA,GB,QB,,,,,,,,,,,,,,,MISSING,No schedule game matched team/opponent.
2025,1,,J.Ward,PIT,,RB,,,,,,,,,,,,,,,MISSING,No schedule game matched team/opponent.
2025,1,,J.Polk,NE,,WR,,,,,,,,,,,,,,,MISSING,No schedule game matched team/opponent.
2025,1,,C.Keenum,HOU,CLE,QB,,,,,,,,,,,,,,,MISSING,No schedule game matched team/opponent.
2025,1,,H.Pearson,GB,,TE,,,,,,,,,,,,,,,MISSING,No schedule game matched team/opponent.
2025,1,00-0031345,J.Garoppolo,LA,SEA,QB,,,,,,,,,,,,,,,MISSING,No schedule game matched team/opponent.
2025,1,,K.Toney,CLE,,WR,,,,,,,,,,,,,,,MISSING,No schedule game matched team/opponent.
2025,1,00-0039376,S.Rattler,NO,TB,QB,,,,,,,,,,,,,,,MISSING,No schedule game matched team/opponent.
2025,1,,C.Schrader,LA,,RB,,,,,,,,,,,,,,,MISSING,No schedule game matched team/opponent.
2025,1,,G.Brightwell,CLE,,RB,,,,,,,,,,,,,,,MISSING,No schedule game matched team/opponent.
2025,1,,J.Stidham,DEN,KC,QB,,,,,,,,,,,,,,,MISSING,No schedule game matched team/opponent.
2025,1,,C.Uzomah,PHI,,TE,,,,,,,,,,,,,,,MISSING,No schedule game matched team/opponent.
2025,1,,J.Hasty,NE,,RB,,,,,,,,,,,,,,,MISSING,No schedule game matched team/opponent.
2025,1,,A.Shampklin,PIT,,RB,,,,,,,,,,,,,,,MISSING,No schedule game matched team/opponent.
2025,1,,Q.Morris,BUF,,TE,,,,,,,,,,,,,,,MISSING,No schedule game matched team/opponent.
2025,1,,P.Hesse,ATL,,TE,,,,,,,,,,,,,,,MISSING,No schedule game matched team/opponent.
2025,1,,D.Allen,LA,,TE,,,,,,,,,,,,,,,MISSING,No schedule game matched team/opponent.
2025,1,,T.McKee,PHI,NYG,QB,,,,,,,,,,,,,,,MISSING,No schedule game matched team/opponent.
2025,1,,J.Ross,KC,,WR,,,,,,,,,,,,,,,MISSING,No schedule game matched team/opponent.
2025,1,,E.Gray,NYG,,RB,,,,,,,,,,,,,,,MISSING,No schedule game matched team/opponent.
2025,1,,F.Franks,CAR,,TE,,,,,,,,,,,,,,,MISSING,No schedule game matched team/opponent.
2025,1,,T.Taylor,NYJ,BUF,QB,,,,,,,,,,,,,,,MISSING,No schedule game matched team/opponent.
2025,1,,M.Trubisky,BUF,DEN,QB,,,,,,,,,,,,,,,MISSING,No schedule game matched team/opponent.
2025,1,,A.Armah,WAS,,RB,,,,,,,,,,,,,,,MISSING,No schedule game matched team/opponent.
2025,1,,K.Ingram,KC,,RB,,,,,,,,,,,,,,,MISSING,No schedule game matched team/opponent.
2025,1,,M.Penix,ATL,CAR,QB,,,,,,,,,,,,,,,MISSING,No schedule game matched team/opponent.
2025,1,,D.Martin-Robinson,TEN,,TE,,,,,,,,,,,,,,,MISSING,No schedule game matched team/opponent.
2025,1,,K.Vaughn,SF,,RB,,,,,,,,,,,,,,,MISSING,No schedule game matched team/opponent.
2025,1,,J.Stoll,PHI,,TE,,,,,,,,,,,,,,,MISSING,No schedule game matched team/opponent.
2025,1,,J.Brissett,NE,LAC,QB,,,,,,,,,,,,,,,MISSING,No schedule game matched team/opponent.
2025,1,,X.Weaver,ARI,,WR,,,,,,,,,,,,,,,MISSING,No schedule game matched team/opponent.
2025,1,,K.Pickett,PHI,KC,QB,,,,,,,,,,,,,,,MISSING,No schedule game matched team/opponent.
2025,1,,J.Wayne,HOU,,WR,,,,,,,,,,,,,,,MISSING,No schedule game matched team/opponent.
2025,1,,J.Wilson,PHI,,WR,,,,,,,,,,,,,,,MISSING,No schedule game matched team/opponent.
2025,1,,D.Ridder,LV,LAC,QB,,,,,,,,,,,,,,,MISSING,No schedule game matched team/opponent.
2025,1,,E.Ezukanma,MIA,,WR,,,,,,,,,,,,,,,MISSING,No schedule game matched team/opponent.
2025,1,,Z.Davidson,BUF,,TE,,,,,,,,,,,,,,,MISSING,No schedule game matched team/opponent.
2025,1,00-0033949,J.Dobbs,SF,ARI,QB,,,,,,,,,,,,,,,MISSING,No schedule game matched team/opponent.
2025,1,00-0039150,B.Young,CAR,ATL,QB,,,,,,,,,,,,,,,MISSING,No schedule game matched team/opponent.
2025,1,,G.Holani,SEA,,RB,,,,,,,,,,,,,,,MISSING,No schedule game matched team/opponent.
2025,1,,S.Clifford,GB,MIN,QB,,,,,,,,,,,,,,,MISSING,No schedule game matched team/opponent.
2025,1,,B.Hoyer,LV,CHI,QB,,,,,,,,,,,,,,,MISSING,No schedule game matched team/opponent.
2025,1,,A.Okwuegbunam,PHI,,TE,,,,,,,,,,,,,,,MISSING,No schedule game matched team/opponent.
2025,1,,T.Williams,CIN,,RB,,,,,,,,,,,,,,,MISSING,No schedule game matched team/opponent.
2025,1,,T.Bagent,CHI,MIN,QB,2025_01_MIN_CHI,CHI,MIN,True,-1.5,43.5,22.5,21.0,FAVORITE,CLOSE,MEDIUM,NEUTRAL,POSITIVE,56.0,MEDIUM,From schedules.csv spread_line/total_line.
2025,1,,T.Kennedy,DET,,WR,,,,,,,,,,,,,,,MISSING,No schedule game matched team/opponent.
2025,1,,A.McFarland,PIT,,RB,,,,,,,,,,,,,,,MISSING,No schedule game matched team/opponent.
2025,1,,K.Trask,TB,CAR,QB,,,,,,,,,,,,,,,MISSING,No schedule game matched team/opponent.
2025,1,,B.Berrios,MIA,,WR,,,,,,,,,,,,,,,MISSING,No schedule game matched team/opponent.
2025,1,,A.McCarron,CIN,CLE,QB,2025_01_CIN_CLE,CLE,CIN,False,5.5,47.5,21.0,26.5,UNDERDOG,MODERATE,HIGH,POSITIVE,FRAGILE,58.0,MEDIUM,From schedules.csv spread_line/total_line.
2025,1,,B.Brooks,HOU,,RB,,,,,,,,,,,,,,,MISSING,No schedule game matched team/opponent.
2025,1,,G.Minshew,LV,DEN,QB,,,,,,,,,,,,,,,MISSING,No schedule game matched team/opponent.
2025,1,,K.Nwangwu,NYJ,,RB,,,,,,,,,,,,,,,MISSING,No schedule game matched team/opponent.
2025,1,,M.Stafford,LA,PHI,QB,,,,,,,,,,,,,,,MISSING,No schedule game matched team/opponent.
2025,1,,E.Jenkins,PHI,,TE,,,,,,,,,,,,,,,MISSING,No schedule game matched team/opponent.
2025,1,,J.Fortson,KC,,TE,,,,,,,,,,,,,,,MISSING,No schedule game matched team/opponent.
2025,1,,C.Collier,LV,,RB,,,,,,,,,,,,,,,MISSING,No schedule game matched team/opponent.
2025,1,,K.Johnson,TB,,WR,,,,,,,,,,,,,,,MISSING,No schedule game matched team/opponent.
2025,1,,C.Wentz,KC,DEN,QB,,,,,,,,,,,,,,,MISSING,No schedule game matched team/opponent.
2025,1,,S.Moore,KC,,WR,,,,,,,,,,,,,,,MISSING,No schedule game matched team/opponent.
2025,1,,A.Beck,HOU,,RB,,,,,,,,,,,,,,,MISSING,No schedule game matched team/opponent.
2025,1,,D.Laube,LV,,RB,,,,,,,,,,,,,,,MISSING,No schedule game matched team/opponent.
2025,1,,A.O'Connell,LV,LAC,QB,,,,,,,,,,,,,,,MISSING,No schedule game matched team/opponent.
2025,1,,J.Johnson,NYG,,RB,,,,,,,,,,,,,,,MISSING,No schedule game matched team/opponent.
2025,1,,T.Heinicke,LAC,NE,QB,,,,,,,,,,,,,,,MISSING,No schedule game matched team/opponent.
2025,1,,M.Ibrahim,DET,,RB,,,,,,,,,,,,,,,MISSING,No schedule game matched team/opponent.
2025,1,,J.Browning,CIN,CLE,QB,2025_01_CIN_CLE,CLE,CIN,False,5.5,47.5,21.0,26.5,UNDERDOG,MODERATE,HIGH,POSITIVE,FRAGILE,58.0,MEDIUM,From schedules.csv spread_line/total_line.
2025,1,,K.Robinson,JAX,,RB,,,,,,,,,,,,,,,MISSING,No schedule game matched team/opponent.
2025,1,,G.Igwebuike,PIT,,RB,,,,,,,,,,,,,,,MISSING,No schedule game matched team/opponent.
2025,1,,S.Sullivan,CAR,,TE,,,,,,,,,,,,,,,MISSING,No schedule game matched team/opponent.
2025,1,,T.Hairston,HOU,,RB,,,,,,,,,,,,,,,MISSING,No schedule game matched team/opponent.
2025,1,,D.Miller,NYG,,RB,,,,,,,,,,,,,,,MISSING,No schedule game matched team/opponent.
2025,1,,D.Williams,TB,,RB,,,,,,,,,,,,,,,MISSING,No schedule game matched team/opponent.
2025,1,,M.Davis,DAL,,RB,,,,,,,,,,,,,,,MISSING,No schedule game matched team/opponent.
2025,1,,H.Hooker,DET,JAX,QB,,,,,,,,,,,,,,,MISSING,No schedule game matched team/opponent.
2025,1,,D.Washington,DEN,,RB,,,,,,,,,,,,,,,MISSING,No schedule game matched team/opponent.
2025,1,,B.Bates,CLE,,TE,,,,,,,,,,,,,,,MISSING,No schedule game matched team/opponent.
2025,1,,B.Willis,SF,,TE,,,,,,,,,,,,,,,MISSING,No schedule game matched team/opponent.
2025,1,,A.Prentice,NO,,RB,,,,,,,,,,,,,,,MISSING,No schedule game matched team/opponent.
2025,1,,J.Winston,CLE,KC,QB,,,,,,,,,,,,,,,MISSING,No schedule game matched team/opponent.
2025,1,,A.Rodgers,NYJ,MIA,QB,,,,,,,,,,,,,,,MISSING,No schedule game matched team/opponent.
2025,1,,C.Oladokun,KC,DEN,QB,,,,,,,,,,,,,,,MISSING,No schedule game matched team/opponent.
2025,1,,K.Juszczyk,SF,,FB,,,,,,,,,,,,,,,MISSING,No schedule game matched team/opponent.
2025,1,,J.Johnson,BAL,HOU,QB,,,,,,,,,,,,,,,MISSING,No schedule game matched team/opponent.
2025,1,,B.Zappe,CLE,BAL,QB,,,,,,,,,,,,,,,MISSING,No schedule game matched team/opponent.
2025,1,,B.VanSumeren,PHI,,RB,,,,,,,,,,,,,,,MISSING,No schedule game matched team/opponent.
2025,1,,J.Haener,NO,WAS,QB,,,,,,,,,,,,,,,MISSING,No schedule game matched team/opponent.
2025,1,,C.Ham,MIN,,FB,,,,,,,,,,,,,,,MISSING,No schedule game matched team/opponent.
2025,1,,T.Boyle,NYG,BAL,QB,,,,,,,,,,,,,,,MISSING,No schedule game matched team/opponent.
2025,1,,S.Thompson,MIA,SEA,QB,,,,,,,,,,,,,,,MISSING,No schedule game matched team/opponent.
2025,1,,D.Mills,HOU,TEN,QB,,,,,,,,,,,,,,,MISSING,No schedule game matched team/opponent.
2025,1,,A.Ingold,MIA,,FB,,,,,,,,,,,,,,,MISSING,No schedule game matched team/opponent.
2025,1,,K.Allen,PIT,DAL,QB,,,,,,,,,,,,,,,MISSING,No schedule game matched team/opponent.
2025,1,,A.Williams,ATL,,RB,,,,,,,,,,,,,,,MISSING,No schedule game matched team/opponent.
2025,1,,B.Allen,SF,CHI,QB,,,,,,,,,,,,,,,MISSING,No schedule game matched team/opponent.
2025,1,,M.Burton,DEN,,FB,,,,,,,,,,,,,,,MISSING,No schedule game matched team/opponent.
2025,1,,J.Kelly,BAL,,RB,,,,,,,,,,,,,,,MISSING,No schedule game matched team/opponent.
2025,1,,M.White,BUF,NE,QB,,,,,,,,,,,,,,,MISSING,No schedule game matched team/opponent.
2025,1,,J.Cabinda,DET,,FB,,,,,,,,,,,,,,,MISSING,No schedule game matched team/opponent.
2025,1,,J.Matthews,CAR,,TE,,,,,,,,,,,,,,,MISSING,No schedule game matched team/opponent.
2025,1,,T.Bridgewater,DET,WAS,QB,,,,,,,,,,,,,,,MISSING,No schedule game matched team/opponent.
2025,1,,K.Smith,ATL,,FB,,,,,,,,,,,,,,,MISSING,No schedule game matched team/opponent.
2025,1,,B.Cupp,KC,,TE,,,,,,,,,,,,,,,MISSING,No schedule game matched team/opponent.
2025,1,,C.Tune,ARI,SF,QB,,,,,,,,,,,,,,,MISSING,No schedule game matched team/opponent.
2025,1,,P.Ricard,BAL,,FB,,,,,,,,,,,,,,,MISSING,No schedule game matched team/opponent.
2025,1,,R.Gilliam,BUF,,FB,,,,,,,,,,,,,,,MISSING,No schedule game matched team/opponent.
2025,1,,K.Blasingame,PHI,,FB,,,,,,,,,,,,,,,MISSING,No schedule game matched team/opponent.
