profile_name,market_family,challenger_signal_tier,row_count,average_challenger_score,average_actual_primary_value,baseline_average_actual,lift_vs_baseline
balanced_conservative,passing,ELITE_SIGNAL,59,87.66627118644067,261.1864406779661,192.1782390837509,69.00820159421522
balanced_conservative,passing,GOOD_SIGNAL,392,65.19359693877551,214.5127551020408,192.1782390837509,22.334516018289918
balanced_conservative,passing,REVIEW,271,31.21040590405904,93.7859778597786,192.1782390837509,-98.3922612239723
balanced_conservative,passing,STRONG_SIGNAL,289,77.6326989619377,251.3425605536332,192.1782390837509,59.16432146988231
balanced_conservative,passing,WATCH,386,50.08373056994819,183.73056994818654,192.1782390837509,-8.447669135564354
balanced_conservative,receiving,ELITE_SIGNAL,511,87.23230919765166,71.48336594911937,29.650579790171175,41.832786158948196
balanced_conservative,receiving,GOOD_SIGNAL,2084,64.55451055662186,31.198176583493282,29.650579790171175,1.547596793322107
balanced_conservative,receiving,REVIEW,1957,31.882779764946346,11.728666326009197,29.650579790171175,-17.921913464161978
balanced_conservative,receiving,STRONG_SIGNAL,1743,78.60928858290305,52.13195639701664,29.650579790171175,22.481376606845462
balanced_conservative,receiving,WATCH,2760,49.62244202898551,19.247101449275362,29.650579790171175,-10.403478340895813
balanced_conservative,rushing,ELITE_SIGNAL,295,87.13383050847459,77.61016949152543,28.07596539354294,49.53420409798248
balanced_conservative,rushing,GOOD_SIGNAL,1060,64.532,26.910377358490567,28.07596539354294,-1.165588035052373
balanced_conservative,rushing,REVIEW,1085,31.191419354838704,7.740092165898617,28.07596539354294,-20.335873227644324
balanced_conservative,rushing,STRONG_SIGNAL,923,78.70434452871072,53.9284940411701,28.07596539354294,25.852528647627157
balanced_conservative,rushing,WATCH,1376,49.67411337209301,17.04796511627907,28.07596539354294,-11.028000277263871
current_v1,passing,ELITE_SIGNAL,70,88.06928571428573,261.2142857142857,192.1782390837509,69.03604663053483
current_v1,passing,GOOD_SIGNAL,361,64.7509972299169,217.5180055401662,192.1782390837509,25.339766456415305
current_v1,passing,REVIEW,351,28.073646723646725,109.76638176638177,192.1782390837509,-82.41185731736913
current_v1,passing,STRONG_SIGNAL,258,77.28302325581397,252.74806201550388,192.1782390837509,60.56982293175298
current_v1,passing,WATCH,357,49.64397759103641,190.27170868347338,192.1782390837509,-1.9065304002775179
current_v1,receiving,ELITE_SIGNAL,576,87.80223958333333,70.52256944444444,29.650579790171175,40.871989654273264
current_v1,receiving,GOOD_SIGNAL,1885,64.57905570291777,32.97506631299735,29.650579790171175,3.3244865228261737
current_v1,receiving,REVIEW,2586,28.66091647331787,12.673240525908739,29.650579790171175,-16.977339264262437
current_v1,receiving,STRONG_SIGNAL,1548,78.60881136950904,52.83139534883721,29.650579790171175,23.180815558666037
current_v1,receiving,WATCH,2460,49.218231707317074,20.79308943089431,29.650579790171175,-8.857490359276866
current_v1,rushing,ELITE_SIGNAL,327,87.7095107033639,76.2262996941896,28.07596539354294,48.15033430064666
current_v1,rushing,GOOD_SIGNAL,969,64.49865841073272,29.189886480908154,28.07596539354294,1.1139210873652132
current_v1,rushing,REVIEW,1399,27.824510364546107,8.863473909935669,28.07596539354294,-19.212491483607273
current_v1,rushing,STRONG_SIGNAL,828,78.7596497584541,53.88526570048309,28.07596539354294,25.80930030694015
current_v1,rushing,WATCH,1216,49.43939967105263,18.769736842105264,28.07596539354294,-9.306228551437677
data_quality_strict,passing,ELITE_SIGNAL,93,88.5563440860215,257.39784946236557,192.1782390837509,65.21961037861468
data_quality_strict,passing,GOOD_SIGNAL,429,65.35025641025642,202.65268065268066,192.1782390837509,10.474441568929763
data_quality_strict,passing,REVIEW,203,34.18689655172414,64.32512315270937,192.1782390837509,-127.85311593104153
data_quality_strict,passing,STRONG_SIGNAL,351,77.98678062678063,243.2136752136752,192.1782390837509,51.03543612992431
data_quality_strict,passing,WATCH,321,49.40289719626169,184.33333333333334,192.1782390837509,-7.844905750417553
data_quality_strict,receiving,ELITE_SIGNAL,839,88.10854588796187,68.84028605482717,29.650579790171175,39.189706264655996
data_quality_strict,receiving,GOOD_SIGNAL,2412,65.19616915422884,27.240878938640133,29.650579790171175,-2.409700851531042
data_quality_strict,receiving,REVIEW,1382,34.42113603473227,11.080318379160637,29.650579790171175,-18.570261411010538
data_quality_strict,receiving,STRONG_SIGNAL,1852,78.50343412526998,46.20140388768898,29.650579790171175,16.550824097517808
data_quality_strict,receiving,WATCH,2570,49.222198443579764,17.177431906614785,29.650579790171175,-12.47314788355639
data_quality_strict,rushing,ELITE_SIGNAL,480,88.05864583333333,72.39583333333333,28.07596539354294,44.319867939790385
data_quality_strict,rushing,GOOD_SIGNAL,1255,65.33019123505976,23.731474103585658,28.07596539354294,-4.344491289957283
data_quality_strict,rushing,REVIEW,806,34.107456575682384,6.92803970223325,28.07596539354294,-21.14792569130969
data_quality_strict,rushing,STRONG_SIGNAL,942,78.63352441613588,47.5552016985138,28.07596539354294,19.479236304970858
data_quality_strict,rushing,WATCH,1256,49.26640127388536,14.44108280254777,28.07596539354294,-13.63488259099517
game_script_heavy,passing,ELITE_SIGNAL,13,86.59923076923077,273.15384615384613,192.1782390837509,80.97560707009524
game_script_heavy,passing,GOOD_SIGNAL,411,64.93445255474452,229.49391727493918,192.1782390837509,37.31567819118828
game_script_heavy,passing,REVIEW,330,31.037151515151514,106.83939393939394,192.1782390837509,-85.33884514435695
game_script_heavy,passing,STRONG_SIGNAL,200,76.98305,258.57,192.1782390837509,66.3917609162491
game_script_heavy,passing,WATCH,443,49.67555304740406,188.77878103837472,192.1782390837509,-3.3994580453761785
game_script_heavy,receiving,ELITE_SIGNAL,52,86.19634615384615,87.5,29.650579790171175,57.84942020982882
game_script_heavy,receiving,GOOD_SIGNAL,2111,64.76586451918521,37.10279488394126,29.650579790171175,7.452215093770082
game_script_heavy,receiving,REVIEW,2323,31.42617735686612,12.30779164873009,29.650579790171175,-17.342788141441083
game_script_heavy,receiving,STRONG_SIGNAL,1493,77.36691895512391,61.30341594105827,29.650579790171175,31.652836150887094
game_script_heavy,receiving,WATCH,3076,49.20032184655397,21.29226267880364,29.650579790171175,-8.358317111367533
game_script_heavy,rushing,ELITE_SIGNAL,19,85.70263157894736,92.78947368421052,28.07596539354294,64.71350829066758
game_script_heavy,rushing,GOOD_SIGNAL,1083,64.74027700831024,35.31763619575254,28.07596539354294,7.241670802209601
game_script_heavy,rushing,REVIEW,1244,30.686495176848876,8.118167202572348,28.07596539354294,-19.957798190970593
game_script_heavy,rushing,STRONG_SIGNAL,830,77.51215662650603,64.60722891566265,28.07596539354294,36.5312635221197
game_script_heavy,rushing,WATCH,1563,49.20853486884197,18.756877799104288,28.07596539354294,-9.319087594438653
matchup_heavy,passing,ELITE_SIGNAL,42,88.31119047619048,284.8333333333333,192.1782390837509,92.65509424958242
matchup_heavy,passing,GOOD_SIGNAL,403,64.97923076923077,225.15384615384616,192.1782390837509,32.975607070095265
matchup_heavy,passing,REVIEW,313,29.621150159744403,104.15654952076677,192.1782390837509,-88.02168956298412
matchup_heavy,passing,STRONG_SIGNAL,207,77.05647342995168,251.93236714975845,192.1782390837509,59.75412806600755
matchup_heavy,passing,WATCH,432,49.875162037037036,187.55092592592592,192.1782390837509,-4.627313157824972
matchup_heavy,receiving,ELITE_SIGNAL,378,87.75407407407408,72.73015873015873,29.650579790171175,43.079578939987556
matchup_heavy,receiving,GOOD_SIGNAL,1855,64.84216711590297,35.0733153638814,29.650579790171175,5.422735573710224
matchup_heavy,receiving,REVIEW,2467,30.104122415889744,12.68139440616133,29.650579790171175,-16.969185384009847
matchup_heavy,receiving,STRONG_SIGNAL,1596,78.40385338345865,53.94674185463659,29.650579790171175,24.296162064465417
matchup_heavy,receiving,WATCH,2759,49.34584269662921,21.22109459949257,29.650579790171175,-8.429485190678605
matchup_heavy,rushing,ELITE_SIGNAL,198,87.78969696969698,80.35858585858585,28.07596539354294,52.28262046504291
matchup_heavy,rushing,GOOD_SIGNAL,977,64.72629477993858,30.541453428863868,28.07596539354294,2.465488035320927
matchup_heavy,rushing,REVIEW,1316,28.140531914893618,8.356382978723405,28.07596539354294,-19.719582414819534
matchup_heavy,rushing,STRONG_SIGNAL,917,78.37155943293348,55.97164667393675,28.07596539354294,27.895681280393813
matchup_heavy,rushing,WATCH,1331,49.642644628099184,18.767092411720512,28.07596539354294,-9.308872981822429
projection_heavy,passing,ELITE_SIGNAL,92,88.80684782608697,257.14130434782606,192.1782390837509,64.96306526407517
projection_heavy,passing,GOOD_SIGNAL,325,64.5376,213.71384615384616,192.1782390837509,21.535607070095267
projection_heavy,passing,REVIEW,374,27.237540106951872,114.33957219251337,192.1782390837509,-77.83866689123752
projection_heavy,passing,STRONG_SIGNAL,258,77.86717054263568,251.76356589147287,192.1782390837509,59.58532680772197
projection_heavy,passing,WATCH,348,49.65873563218391,194.3706896551724,192.1782390837509,2.1924505714215172
projection_heavy,receiving,ELITE_SIGNAL,736,88.51017663043478,70.33016304347827,29.650579790171175,40.67958325330709
projection_heavy,receiving,GOOD_SIGNAL,1832,64.52991812227074,32.573689956331876,29.650579790171175,2.9231101661607006
projection_heavy,receiving,REVIEW,2731,27.594518491395096,13.129622848773343,29.650579790171175,-16.520956941397834
projection_heavy,receiving,STRONG_SIGNAL,1473,78.5802172437203,50.15682281059063,29.650579790171175,20.506243020419458
projection_heavy,receiving,WATCH,2283,49.24605343845816,20.722733245729305,29.650579790171175,-8.92784654444187
projection_heavy,rushing,ELITE_SIGNAL,427,88.38894613583139,73.44028103044496,28.07596539354294,45.36431563690202
projection_heavy,rushing,GOOD_SIGNAL,951,64.51525762355415,28.53838065194532,28.07596539354294,0.4624152584023804
projection_heavy,rushing,REVIEW,1458,27.018696844993137,8.88957475994513,28.07596539354294,-19.18639063359781
projection_heavy,rushing,STRONG_SIGNAL,756,78.63772486772486,52.66005291005291,28.07596539354294,24.58408751650997
projection_heavy,rushing,WATCH,1147,49.51098517872711,18.989537925021796,28.07596539354294,-9.086427468521144
recent_form_heavy,passing,ELITE_SIGNAL,88,88.92375,257.78409090909093,192.1782390837509,65.60585182534004
recent_form_heavy,passing,GOOD_SIGNAL,320,64.854375,213.875,192.1782390837509,21.696760916249104
recent_form_heavy,passing,REVIEW,326,27.286472392638036,104.6441717791411,192.1782390837509,-87.53406730460979
recent_form_heavy,passing,STRONG_SIGNAL,319,78.26260188087774,249.2884012539185,192.1782390837509,57.1101621701676
recent_form_heavy,passing,WATCH,344,50.049767441860475,185.20639534883722,192.1782390837509,-6.971843734913676
recent_form_heavy,receiving,ELITE_SIGNAL,804,88.27161691542287,69.20771144278606,29.650579790171175,39.557131652614885
recent_form_heavy,receiving,GOOD_SIGNAL,1826,64.5973986856517,31.167579408543265,29.650579790171175,1.5169996183720897
recent_form_heavy,receiving,REVIEW,2357,28.557598642341965,12.392023759015698,29.650579790171175,-17.25855603115548
recent_form_heavy,receiving,STRONG_SIGNAL,1573,78.64269548633185,48.849332485696124,29.650579790171175,19.19875269552495
recent_form_heavy,receiving,WATCH,2495,49.53646893787575,19.99318637274549,29.650579790171175,-9.657393417425684
recent_form_heavy,rushing,ELITE_SIGNAL,454,88.23955947136562,73.14096916299559,28.07596539354294,45.065003769452645
recent_form_heavy,rushing,GOOD_SIGNAL,918,64.70699346405229,27.42156862745098,28.07596539354294,-0.6543967660919598
recent_form_heavy,rushing,REVIEW,1319,28.194897649734646,8.630780894617134,28.07596539354294,-19.445184498925805
recent_form_heavy,rushing,STRONG_SIGNAL,789,78.81397972116604,51.26742712294043,28.07596539354294,23.191461729397492
recent_form_heavy,rushing,WATCH,1259,49.836822875297855,18.140587768069896,28.07596539354294,-9.935377625473045
usage_heavy,passing,ELITE_SIGNAL,87,88.88045977011495,256.28735632183907,192.1782390837509,64.10911723808817
usage_heavy,passing,GOOD_SIGNAL,375,64.77698666666667,218.464,192.1782390837509,26.285760916249103
usage_heavy,passing,REVIEW,360,27.068555555555555,112.34722222222223,192.1782390837509,-79.83101686152867
usage_heavy,passing,STRONG_SIGNAL,250,77.9616,248.748,192.1782390837509,56.569760916249095
usage_heavy,passing,WATCH,325,49.554553846153844,189.6,192.1782390837509,-2.5782390837509013
usage_heavy,receiving,ELITE_SIGNAL,749,88.38385847797062,68.88384512683578,29.650579790171175,39.2332653366646
usage_heavy,receiving,GOOD_SIGNAL,1852,64.40684665226782,32.296436285097194,29.650579790171175,2.6458564949260186
usage_heavy,receiving,REVIEW,2643,27.838967082860385,12.923571698827091,29.650579790171175,-16.727008091344082
usage_heavy,receiving,STRONG_SIGNAL,1488,78.53545698924731,50.30443548387097,29.650579790171175,20.653855693699793
usage_heavy,receiving,WATCH,2323,49.28200602668962,20.6926388291003,29.650579790171175,-8.957940961070875
usage_heavy,rushing,ELITE_SIGNAL,429,88.37251748251748,73.15850815850816,28.07596539354294,45.08254276496521
usage_heavy,rushing,GOOD_SIGNAL,947,64.37585005279831,27.724392819429777,28.07596539354294,-0.3515725741131632
usage_heavy,rushing,REVIEW,1425,27.164905263157895,9.047719298245614,28.07596539354294,-19.028246095297327
usage_heavy,rushing,STRONG_SIGNAL,779,78.69356867779203,52.31707317073171,28.07596539354294,24.24110777718877
usage_heavy,rushing,WATCH,1159,49.37601380500432,18.77825711820535,28.07596539354294,-9.297708275337591
