line,rank,player_name,team,opponent,position,calibrated_projection,model_over_probability,confidence_tier,flags,usage_status,notes
12.5,1,K.Murray,ARI,SF,QB,21.465659706411053,0.9219551113096647,Medium,ROUTE_PROXY_UNVALIDATED|LOW_CURRENT_SAMPLE|LOW_PLAYER_SAMPLE,HISTORICAL TEST ONLY,"Research only - no odds, edge, or betting recommendation."
12.5,2,B.Mayfield,TB,WAS,QB,21.056661495149434,0.9120749200335279,Medium,ROUTE_PROXY_UNVALIDATED|LOW_CURRENT_SAMPLE|LOW_PLAYER_SAMPLE,HISTORICAL TEST ONLY,"Research only - no odds, edge, or betting recommendation."
12.5,3,J.Daniels,WAS,PHI,QB,20.0856527002261,0.8849365760849013,Medium,ROUTE_PROXY_UNVALIDATED|LOW_CURRENT_SAMPLE|LOW_PLAYER_SAMPLE,HISTORICAL TEST ONLY,"Research only - no odds, edge, or betting recommendation."
12.5,4,J.Goff,DET,WAS,QB,19.938766084842687,0.880361341583379,Medium,ROUTE_PROXY_UNVALIDATED|LOW_CURRENT_SAMPLE|LOW_PLAYER_SAMPLE,HISTORICAL TEST ONLY,"Research only - no odds, edge, or betting recommendation."
12.5,5,C.Williams,CHI,GB,QB,18.486544137823397,0.8281951343376571,Medium,ROUTE_PROXY_UNVALIDATED|LOW_CURRENT_SAMPLE|LOW_PLAYER_SAMPLE,HISTORICAL TEST ONLY,"Research only - no odds, edge, or betting recommendation."
12.5,6,B.Nix,DEN,BUF,QB,17.371664965839578,0.7795533986559123,Medium,ROUTE_PROXY_UNVALIDATED|LOW_CURRENT_SAMPLE|LOW_PLAYER_SAMPLE,HISTORICAL TEST ONLY,"Research only - no odds, edge, or betting recommendation."
12.5,7,J.Burrow,CIN,PIT,QB,17.307441183790203,0.776529802565364,Medium,ROUTE_PROXY_UNVALIDATED|LOW_CURRENT_SAMPLE|LOW_PLAYER_SAMPLE,HISTORICAL TEST ONLY,"Research only - no odds, edge, or betting recommendation."
12.5,8,G.Smith,SEA,LA,QB,13.428567798106926,0.5583934234282079,Medium,ROUTE_PROXY_UNVALIDATED|LOW_CURRENT_SAMPLE|LOW_PLAYER_SAMPLE,HISTORICAL TEST ONLY,"Research only - no odds, edge, or betting recommendation."
12.5,9,L.Jackson,BAL,BUF,QB,13.41352667170872,0.557454175863441,Medium,ROUTE_PROXY_UNVALIDATED|LOW_CURRENT_SAMPLE|LOW_PLAYER_SAMPLE,HISTORICAL TEST ONLY,"Research only - no odds, edge, or betting recommendation."
12.5,10,S.Darnold,MIN,LA,QB,12.93846180494894,0.5276499036935032,Medium,ROUTE_PROXY_UNVALIDATED|LOW_CURRENT_SAMPLE|LOW_PLAYER_SAMPLE,HISTORICAL TEST ONLY,"Research only - no odds, edge, or betting recommendation."
12.5,11,R.Wilson,PIT,BAL,QB,12.463500428762382,0.4976964621758978,Medium,ROUTE_PROXY_UNVALIDATED|LOW_CURRENT_SAMPLE|LOW_PLAYER_SAMPLE,HISTORICAL TEST ONLY,"Research only - no odds, edge, or betting recommendation."
12.5,12,J.Flacco,IND,JAX,QB,12.237210779827205,0.4834196970541844,Medium,ROUTE_PROXY_UNVALIDATED|LOW_CURRENT_SAMPLE|LOW_PLAYER_SAMPLE,HISTORICAL TEST ONLY,"Research only - no odds, edge, or betting recommendation."
12.5,13,T.Tagovailoa,MIA,SF,QB,11.18951920621108,0.41788195498994984,Medium,ROUTE_PROXY_UNVALIDATED|LOW_CURRENT_SAMPLE|LOW_PLAYER_SAMPLE,HISTORICAL TEST ONLY,"Research only - no odds, edge, or betting recommendation."
12.5,14,J.Allen,BUF,KC,QB,11.187325300567217,0.41774644246590487,Medium,ROUTE_PROXY_UNVALIDATED|LOW_CURRENT_SAMPLE|LOW_PLAYER_SAMPLE,HISTORICAL TEST ONLY,"Research only - no odds, edge, or betting recommendation."
12.5,15,B.Purdy,SF,DET,QB,10.977394403845588,0.40482693947452164,Medium,ROUTE_PROXY_UNVALIDATED|LOW_CURRENT_SAMPLE|LOW_PLAYER_SAMPLE,HISTORICAL TEST ONLY,"Research only - no odds, edge, or betting recommendation."
12.5,16,D.Carr,NO,NYG,QB,10.037986131193662,0.3484588048683356,Medium,ROUTE_PROXY_UNVALIDATED|LOW_CURRENT_SAMPLE|LOW_PLAYER_SAMPLE,HISTORICAL TEST ONLY,"Research only - no odds, edge, or betting recommendation."
12.5,17,D.Prescott,DAL,ATL,QB,9.930531539571858,0.3421935851558152,Medium,ROUTE_PROXY_UNVALIDATED|LOW_CURRENT_SAMPLE|LOW_PLAYER_SAMPLE,HISTORICAL TEST ONLY,"Research only - no odds, edge, or betting recommendation."
12.5,18,S.Rattler,NO,TB,QB,9.867107442191791,0.3385157466917109,Medium,ROUTE_PROXY_UNVALIDATED|LOW_CURRENT_SAMPLE|LOW_PLAYER_SAMPLE,HISTORICAL TEST ONLY,"Research only - no odds, edge, or betting recommendation."
12.5,19,A.Dalton,CAR,WAS,QB,9.796489570291108,0.3344388151536295,Medium,ROUTE_PROXY_UNVALIDATED|LOW_CURRENT_SAMPLE|LOW_PLAYER_SAMPLE,HISTORICAL TEST ONLY,"Research only - no odds, edge, or betting recommendation."
12.5,20,B.Young,CAR,ATL,QB,9.76397692493441,0.3325682936443387,Medium,ROUTE_PROXY_UNVALIDATED|LOW_CURRENT_SAMPLE|LOW_PLAYER_SAMPLE,HISTORICAL TEST ONLY,"Research only - no odds, edge, or betting recommendation."
12.5,21,J.Herbert,LAC,HOU,QB,9.711824392409389,0.3295765520956584,Medium,ROUTE_PROXY_UNVALIDATED|LOW_CURRENT_SAMPLE|LOW_PLAYER_SAMPLE,HISTORICAL TEST ONLY,"Research only - no odds, edge, or betting recommendation."
12.5,22,J.Dobbs,SF,ARI,QB,9.707441520195587,0.3293256204096626,Medium,ROUTE_PROXY_UNVALIDATED|LOW_CURRENT_SAMPLE|LOW_PLAYER_SAMPLE,HISTORICAL TEST ONLY,"Research only - no odds, edge, or betting recommendation."
12.5,23,E.Stick,LAC,KC,QB,9.6807924338992,0.3278015434799916,Medium,ROUTE_PROXY_UNVALIDATED|LOW_CURRENT_SAMPLE|LOW_PLAYER_SAMPLE,HISTORICAL TEST ONLY,"Research only - no odds, edge, or betting recommendation."
12.5,24,J.Hall,MIN,GB,QB,9.659469700350533,0.3265841445370279,Medium,ROUTE_PROXY_UNVALIDATED|LOW_CURRENT_SAMPLE|LOW_PLAYER_SAMPLE|LOW_QB_ATTEMPT_SAMPLE|LOW_COMPLETION_SAMPLE,HISTORICAL TEST ONLY,"Research only - no odds, edge, or betting recommendation."
12.5,25,J.Love,GB,PHI,QB,9.278482773455758,0.30515312890718516,Medium,ROUTE_PROXY_UNVALIDATED|LOW_CURRENT_SAMPLE|LOW_PLAYER_SAMPLE,HISTORICAL TEST ONLY,"Research only - no odds, edge, or betting recommendation."
14.5,1,K.Murray,ARI,SF,QB,21.465659706411053,0.8647584591836972,Medium,ROUTE_PROXY_UNVALIDATED|LOW_CURRENT_SAMPLE|LOW_PLAYER_SAMPLE,HISTORICAL TEST ONLY,"Research only - no odds, edge, or betting recommendation."
14.5,2,B.Mayfield,TB,WAS,QB,21.056661495149434,0.8501899029098727,Medium,ROUTE_PROXY_UNVALIDATED|LOW_CURRENT_SAMPLE|LOW_PLAYER_SAMPLE,HISTORICAL TEST ONLY,"Research only - no odds, edge, or betting recommendation."
14.5,3,J.Daniels,WAS,PHI,QB,20.0856527002261,0.8115538834364368,Medium,ROUTE_PROXY_UNVALIDATED|LOW_CURRENT_SAMPLE|LOW_PLAYER_SAMPLE,HISTORICAL TEST ONLY,"Research only - no odds, edge, or betting recommendation."
14.5,4,J.Goff,DET,WAS,QB,19.938766084842687,0.8052156587239088,Medium,ROUTE_PROXY_UNVALIDATED|LOW_CURRENT_SAMPLE|LOW_PLAYER_SAMPLE,HISTORICAL TEST ONLY,"Research only - no odds, edge, or betting recommendation."
14.5,5,C.Williams,CHI,GB,QB,18.486544137823397,0.7358691513874445,Medium,ROUTE_PROXY_UNVALIDATED|LOW_CURRENT_SAMPLE|LOW_PLAYER_SAMPLE,HISTORICAL TEST ONLY,"Research only - no odds, edge, or betting recommendation."
14.5,6,B.Nix,DEN,BUF,QB,17.371664965839578,0.675190141368379,Medium,ROUTE_PROXY_UNVALIDATED|LOW_CURRENT_SAMPLE|LOW_PLAYER_SAMPLE,HISTORICAL TEST ONLY,"Research only - no odds, edge, or betting recommendation."
14.5,7,J.Burrow,CIN,PIT,QB,17.307441183790203,0.6715258818749656,Medium,ROUTE_PROXY_UNVALIDATED|LOW_CURRENT_SAMPLE|LOW_PLAYER_SAMPLE,HISTORICAL TEST ONLY,"Research only - no odds, edge, or betting recommendation."
14.5,8,G.Smith,SEA,LA,QB,13.428567798106926,0.4327024651218082,Medium,ROUTE_PROXY_UNVALIDATED|LOW_CURRENT_SAMPLE|LOW_PLAYER_SAMPLE,HISTORICAL TEST ONLY,"Research only - no odds, edge, or betting recommendation."
14.5,9,L.Jackson,BAL,BUF,QB,13.41352667170872,0.431766921968628,Medium,ROUTE_PROXY_UNVALIDATED|LOW_CURRENT_SAMPLE|LOW_PLAYER_SAMPLE,HISTORICAL TEST ONLY,"Research only - no odds, edge, or betting recommendation."
14.5,10,S.Darnold,MIN,LA,QB,12.93846180494894,0.40244187707548407,Medium,ROUTE_PROXY_UNVALIDATED|LOW_CURRENT_SAMPLE|LOW_PLAYER_SAMPLE,HISTORICAL TEST ONLY,"Research only - no odds, edge, or betting recommendation."
14.5,11,R.Wilson,PIT,BAL,QB,12.463500428762382,0.3736621916824797,Medium,ROUTE_PROXY_UNVALIDATED|LOW_CURRENT_SAMPLE|LOW_PLAYER_SAMPLE,HISTORICAL TEST ONLY,"Research only - no odds, edge, or betting recommendation."
14.5,12,J.Flacco,IND,JAX,QB,12.237210779827205,0.36018368355078445,Medium,ROUTE_PROXY_UNVALIDATED|LOW_CURRENT_SAMPLE|LOW_PLAYER_SAMPLE,HISTORICAL TEST ONLY,"Research only - no odds, edge, or betting recommendation."
14.5,13,T.Tagovailoa,MIA,SF,QB,11.18951920621108,0.300240071578628,Medium,ROUTE_PROXY_UNVALIDATED|LOW_CURRENT_SAMPLE|LOW_PLAYER_SAMPLE,HISTORICAL TEST ONLY,"Research only - no odds, edge, or betting recommendation."
14.5,14,J.Allen,BUF,KC,QB,11.187325300567217,0.3001193649877797,Medium,ROUTE_PROXY_UNVALIDATED|LOW_CURRENT_SAMPLE|LOW_PLAYER_SAMPLE,HISTORICAL TEST ONLY,"Research only - no odds, edge, or betting recommendation."
14.5,15,B.Purdy,SF,DET,QB,10.977394403845588,0.288672234579628,Medium,ROUTE_PROXY_UNVALIDATED|LOW_CURRENT_SAMPLE|LOW_PLAYER_SAMPLE,HISTORICAL TEST ONLY,"Research only - no odds, edge, or betting recommendation."
14.5,16,D.Carr,NO,NYG,QB,10.037986131193662,0.2401313976073911,Medium,ROUTE_PROXY_UNVALIDATED|LOW_CURRENT_SAMPLE|LOW_PLAYER_SAMPLE,HISTORICAL TEST ONLY,"Research only - no odds, edge, or betting recommendation."
14.5,17,D.Prescott,DAL,ATL,QB,9.930531539571858,0.23487710908404458,Medium,ROUTE_PROXY_UNVALIDATED|LOW_CURRENT_SAMPLE|LOW_PLAYER_SAMPLE,HISTORICAL TEST ONLY,"Research only - no odds, edge, or betting recommendation."
14.5,18,S.Rattler,NO,TB,QB,9.867107442191791,0.2318058827642724,Medium,ROUTE_PROXY_UNVALIDATED|LOW_CURRENT_SAMPLE|LOW_PLAYER_SAMPLE,HISTORICAL TEST ONLY,"Research only - no odds, edge, or betting recommendation."
14.5,19,A.Dalton,CAR,WAS,QB,9.796489570291108,0.22841278887035377,Medium,ROUTE_PROXY_UNVALIDATED|LOW_CURRENT_SAMPLE|LOW_PLAYER_SAMPLE,HISTORICAL TEST ONLY,"Research only - no odds, edge, or betting recommendation."
14.5,20,B.Young,CAR,ATL,QB,9.76397692493441,0.22686003148730072,Medium,ROUTE_PROXY_UNVALIDATED|LOW_CURRENT_SAMPLE|LOW_PLAYER_SAMPLE,HISTORICAL TEST ONLY,"Research only - no odds, edge, or betting recommendation."
14.5,21,J.Herbert,LAC,HOU,QB,9.711824392409389,0.22438178191155012,Medium,ROUTE_PROXY_UNVALIDATED|LOW_CURRENT_SAMPLE|LOW_PLAYER_SAMPLE,HISTORICAL TEST ONLY,"Research only - no odds, edge, or betting recommendation."
14.5,22,J.Dobbs,SF,ARI,QB,9.707441520195587,0.22417421336895937,Medium,ROUTE_PROXY_UNVALIDATED|LOW_CURRENT_SAMPLE|LOW_PLAYER_SAMPLE,HISTORICAL TEST ONLY,"Research only - no odds, edge, or betting recommendation."
14.5,23,E.Stick,LAC,KC,QB,9.6807924338992,0.22291448834198846,Medium,ROUTE_PROXY_UNVALIDATED|LOW_CURRENT_SAMPLE|LOW_PLAYER_SAMPLE,HISTORICAL TEST ONLY,"Research only - no odds, edge, or betting recommendation."
14.5,24,J.Hall,MIN,GB,QB,9.659469700350533,0.2219094552863179,Medium,ROUTE_PROXY_UNVALIDATED|LOW_CURRENT_SAMPLE|LOW_PLAYER_SAMPLE|LOW_QB_ATTEMPT_SAMPLE|LOW_COMPLETION_SAMPLE,HISTORICAL TEST ONLY,"Research only - no odds, edge, or betting recommendation."
14.5,25,J.Love,GB,PHI,QB,9.278482773455758,0.2043930908453646,Medium,ROUTE_PROXY_UNVALIDATED|LOW_CURRENT_SAMPLE|LOW_PLAYER_SAMPLE,HISTORICAL TEST ONLY,"Research only - no odds, edge, or betting recommendation."
16.5,1,K.Murray,ARI,SF,QB,21.465659706411053,0.7839360351778717,Medium,ROUTE_PROXY_UNVALIDATED|LOW_CURRENT_SAMPLE|LOW_PLAYER_SAMPLE,HISTORICAL TEST ONLY,"Research only - no odds, edge, or betting recommendation."
16.5,2,B.Mayfield,TB,WAS,QB,21.056661495149434,0.7645000131533752,Medium,ROUTE_PROXY_UNVALIDATED|LOW_CURRENT_SAMPLE|LOW_PLAYER_SAMPLE,HISTORICAL TEST ONLY,"Research only - no odds, edge, or betting recommendation."
16.5,3,J.Daniels,WAS,PHI,QB,20.0856527002261,0.7147250119515713,Medium,ROUTE_PROXY_UNVALIDATED|LOW_CURRENT_SAMPLE|LOW_PLAYER_SAMPLE,HISTORICAL TEST ONLY,"Research only - no odds, edge, or betting recommendation."
16.5,4,J.Goff,DET,WAS,QB,19.938766084842687,0.7067808442362661,Medium,ROUTE_PROXY_UNVALIDATED|LOW_CURRENT_SAMPLE|LOW_PLAYER_SAMPLE,HISTORICAL TEST ONLY,"Research only - no odds, edge, or betting recommendation."
16.5,5,C.Williams,CHI,GB,QB,18.486544137823397,0.6233406974783455,Medium,ROUTE_PROXY_UNVALIDATED|LOW_CURRENT_SAMPLE|LOW_PLAYER_SAMPLE,HISTORICAL TEST ONLY,"Research only - no odds, edge, or betting recommendation."
16.5,6,B.Nix,DEN,BUF,QB,17.371664965839578,0.5548384249729654,Medium,ROUTE_PROXY_UNVALIDATED|LOW_CURRENT_SAMPLE|LOW_PLAYER_SAMPLE,HISTORICAL TEST ONLY,"Research only - no odds, edge, or betting recommendation."
16.5,7,J.Burrow,CIN,PIT,QB,17.307441183790203,0.5508207612458365,Medium,ROUTE_PROXY_UNVALIDATED|LOW_CURRENT_SAMPLE|LOW_PLAYER_SAMPLE,HISTORICAL TEST ONLY,"Research only - no odds, edge, or betting recommendation."
16.5,8,G.Smith,SEA,LA,QB,13.428567798106926,0.3135214273216371,Medium,ROUTE_PROXY_UNVALIDATED|LOW_CURRENT_SAMPLE|LOW_PLAYER_SAMPLE,HISTORICAL TEST ONLY,"Research only - no odds, edge, or betting recommendation."
16.5,9,L.Jackson,BAL,BUF,QB,13.41352667170872,0.31267834082381296,Medium,ROUTE_PROXY_UNVALIDATED|LOW_CURRENT_SAMPLE|LOW_PLAYER_SAMPLE,HISTORICAL TEST ONLY,"Research only - no odds, edge, or betting recommendation."
16.5,10,S.Darnold,MIN,LA,QB,12.93846180494894,0.2865721293798087,Medium,ROUTE_PROXY_UNVALIDATED|LOW_CURRENT_SAMPLE|LOW_PLAYER_SAMPLE,HISTORICAL TEST ONLY,"Research only - no odds, edge, or betting recommendation."
16.5,11,R.Wilson,PIT,BAL,QB,12.463500428762382,0.2615531063090317,Medium,ROUTE_PROXY_UNVALIDATED|LOW_CURRENT_SAMPLE|LOW_PLAYER_SAMPLE,HISTORICAL TEST ONLY,"Research only - no odds, edge, or betting recommendation."
16.5,12,J.Flacco,IND,JAX,QB,12.237210779827205,0.25004025170869926,Medium,ROUTE_PROXY_UNVALIDATED|LOW_CURRENT_SAMPLE|LOW_PLAYER_SAMPLE,HISTORICAL TEST ONLY,"Research only - no odds, edge, or betting recommendation."
16.5,13,T.Tagovailoa,MIA,SF,QB,11.18951920621108,0.20042464706953855,Medium,ROUTE_PROXY_UNVALIDATED|LOW_CURRENT_SAMPLE|LOW_PLAYER_SAMPLE,HISTORICAL TEST ONLY,"Research only - no odds, edge, or betting recommendation."
16.5,14,J.Allen,BUF,KC,QB,11.187325300567217,0.20032737076220508,Medium,ROUTE_PROXY_UNVALIDATED|LOW_CURRENT_SAMPLE|LOW_PLAYER_SAMPLE,HISTORICAL TEST ONLY,"Research only - no odds, edge, or betting recommendation."
16.5,15,B.Purdy,SF,DET,QB,10.977394403845588,0.1911508935271612,Medium,ROUTE_PROXY_UNVALIDATED|LOW_CURRENT_SAMPLE|LOW_PLAYER_SAMPLE,HISTORICAL TEST ONLY,"Research only - no odds, edge, or betting recommendation."
16.5,16,D.Carr,NO,NYG,QB,10.037986131193662,0.15332533762750078,Medium,ROUTE_PROXY_UNVALIDATED|LOW_CURRENT_SAMPLE|LOW_PLAYER_SAMPLE,HISTORICAL TEST ONLY,"Research only - no odds, edge, or betting recommendation."
16.5,17,D.Prescott,DAL,ATL,QB,9.930531539571858,0.14933860493802686,Medium,ROUTE_PROXY_UNVALIDATED|LOW_CURRENT_SAMPLE|LOW_PLAYER_SAMPLE,HISTORICAL TEST ONLY,"Research only - no odds, edge, or betting recommendation."
16.5,18,S.Rattler,NO,TB,QB,9.867107442191791,0.1470182421182482,Medium,ROUTE_PROXY_UNVALIDATED|LOW_CURRENT_SAMPLE|LOW_PLAYER_SAMPLE,HISTORICAL TEST ONLY,"Research only - no odds, edge, or betting recommendation."
16.5,19,A.Dalton,CAR,WAS,QB,9.796489570291108,0.14446328667543606,Medium,ROUTE_PROXY_UNVALIDATED|LOW_CURRENT_SAMPLE|LOW_PLAYER_SAMPLE,HISTORICAL TEST ONLY,"Research only - no odds, edge, or betting recommendation."
16.5,20,B.Young,CAR,ATL,QB,9.76397692493441,0.1432970971483415,Medium,ROUTE_PROXY_UNVALIDATED|LOW_CURRENT_SAMPLE|LOW_PLAYER_SAMPLE,HISTORICAL TEST ONLY,"Research only - no odds, edge, or betting recommendation."
16.5,21,J.Herbert,LAC,HOU,QB,9.711824392409389,0.14143975977974166,Medium,ROUTE_PROXY_UNVALIDATED|LOW_CURRENT_SAMPLE|LOW_PLAYER_SAMPLE,HISTORICAL TEST ONLY,"Research only - no odds, edge, or betting recommendation."
16.5,22,J.Dobbs,SF,ARI,QB,9.707441520195587,0.1412844166284617,Medium,ROUTE_PROXY_UNVALIDATED|LOW_CURRENT_SAMPLE|LOW_PLAYER_SAMPLE,HISTORICAL TEST ONLY,"Research only - no odds, edge, or betting recommendation."
16.5,23,E.Stick,LAC,KC,QB,9.6807924338992,0.1403423768703328,Medium,ROUTE_PROXY_UNVALIDATED|LOW_CURRENT_SAMPLE|LOW_PLAYER_SAMPLE,HISTORICAL TEST ONLY,"Research only - no odds, edge, or betting recommendation."
16.5,24,J.Hall,MIN,GB,QB,9.659469700350533,0.13959170117534025,Medium,ROUTE_PROXY_UNVALIDATED|LOW_CURRENT_SAMPLE|LOW_PLAYER_SAMPLE|LOW_QB_ATTEMPT_SAMPLE|LOW_COMPLETION_SAMPLE,HISTORICAL TEST ONLY,"Research only - no odds, edge, or betting recommendation."
16.5,25,J.Love,GB,PHI,QB,9.278482773455758,0.12663832758247895,Medium,ROUTE_PROXY_UNVALIDATED|LOW_CURRENT_SAMPLE|LOW_PLAYER_SAMPLE,HISTORICAL TEST ONLY,"Research only - no odds, edge, or betting recommendation."
18.5,1,K.Murray,ARI,SF,QB,21.465659706411053,0.6805224675081915,Medium,ROUTE_PROXY_UNVALIDATED|LOW_CURRENT_SAMPLE|LOW_PLAYER_SAMPLE,HISTORICAL TEST ONLY,"Research only - no odds, edge, or betting recommendation."
18.5,2,B.Mayfield,TB,WAS,QB,21.056661495149434,0.6570619302057054,Medium,ROUTE_PROXY_UNVALIDATED|LOW_CURRENT_SAMPLE|LOW_PLAYER_SAMPLE,HISTORICAL TEST ONLY,"Research only - no odds, edge, or betting recommendation."
18.5,3,J.Daniels,WAS,PHI,QB,20.0856527002261,0.5990335962090996,Medium,ROUTE_PROXY_UNVALIDATED|LOW_CURRENT_SAMPLE|LOW_PLAYER_SAMPLE,HISTORICAL TEST ONLY,"Research only - no odds, edge, or betting recommendation."
18.5,4,J.Goff,DET,WAS,QB,19.938766084842687,0.5900250300108767,Medium,ROUTE_PROXY_UNVALIDATED|LOW_CURRENT_SAMPLE|LOW_PLAYER_SAMPLE,HISTORICAL TEST ONLY,"Research only - no odds, edge, or betting recommendation."
18.5,5,C.Williams,CHI,GB,QB,18.486544137823397,0.4991507780705712,Medium,ROUTE_PROXY_UNVALIDATED|LOW_CURRENT_SAMPLE|LOW_PLAYER_SAMPLE,HISTORICAL TEST ONLY,"Research only - no odds, edge, or betting recommendation."
18.5,6,B.Nix,DEN,BUF,QB,17.371664965839578,0.4291651953076322,Medium,ROUTE_PROXY_UNVALIDATED|LOW_CURRENT_SAMPLE|LOW_PLAYER_SAMPLE,HISTORICAL TEST ONLY,"Research only - no odds, edge, or betting recommendation."
18.5,7,J.Burrow,CIN,PIT,QB,17.307441183790203,0.42517966732853196,Medium,ROUTE_PROXY_UNVALIDATED|LOW_CURRENT_SAMPLE|LOW_PLAYER_SAMPLE,HISTORICAL TEST ONLY,"Research only - no odds, edge, or betting recommendation."
18.5,8,G.Smith,SEA,LA,QB,13.428567798106926,0.21119305227077156,Medium,ROUTE_PROXY_UNVALIDATED|LOW_CURRENT_SAMPLE|LOW_PLAYER_SAMPLE,HISTORICAL TEST ONLY,"Research only - no odds, edge, or betting recommendation."
18.5,9,L.Jackson,BAL,BUF,QB,13.41352667170872,0.2105056594282212,Medium,ROUTE_PROXY_UNVALIDATED|LOW_CURRENT_SAMPLE|LOW_PLAYER_SAMPLE,HISTORICAL TEST ONLY,"Research only - no odds, edge, or betting recommendation."
18.5,10,S.Darnold,MIN,LA,QB,12.93846180494894,0.18947785079366353,Medium,ROUTE_PROXY_UNVALIDATED|LOW_CURRENT_SAMPLE|LOW_PLAYER_SAMPLE,HISTORICAL TEST ONLY,"Research only - no odds, edge, or betting recommendation."
18.5,11,R.Wilson,PIT,BAL,QB,12.463500428762382,0.16979900407573556,Medium,ROUTE_PROXY_UNVALIDATED|LOW_CURRENT_SAMPLE|LOW_PLAYER_SAMPLE,HISTORICAL TEST ONLY,"Research only - no odds, edge, or betting recommendation."
18.5,12,J.Flacco,IND,JAX,QB,12.237210779827205,0.16090180313396862,Medium,ROUTE_PROXY_UNVALIDATED|LOW_CURRENT_SAMPLE|LOW_PLAYER_SAMPLE,HISTORICAL TEST ONLY,"Research only - no odds, edge, or betting recommendation."
18.5,13,T.Tagovailoa,MIA,SF,QB,11.18951920621108,0.12373822145425628,Medium,ROUTE_PROXY_UNVALIDATED|LOW_CURRENT_SAMPLE|LOW_PLAYER_SAMPLE,HISTORICAL TEST ONLY,"Research only - no odds, edge, or betting recommendation."
18.5,14,J.Allen,BUF,KC,QB,11.187325300567217,0.12366729508799323,Medium,ROUTE_PROXY_UNVALIDATED|LOW_CURRENT_SAMPLE|LOW_PLAYER_SAMPLE,HISTORICAL TEST ONLY,"Research only - no odds, edge, or betting recommendation."
18.5,15,B.Purdy,SF,DET,QB,10.977394403845588,0.11701174601244047,Medium,ROUTE_PROXY_UNVALIDATED|LOW_CURRENT_SAMPLE|LOW_PLAYER_SAMPLE,HISTORICAL TEST ONLY,"Research only - no odds, edge, or betting recommendation."
18.5,16,D.Carr,NO,NYG,QB,10.037986131193662,0.0903389959444032,Medium,ROUTE_PROXY_UNVALIDATED|LOW_CURRENT_SAMPLE|LOW_PLAYER_SAMPLE,HISTORICAL TEST ONLY,"Research only - no odds, edge, or betting recommendation."
18.5,17,D.Prescott,DAL,ATL,QB,9.930531539571858,0.08760217801692516,Medium,ROUTE_PROXY_UNVALIDATED|LOW_CURRENT_SAMPLE|LOW_PLAYER_SAMPLE,HISTORICAL TEST ONLY,"Research only - no odds, edge, or betting recommendation."
18.5,18,S.Rattler,NO,TB,QB,9.867107442191791,0.08601609877399519,Medium,ROUTE_PROXY_UNVALIDATED|LOW_CURRENT_SAMPLE|LOW_PLAYER_SAMPLE,HISTORICAL TEST ONLY,"Research only - no odds, edge, or betting recommendation."
18.5,19,A.Dalton,CAR,WAS,QB,9.796489570291108,0.08427551160528535,Medium,ROUTE_PROXY_UNVALIDATED|LOW_CURRENT_SAMPLE|LOW_PLAYER_SAMPLE,HISTORICAL TEST ONLY,"Research only - no odds, edge, or betting recommendation."
18.5,20,B.Young,CAR,ATL,QB,9.76397692493441,0.08348308452494946,Medium,ROUTE_PROXY_UNVALIDATED|LOW_CURRENT_SAMPLE|LOW_PLAYER_SAMPLE,HISTORICAL TEST ONLY,"Research only - no odds, edge, or betting recommendation."
18.5,21,J.Herbert,LAC,HOU,QB,9.711824392409389,0.08222369133340623,Medium,ROUTE_PROXY_UNVALIDATED|LOW_CURRENT_SAMPLE|LOW_PLAYER_SAMPLE,HISTORICAL TEST ONLY,"Research only - no odds, edge, or betting recommendation."
18.5,22,J.Dobbs,SF,ARI,QB,9.707441520195587,0.08211850792747932,Medium,ROUTE_PROXY_UNVALIDATED|LOW_CURRENT_SAMPLE|LOW_PLAYER_SAMPLE,HISTORICAL TEST ONLY,"Research only - no odds, edge, or betting recommendation."
18.5,23,E.Stick,LAC,KC,QB,9.6807924338992,0.08148114424525543,Medium,ROUTE_PROXY_UNVALIDATED|LOW_CURRENT_SAMPLE|LOW_PLAYER_SAMPLE,HISTORICAL TEST ONLY,"Research only - no odds, edge, or betting recommendation."
18.5,24,J.Hall,MIN,GB,QB,9.659469700350533,0.08097386283619068,Medium,ROUTE_PROXY_UNVALIDATED|LOW_CURRENT_SAMPLE|LOW_PLAYER_SAMPLE|LOW_QB_ATTEMPT_SAMPLE|LOW_COMPLETION_SAMPLE,HISTORICAL TEST ONLY,"Research only - no odds, edge, or betting recommendation."
18.5,25,J.Love,GB,PHI,QB,9.278482773455758,0.07230704819483513,Medium,ROUTE_PROXY_UNVALIDATED|LOW_CURRENT_SAMPLE|LOW_PLAYER_SAMPLE,HISTORICAL TEST ONLY,"Research only - no odds, edge, or betting recommendation."
20.5,1,K.Murray,ARI,SF,QB,21.465659706411053,0.5607082248901372,Medium,ROUTE_PROXY_UNVALIDATED|LOW_CURRENT_SAMPLE|LOW_PLAYER_SAMPLE,HISTORICAL TEST ONLY,"Research only - no odds, edge, or betting recommendation."
20.5,2,B.Mayfield,TB,WAS,QB,21.056661495149434,0.5350865077521603,Medium,ROUTE_PROXY_UNVALIDATED|LOW_CURRENT_SAMPLE|LOW_PLAYER_SAMPLE,HISTORICAL TEST ONLY,"Research only - no odds, edge, or betting recommendation."
20.5,3,J.Daniels,WAS,PHI,QB,20.0856527002261,0.47386854456475735,Medium,ROUTE_PROXY_UNVALIDATED|LOW_CURRENT_SAMPLE|LOW_PLAYER_SAMPLE,HISTORICAL TEST ONLY,"Research only - no odds, edge, or betting recommendation."
20.5,4,J.Goff,DET,WAS,QB,19.938766084842687,0.46462604492631476,Medium,ROUTE_PROXY_UNVALIDATED|LOW_CURRENT_SAMPLE|LOW_PLAYER_SAMPLE,HISTORICAL TEST ONLY,"Research only - no odds, edge, or betting recommendation."
20.5,5,C.Williams,CHI,GB,QB,18.486544137823397,0.3750437782032062,Medium,ROUTE_PROXY_UNVALIDATED|LOW_CURRENT_SAMPLE|LOW_PLAYER_SAMPLE,HISTORICAL TEST ONLY,"Research only - no odds, edge, or betting recommendation."
20.5,6,B.Nix,DEN,BUF,QB,17.371664965839578,0.31033706999716004,Medium,ROUTE_PROXY_UNVALIDATED|LOW_CURRENT_SAMPLE|LOW_PLAYER_SAMPLE,HISTORICAL TEST ONLY,"Research only - no odds, edge, or betting recommendation."
20.5,7,J.Burrow,CIN,PIT,QB,17.307441183790203,0.3067600360946783,Medium,ROUTE_PROXY_UNVALIDATED|LOW_CURRENT_SAMPLE|LOW_PLAYER_SAMPLE,HISTORICAL TEST ONLY,"Research only - no odds, edge, or betting recommendation."
20.5,8,G.Smith,SEA,LA,QB,13.428567798106926,0.1316375484385548,Medium,ROUTE_PROXY_UNVALIDATED|LOW_CURRENT_SAMPLE|LOW_PLAYER_SAMPLE,HISTORICAL TEST ONLY,"Research only - no odds, edge, or betting recommendation."
20.5,9,L.Jackson,BAL,BUF,QB,13.41352667170872,0.13113048483349066,Medium,ROUTE_PROXY_UNVALIDATED|LOW_CURRENT_SAMPLE|LOW_PLAYER_SAMPLE,HISTORICAL TEST ONLY,"Research only - no odds, edge, or betting recommendation."
20.5,10,S.Darnold,MIN,LA,QB,12.93846180494894,0.11580588376948353,Medium,ROUTE_PROXY_UNVALIDATED|LOW_CURRENT_SAMPLE|LOW_PLAYER_SAMPLE,HISTORICAL TEST ONLY,"Research only - no odds, edge, or betting recommendation."
20.5,11,R.Wilson,PIT,BAL,QB,12.463500428762382,0.10180118005116334,Medium,ROUTE_PROXY_UNVALIDATED|LOW_CURRENT_SAMPLE|LOW_PLAYER_SAMPLE,HISTORICAL TEST ONLY,"Research only - no odds, edge, or betting recommendation."
20.5,12,J.Flacco,IND,JAX,QB,12.237210779827205,0.0955802837389681,Medium,ROUTE_PROXY_UNVALIDATED|LOW_CURRENT_SAMPLE|LOW_PLAYER_SAMPLE,HISTORICAL TEST ONLY,"Research only - no odds, edge, or betting recommendation."
20.5,13,T.Tagovailoa,MIA,SF,QB,11.18951920621108,0.07038955951020598,Medium,ROUTE_PROXY_UNVALIDATED|LOW_CURRENT_SAMPLE|LOW_PLAYER_SAMPLE,HISTORICAL TEST ONLY,"Research only - no odds, edge, or betting recommendation."
20.5,14,J.Allen,BUF,KC,QB,11.187325300567217,0.07034277168196446,Medium,ROUTE_PROXY_UNVALIDATED|LOW_CURRENT_SAMPLE|LOW_PLAYER_SAMPLE,HISTORICAL TEST ONLY,"Research only - no odds, edge, or betting recommendation."
20.5,15,B.Purdy,SF,DET,QB,10.977394403845588,0.06597539826874121,Medium,ROUTE_PROXY_UNVALIDATED|LOW_CURRENT_SAMPLE|LOW_PLAYER_SAMPLE,HISTORICAL TEST ONLY,"Research only - no odds, edge, or betting recommendation."
20.5,16,D.Carr,NO,NYG,QB,10.037986131193662,0.048955591406976584,Medium,ROUTE_PROXY_UNVALIDATED|LOW_CURRENT_SAMPLE|LOW_PLAYER_SAMPLE,HISTORICAL TEST ONLY,"Research only - no odds, edge, or betting recommendation."
20.5,17,D.Prescott,DAL,ATL,QB,9.930531539571858,0.047255781783830164,Medium,ROUTE_PROXY_UNVALIDATED|LOW_CURRENT_SAMPLE|LOW_PLAYER_SAMPLE,HISTORICAL TEST ONLY,"Research only - no odds, edge, or betting recommendation."
20.5,18,S.Rattler,NO,TB,QB,9.867107442191791,0.046274895251469994,Medium,ROUTE_PROXY_UNVALIDATED|LOW_CURRENT_SAMPLE|LOW_PLAYER_SAMPLE,HISTORICAL TEST ONLY,"Research only - no odds, edge, or betting recommendation."
20.5,19,A.Dalton,CAR,WAS,QB,9.796489570291108,0.04520205954687162,Medium,ROUTE_PROXY_UNVALIDATED|LOW_CURRENT_SAMPLE|LOW_PLAYER_SAMPLE,HISTORICAL TEST ONLY,"Research only - no odds, edge, or betting recommendation."
20.5,20,B.Young,CAR,ATL,QB,9.76397692493441,0.044714896746733235,Medium,ROUTE_PROXY_UNVALIDATED|LOW_CURRENT_SAMPLE|LOW_PLAYER_SAMPLE,HISTORICAL TEST ONLY,"Research only - no odds, edge, or betting recommendation."
20.5,21,J.Herbert,LAC,HOU,QB,9.711824392409389,0.0439422932416329,Medium,ROUTE_PROXY_UNVALIDATED|LOW_CURRENT_SAMPLE|LOW_PLAYER_SAMPLE,HISTORICAL TEST ONLY,"Research only - no odds, edge, or betting recommendation."
20.5,22,J.Dobbs,SF,ARI,QB,9.707441520195587,0.04387785749106898,Medium,ROUTE_PROXY_UNVALIDATED|LOW_CURRENT_SAMPLE|LOW_PLAYER_SAMPLE,HISTORICAL TEST ONLY,"Research only - no odds, edge, or betting recommendation."
20.5,23,E.Stick,LAC,KC,QB,9.6807924338992,0.04348770893821596,Medium,ROUTE_PROXY_UNVALIDATED|LOW_CURRENT_SAMPLE|LOW_PLAYER_SAMPLE,HISTORICAL TEST ONLY,"Research only - no odds, edge, or betting recommendation."
20.5,24,J.Hall,MIN,GB,QB,9.659469700350533,0.04317756012665219,Medium,ROUTE_PROXY_UNVALIDATED|LOW_CURRENT_SAMPLE|LOW_PLAYER_SAMPLE|LOW_QB_ATTEMPT_SAMPLE|LOW_COMPLETION_SAMPLE,HISTORICAL TEST ONLY,"Research only - no odds, edge, or betting recommendation."
20.5,25,J.Love,GB,PHI,QB,9.278482773455758,0.03793101006152977,Medium,ROUTE_PROXY_UNVALIDATED|LOW_CURRENT_SAMPLE|LOW_PLAYER_SAMPLE,HISTORICAL TEST ONLY,"Research only - no odds, edge, or betting recommendation."
22.5,1,K.Murray,ARI,SF,QB,21.465659706411053,0.43501114716133016,Medium,ROUTE_PROXY_UNVALIDATED|LOW_CURRENT_SAMPLE|LOW_PLAYER_SAMPLE,HISTORICAL TEST ONLY,"Research only - no odds, edge, or betting recommendation."
22.5,2,B.Mayfield,TB,WAS,QB,21.056661495149434,0.4096937988170284,Medium,ROUTE_PROXY_UNVALIDATED|LOW_CURRENT_SAMPLE|LOW_PLAYER_SAMPLE,HISTORICAL TEST ONLY,"Research only - no odds, edge, or betting recommendation."
22.5,3,J.Daniels,WAS,PHI,QB,20.0856527002261,0.35125145681756575,Medium,ROUTE_PROXY_UNVALIDATED|LOW_CURRENT_SAMPLE|LOW_PLAYER_SAMPLE,HISTORICAL TEST ONLY,"Research only - no odds, edge, or betting recommendation."
22.5,4,J.Goff,DET,WAS,QB,19.938766084842687,0.3426721992131867,Medium,ROUTE_PROXY_UNVALIDATED|LOW_CURRENT_SAMPLE|LOW_PLAYER_SAMPLE,HISTORICAL TEST ONLY,"Research only - no odds, edge, or betting recommendation."
22.5,5,C.Williams,CHI,GB,QB,18.486544137823397,0.2627405745800949,Medium,ROUTE_PROXY_UNVALIDATED|LOW_CURRENT_SAMPLE|LOW_PLAYER_SAMPLE,HISTORICAL TEST ONLY,"Research only - no odds, edge, or betting recommendation."
22.5,6,B.Nix,DEN,BUF,QB,17.371664965839578,0.20859946875333435,Medium,ROUTE_PROXY_UNVALIDATED|LOW_CURRENT_SAMPLE|LOW_PLAYER_SAMPLE,HISTORICAL TEST ONLY,"Research only - no odds, edge, or betting recommendation."
22.5,7,J.Burrow,CIN,PIT,QB,17.307441183790203,0.20569487655722152,Medium,ROUTE_PROXY_UNVALIDATED|LOW_CURRENT_SAMPLE|LOW_PLAYER_SAMPLE,HISTORICAL TEST ONLY,"Research only - no odds, edge, or betting recommendation."
22.5,8,G.Smith,SEA,LA,QB,13.428567798106926,0.0756323018691114,Medium,ROUTE_PROXY_UNVALIDATED|LOW_CURRENT_SAMPLE|LOW_PLAYER_SAMPLE,HISTORICAL TEST ONLY,"Research only - no odds, edge, or betting recommendation."
22.5,9,L.Jackson,BAL,BUF,QB,13.41352667170872,0.07529389089644478,Medium,ROUTE_PROXY_UNVALIDATED|LOW_CURRENT_SAMPLE|LOW_PLAYER_SAMPLE,HISTORICAL TEST ONLY,"Research only - no odds, edge, or betting recommendation."
22.5,10,S.Darnold,MIN,LA,QB,12.93846180494894,0.06518905343216441,Medium,ROUTE_PROXY_UNVALIDATED|LOW_CURRENT_SAMPLE|LOW_PLAYER_SAMPLE,HISTORICAL TEST ONLY,"Research only - no odds, edge, or betting recommendation."
22.5,11,R.Wilson,PIT,BAL,QB,12.463500428762382,0.056171407255655836,Medium,ROUTE_PROXY_UNVALIDATED|LOW_CURRENT_SAMPLE|LOW_PLAYER_SAMPLE,HISTORICAL TEST ONLY,"Research only - no odds, edge, or betting recommendation."
22.5,12,J.Flacco,IND,JAX,QB,12.237210779827205,0.05223607223492088,Medium,ROUTE_PROXY_UNVALIDATED|LOW_CURRENT_SAMPLE|LOW_PLAYER_SAMPLE,HISTORICAL TEST ONLY,"Research only - no odds, edge, or betting recommendation."
22.5,13,T.Tagovailoa,MIA,SF,QB,11.18951920621108,0.03678397422146773,Medium,ROUTE_PROXY_UNVALIDATED|LOW_CURRENT_SAMPLE|LOW_PLAYER_SAMPLE,HISTORICAL TEST ONLY,"Research only - no odds, edge, or betting recommendation."
22.5,14,J.Allen,BUF,KC,QB,11.187325300567217,0.036756049901495835,Medium,ROUTE_PROXY_UNVALIDATED|LOW_CURRENT_SAMPLE|LOW_PLAYER_SAMPLE,HISTORICAL TEST ONLY,"Research only - no odds, edge, or betting recommendation."
22.5,15,B.Purdy,SF,DET,QB,10.977394403845588,0.034163152700360744,Medium,ROUTE_PROXY_UNVALIDATED|LOW_CURRENT_SAMPLE|LOW_PLAYER_SAMPLE,HISTORICAL TEST ONLY,"Research only - no odds, edge, or betting recommendation."
22.5,16,D.Carr,NO,NYG,QB,10.037986131193662,0.024335591973722703,Medium,ROUTE_PROXY_UNVALIDATED|LOW_CURRENT_SAMPLE|LOW_PLAYER_SAMPLE,HISTORICAL TEST ONLY,"Research only - no odds, edge, or betting recommendation."
22.5,17,D.Prescott,DAL,ATL,QB,9.930531539571858,0.023380422905847853,Medium,ROUTE_PROXY_UNVALIDATED|LOW_CURRENT_SAMPLE|LOW_PLAYER_SAMPLE,HISTORICAL TEST ONLY,"Research only - no odds, edge, or betting recommendation."
22.5,18,S.Rattler,NO,TB,QB,9.867107442191791,0.022831593252422122,Medium,ROUTE_PROXY_UNVALIDATED|LOW_CURRENT_SAMPLE|LOW_PLAYER_SAMPLE,HISTORICAL TEST ONLY,"Research only - no odds, edge, or betting recommendation."
22.5,19,A.Dalton,CAR,WAS,QB,9.796489570291108,0.02223332541826606,Medium,ROUTE_PROXY_UNVALIDATED|LOW_CURRENT_SAMPLE|LOW_PLAYER_SAMPLE,HISTORICAL TEST ONLY,"Research only - no odds, edge, or betting recommendation."
22.5,20,B.Young,CAR,ATL,QB,9.76397692493441,0.021962360188917174,Medium,ROUTE_PROXY_UNVALIDATED|LOW_CURRENT_SAMPLE|LOW_PLAYER_SAMPLE,HISTORICAL TEST ONLY,"Research only - no odds, edge, or betting recommendation."
22.5,21,J.Herbert,LAC,HOU,QB,9.711824392409389,0.02153353844810224,Medium,ROUTE_PROXY_UNVALIDATED|LOW_CURRENT_SAMPLE|LOW_PLAYER_SAMPLE,HISTORICAL TEST ONLY,"Research only - no odds, edge, or betting recommendation."
22.5,22,J.Dobbs,SF,ARI,QB,9.707441520195587,0.021497825056379205,Medium,ROUTE_PROXY_UNVALIDATED|LOW_CURRENT_SAMPLE|LOW_PLAYER_SAMPLE,HISTORICAL TEST ONLY,"Research only - no odds, edge, or betting recommendation."
22.5,23,E.Stick,LAC,KC,QB,9.6807924338992,0.02128175365246565,Medium,ROUTE_PROXY_UNVALIDATED|LOW_CURRENT_SAMPLE|LOW_PLAYER_SAMPLE,HISTORICAL TEST ONLY,"Research only - no odds, edge, or betting recommendation."
22.5,24,J.Hall,MIN,GB,QB,9.659469700350533,0.021110193714994674,Medium,ROUTE_PROXY_UNVALIDATED|LOW_CURRENT_SAMPLE|LOW_PLAYER_SAMPLE|LOW_QB_ATTEMPT_SAMPLE|LOW_COMPLETION_SAMPLE,HISTORICAL TEST ONLY,"Research only - no odds, edge, or betting recommendation."
22.5,25,J.Love,GB,PHI,QB,9.278482773455758,0.018236596934918414,Medium,ROUTE_PROXY_UNVALIDATED|LOW_CURRENT_SAMPLE|LOW_PLAYER_SAMPLE,HISTORICAL TEST ONLY,"Research only - no odds, edge, or betting recommendation."
24.5,1,K.Murray,ARI,SF,QB,21.465659706411053,0.31560466665730913,Medium,ROUTE_PROXY_UNVALIDATED|LOW_CURRENT_SAMPLE|LOW_PLAYER_SAMPLE,HISTORICAL TEST ONLY,"Research only - no odds, edge, or betting recommendation."
24.5,2,B.Mayfield,TB,WAS,QB,21.056661495149434,0.2929703228298558,Medium,ROUTE_PROXY_UNVALIDATED|LOW_CURRENT_SAMPLE|LOW_PLAYER_SAMPLE,HISTORICAL TEST ONLY,"Research only - no odds, edge, or betting recommendation."
24.5,3,J.Daniels,WAS,PHI,QB,20.0856527002261,0.2424825399808752,Medium,ROUTE_PROXY_UNVALIDATED|LOW_CURRENT_SAMPLE|LOW_PLAYER_SAMPLE,HISTORICAL TEST ONLY,"Research only - no odds, edge, or betting recommendation."
24.5,4,J.Goff,DET,WAS,QB,19.938766084842687,0.2352774987159476,Medium,ROUTE_PROXY_UNVALIDATED|LOW_CURRENT_SAMPLE|LOW_PLAYER_SAMPLE,HISTORICAL TEST ONLY,"Research only - no odds, edge, or betting recommendation."
24.5,5,C.Williams,CHI,GB,QB,18.486544137823397,0.17072240548050832,Medium,ROUTE_PROXY_UNVALIDATED|LOW_CURRENT_SAMPLE|LOW_PLAYER_SAMPLE,HISTORICAL TEST ONLY,"Research only - no odds, edge, or betting recommendation."
24.5,6,B.Nix,DEN,BUF,QB,17.371664965839578,0.12972635997421555,Medium,ROUTE_PROXY_UNVALIDATED|LOW_CURRENT_SAMPLE|LOW_PLAYER_SAMPLE,HISTORICAL TEST ONLY,"Research only - no odds, edge, or betting recommendation."
24.5,7,J.Burrow,CIN,PIT,QB,17.307441183790203,0.12759246917003364,Medium,ROUTE_PROXY_UNVALIDATED|LOW_CURRENT_SAMPLE|LOW_PLAYER_SAMPLE,HISTORICAL TEST ONLY,"Research only - no odds, edge, or betting recommendation."
24.5,8,G.Smith,SEA,LA,QB,13.428567798106926,0.03993213325056577,Medium,ROUTE_PROXY_UNVALIDATED|LOW_CURRENT_SAMPLE|LOW_PLAYER_SAMPLE,HISTORICAL TEST ONLY,"Research only - no odds, edge, or betting recommendation."
24.5,9,L.Jackson,BAL,BUF,QB,13.41352667170872,0.03972779437701013,Medium,ROUTE_PROXY_UNVALIDATED|LOW_CURRENT_SAMPLE|LOW_PLAYER_SAMPLE,HISTORICAL TEST ONLY,"Research only - no odds, edge, or betting recommendation."
24.5,10,S.Darnold,MIN,LA,QB,12.93846180494894,0.03369922205520204,Medium,ROUTE_PROXY_UNVALIDATED|LOW_CURRENT_SAMPLE|LOW_PLAYER_SAMPLE,HISTORICAL TEST ONLY,"Research only - no odds, edge, or betting recommendation."
24.5,11,R.Wilson,PIT,BAL,QB,12.463500428762382,0.028445616836679677,Medium,ROUTE_PROXY_UNVALIDATED|LOW_CURRENT_SAMPLE|LOW_PLAYER_SAMPLE,HISTORICAL TEST ONLY,"Research only - no odds, edge, or betting recommendation."
24.5,12,J.Flacco,IND,JAX,QB,12.237210779827205,0.026193247315738244,Medium,ROUTE_PROXY_UNVALIDATED|LOW_CURRENT_SAMPLE|LOW_PLAYER_SAMPLE,HISTORICAL TEST ONLY,"Research only - no odds, edge, or betting recommendation."
24.5,13,T.Tagovailoa,MIA,SF,QB,11.18951920621108,0.017615804486108555,Medium,ROUTE_PROXY_UNVALIDATED|LOW_CURRENT_SAMPLE|LOW_PLAYER_SAMPLE,HISTORICAL TEST ONLY,"Research only - no odds, edge, or betting recommendation."
24.5,14,J.Allen,BUF,KC,QB,11.187325300567217,0.017600726030324143,Medium,ROUTE_PROXY_UNVALIDATED|LOW_CURRENT_SAMPLE|LOW_PLAYER_SAMPLE,HISTORICAL TEST ONLY,"Research only - no odds, edge, or betting recommendation."
24.5,15,B.Purdy,SF,DET,QB,10.977394403845588,0.016207957937902306,Medium,ROUTE_PROXY_UNVALIDATED|LOW_CURRENT_SAMPLE|LOW_PLAYER_SAMPLE,HISTORICAL TEST ONLY,"Research only - no odds, edge, or betting recommendation."
24.5,16,D.Carr,NO,NYG,QB,10.037986131193662,0.0110729511158707,Medium,ROUTE_PROXY_UNVALIDATED|LOW_CURRENT_SAMPLE|LOW_PLAYER_SAMPLE,HISTORICAL TEST ONLY,"Research only - no odds, edge, or betting recommendation."
24.5,17,D.Prescott,DAL,ATL,QB,9.930531539571858,0.010587343147146933,Medium,ROUTE_PROXY_UNVALIDATED|LOW_CURRENT_SAMPLE|LOW_PLAYER_SAMPLE,HISTORICAL TEST ONLY,"Research only - no odds, edge, or betting recommendation."
24.5,18,S.Rattler,NO,TB,QB,9.867107442191791,0.010309511782774061,Medium,ROUTE_PROXY_UNVALIDATED|LOW_CURRENT_SAMPLE|LOW_PLAYER_SAMPLE,HISTORICAL TEST ONLY,"Research only - no odds, edge, or betting recommendation."
24.5,19,A.Dalton,CAR,WAS,QB,9.796489570291108,0.010007667410818488,Medium,ROUTE_PROXY_UNVALIDATED|LOW_CURRENT_SAMPLE|LOW_PLAYER_SAMPLE,HISTORICAL TEST ONLY,"Research only - no odds, edge, or betting recommendation."
24.5,20,B.Young,CAR,ATL,QB,9.76397692493441,0.00987131034419253,Medium,ROUTE_PROXY_UNVALIDATED|LOW_CURRENT_SAMPLE|LOW_PLAYER_SAMPLE,HISTORICAL TEST ONLY,"Research only - no odds, edge, or betting recommendation."
24.5,21,J.Herbert,LAC,HOU,QB,9.711824392409389,0.00965597183335154,Medium,ROUTE_PROXY_UNVALIDATED|LOW_CURRENT_SAMPLE|LOW_PLAYER_SAMPLE,HISTORICAL TEST ONLY,"Research only - no odds, edge, or betting recommendation."
24.5,22,J.Dobbs,SF,ARI,QB,9.707441520195587,0.009638063307150002,Medium,ROUTE_PROXY_UNVALIDATED|LOW_CURRENT_SAMPLE|LOW_PLAYER_SAMPLE,HISTORICAL TEST ONLY,"Research only - no odds, edge, or betting recommendation."
24.5,23,E.Stick,LAC,KC,QB,9.6807924338992,0.009529798029656478,Medium,ROUTE_PROXY_UNVALIDATED|LOW_CURRENT_SAMPLE|LOW_PLAYER_SAMPLE,HISTORICAL TEST ONLY,"Research only - no odds, edge, or betting recommendation."
24.5,24,J.Hall,MIN,GB,QB,9.659469700350533,0.009443938951701814,Medium,ROUTE_PROXY_UNVALIDATED|LOW_CURRENT_SAMPLE|LOW_PLAYER_SAMPLE|LOW_QB_ATTEMPT_SAMPLE|LOW_COMPLETION_SAMPLE,HISTORICAL TEST ONLY,"Research only - no odds, edge, or betting recommendation."
24.5,25,J.Love,GB,PHI,QB,9.278482773455758,0.008019920797036617,Medium,ROUTE_PROXY_UNVALIDATED|LOW_CURRENT_SAMPLE|LOW_PLAYER_SAMPLE,HISTORICAL TEST ONLY,"Research only - no odds, edge, or betting recommendation."
26.5,1,K.Murray,ARI,SF,QB,21.465659706411053,0.21289379599406155,Medium,ROUTE_PROXY_UNVALIDATED|LOW_CURRENT_SAMPLE|LOW_PLAYER_SAMPLE,HISTORICAL TEST ONLY,"Research only - no odds, edge, or betting recommendation."
26.5,2,B.Mayfield,TB,WAS,QB,21.056661495149434,0.1945851045151008,Medium,ROUTE_PROXY_UNVALIDATED|LOW_CURRENT_SAMPLE|LOW_PLAYER_SAMPLE,HISTORICAL TEST ONLY,"Research only - no odds, edge, or betting recommendation."
26.5,3,J.Daniels,WAS,PHI,QB,20.0856527002261,0.15511621476629256,Medium,ROUTE_PROXY_UNVALIDATED|LOW_CURRENT_SAMPLE|LOW_PLAYER_SAMPLE,HISTORICAL TEST ONLY,"Research only - no odds, edge, or betting recommendation."
26.5,4,J.Goff,DET,WAS,QB,19.938766084842687,0.14964164827781867,Medium,ROUTE_PROXY_UNVALIDATED|LOW_CURRENT_SAMPLE|LOW_PLAYER_SAMPLE,HISTORICAL TEST ONLY,"Research only - no odds, edge, or betting recommendation."
26.5,5,C.Williams,CHI,GB,QB,18.486544137823397,0.10245083632614116,Medium,ROUTE_PROXY_UNVALIDATED|LOW_CURRENT_SAMPLE|LOW_PLAYER_SAMPLE,HISTORICAL TEST ONLY,"Research only - no odds, edge, or betting recommendation."
26.5,6,B.Nix,DEN,BUF,QB,17.371664965839578,0.07435811939062575,Medium,ROUTE_PROXY_UNVALIDATED|LOW_CURRENT_SAMPLE|LOW_PLAYER_SAMPLE,HISTORICAL TEST ONLY,"Research only - no odds, edge, or betting recommendation."
26.5,7,J.Burrow,CIN,PIT,QB,17.307441183790203,0.07293976703804905,Medium,ROUTE_PROXY_UNVALIDATED|LOW_CURRENT_SAMPLE|LOW_PLAYER_SAMPLE,HISTORICAL TEST ONLY,"Research only - no odds, edge, or betting recommendation."
26.5,8,G.Smith,SEA,LA,QB,13.428567798106926,0.019326152670433805,Medium,ROUTE_PROXY_UNVALIDATED|LOW_CURRENT_SAMPLE|LOW_PLAYER_SAMPLE,HISTORICAL TEST ONLY,"Research only - no odds, edge, or betting recommendation."
26.5,9,L.Jackson,BAL,BUF,QB,13.41352667170872,0.019214522364222608,Medium,ROUTE_PROXY_UNVALIDATED|LOW_CURRENT_SAMPLE|LOW_PLAYER_SAMPLE,HISTORICAL TEST ONLY,"Research only - no odds, edge, or betting recommendation."
26.5,10,S.Darnold,MIN,LA,QB,12.93846180494894,0.0159603196676239,Medium,ROUTE_PROXY_UNVALIDATED|LOW_CURRENT_SAMPLE|LOW_PLAYER_SAMPLE,HISTORICAL TEST ONLY,"Research only - no odds, edge, or betting recommendation."
26.5,11,R.Wilson,PIT,BAL,QB,12.463500428762382,0.0131910410638294,Medium,ROUTE_PROXY_UNVALIDATED|LOW_CURRENT_SAMPLE|LOW_PLAYER_SAMPLE,HISTORICAL TEST ONLY,"Research only - no odds, edge, or betting recommendation."
26.5,12,J.Flacco,IND,JAX,QB,12.237210779827205,0.012024696802827473,Medium,ROUTE_PROXY_UNVALIDATED|LOW_CURRENT_SAMPLE|LOW_PLAYER_SAMPLE,HISTORICAL TEST ONLY,"Research only - no odds, edge, or betting recommendation."
26.5,13,T.Tagovailoa,MIA,SF,QB,11.18951920621108,0.007715943518403767,Medium,ROUTE_PROXY_UNVALIDATED|LOW_CURRENT_SAMPLE|LOW_PLAYER_SAMPLE,HISTORICAL TEST ONLY,"Research only - no odds, edge, or betting recommendation."
26.5,14,J.Allen,BUF,KC,QB,11.187325300567217,0.007708577112084614,Medium,ROUTE_PROXY_UNVALIDATED|LOW_CURRENT_SAMPLE|LOW_PLAYER_SAMPLE,HISTORICAL TEST ONLY,"Research only - no odds, edge, or betting recommendation."
26.5,15,B.Purdy,SF,DET,QB,10.977394403845588,0.007031713986289878,Medium,ROUTE_PROXY_UNVALIDATED|LOW_CURRENT_SAMPLE|LOW_PLAYER_SAMPLE,HISTORICAL TEST ONLY,"Research only - no odds, edge, or betting recommendation."
26.5,16,D.Carr,NO,NYG,QB,10.037986131193662,0.004603760401496126,Medium,ROUTE_PROXY_UNVALIDATED|LOW_CURRENT_SAMPLE|LOW_PLAYER_SAMPLE,HISTORICAL TEST ONLY,"Research only - no odds, edge, or betting recommendation."
26.5,17,D.Prescott,DAL,ATL,QB,9.930531539571858,0.004380394462484061,Medium,ROUTE_PROXY_UNVALIDATED|LOW_CURRENT_SAMPLE|LOW_PLAYER_SAMPLE,HISTORICAL TEST ONLY,"Research only - no odds, edge, or betting recommendation."
26.5,18,S.Rattler,NO,TB,QB,9.867107442191791,0.004253146779984895,Medium,ROUTE_PROXY_UNVALIDATED|LOW_CURRENT_SAMPLE|LOW_PLAYER_SAMPLE,HISTORICAL TEST ONLY,"Research only - no odds, edge, or betting recommendation."
26.5,19,A.Dalton,CAR,WAS,QB,9.796489570291108,0.004115363821544871,Medium,ROUTE_PROXY_UNVALIDATED|LOW_CURRENT_SAMPLE|LOW_PLAYER_SAMPLE,HISTORICAL TEST ONLY,"Research only - no odds, edge, or betting recommendation."
26.5,20,B.Young,CAR,ATL,QB,9.76397692493441,0.004053281725354019,Medium,ROUTE_PROXY_UNVALIDATED|LOW_CURRENT_SAMPLE|LOW_PLAYER_SAMPLE,HISTORICAL TEST ONLY,"Research only - no odds, edge, or betting recommendation."
26.5,21,J.Herbert,LAC,HOU,QB,9.711824392409389,0.003955447366397413,Medium,ROUTE_PROXY_UNVALIDATED|LOW_CURRENT_SAMPLE|LOW_PLAYER_SAMPLE,HISTORICAL TEST ONLY,"Research only - no odds, edge, or betting recommendation."
26.5,22,J.Dobbs,SF,ARI,QB,9.707441520195587,0.003947322557785404,Medium,ROUTE_PROXY_UNVALIDATED|LOW_CURRENT_SAMPLE|LOW_PLAYER_SAMPLE,HISTORICAL TEST ONLY,"Research only - no odds, edge, or betting recommendation."
26.5,23,E.Stick,LAC,KC,QB,9.6807924338992,0.0038982424283696693,Medium,ROUTE_PROXY_UNVALIDATED|LOW_CURRENT_SAMPLE|LOW_PLAYER_SAMPLE,HISTORICAL TEST ONLY,"Research only - no odds, edge, or betting recommendation."
26.5,24,J.Hall,MIN,GB,QB,9.659469700350533,0.003859366466785752,Medium,ROUTE_PROXY_UNVALIDATED|LOW_CURRENT_SAMPLE|LOW_PLAYER_SAMPLE|LOW_QB_ATTEMPT_SAMPLE|LOW_COMPLETION_SAMPLE,HISTORICAL TEST ONLY,"Research only - no odds, edge, or betting recommendation."
26.5,25,J.Love,GB,PHI,QB,9.278482773455758,0.0032208929154405874,Medium,ROUTE_PROXY_UNVALIDATED|LOW_CURRENT_SAMPLE|LOW_PLAYER_SAMPLE,HISTORICAL TEST ONLY,"Research only - no odds, edge, or betting recommendation."
28.5,1,K.Murray,ARI,SF,QB,21.465659706411053,0.13289376135047581,Medium,ROUTE_PROXY_UNVALIDATED|LOW_CURRENT_SAMPLE|LOW_PLAYER_SAMPLE,HISTORICAL TEST ONLY,"Research only - no odds, edge, or betting recommendation."
28.5,2,B.Mayfield,TB,WAS,QB,21.056661495149434,0.11949432874315102,Medium,ROUTE_PROXY_UNVALIDATED|LOW_CURRENT_SAMPLE|LOW_PLAYER_SAMPLE,HISTORICAL TEST ONLY,"Research only - no odds, edge, or betting recommendation."
28.5,3,J.Daniels,WAS,PHI,QB,20.0856527002261,0.09157317281838684,Medium,ROUTE_PROXY_UNVALIDATED|LOW_CURRENT_SAMPLE|LOW_PLAYER_SAMPLE,HISTORICAL TEST ONLY,"Research only - no odds, edge, or betting recommendation."
28.5,4,J.Goff,DET,WAS,QB,19.938766084842687,0.08780969383767045,Medium,ROUTE_PROXY_UNVALIDATED|LOW_CURRENT_SAMPLE|LOW_PLAYER_SAMPLE,HISTORICAL TEST ONLY,"Research only - no odds, edge, or betting recommendation."
28.5,5,C.Williams,CHI,GB,QB,18.486544137823397,0.056584931840507724,Medium,ROUTE_PROXY_UNVALIDATED|LOW_CURRENT_SAMPLE|LOW_PLAYER_SAMPLE,HISTORICAL TEST ONLY,"Research only - no odds, edge, or betting recommendation."
28.5,6,B.Nix,DEN,BUF,QB,17.371664965839578,0.03916356121709996,Medium,ROUTE_PROXY_UNVALIDATED|LOW_CURRENT_SAMPLE|LOW_PLAYER_SAMPLE,HISTORICAL TEST ONLY,"Research only - no odds, edge, or betting recommendation."
28.5,7,J.Burrow,CIN,PIT,QB,17.307441183790203,0.03831061628978194,Medium,ROUTE_PROXY_UNVALIDATED|LOW_CURRENT_SAMPLE|LOW_PLAYER_SAMPLE,HISTORICAL TEST ONLY,"Research only - no odds, edge, or betting recommendation."
28.5,8,G.Smith,SEA,LA,QB,13.428567798106926,0.008556645595675372,Medium,ROUTE_PROXY_UNVALIDATED|LOW_CURRENT_SAMPLE|LOW_PLAYER_SAMPLE,HISTORICAL TEST ONLY,"Research only - no odds, edge, or betting recommendation."
28.5,9,L.Jackson,BAL,BUF,QB,13.41352667170872,0.00850147117275335,Medium,ROUTE_PROXY_UNVALIDATED|LOW_CURRENT_SAMPLE|LOW_PLAYER_SAMPLE,HISTORICAL TEST ONLY,"Research only - no odds, edge, or betting recommendation."
28.5,10,S.Darnold,MIN,LA,QB,12.93846180494894,0.00691212060581714,Medium,ROUTE_PROXY_UNVALIDATED|LOW_CURRENT_SAMPLE|LOW_PLAYER_SAMPLE,HISTORICAL TEST ONLY,"Research only - no odds, edge, or betting recommendation."
28.5,11,R.Wilson,PIT,BAL,QB,12.463500428762382,0.00559136996448073,Medium,ROUTE_PROXY_UNVALIDATED|LOW_CURRENT_SAMPLE|LOW_PLAYER_SAMPLE,HISTORICAL TEST ONLY,"Research only - no odds, edge, or betting recommendation."
28.5,12,J.Flacco,IND,JAX,QB,12.237210779827205,0.005044929244661711,Medium,ROUTE_PROXY_UNVALIDATED|LOW_CURRENT_SAMPLE|LOW_PLAYER_SAMPLE,HISTORICAL TEST ONLY,"Research only - no odds, edge, or betting recommendation."
28.5,13,T.Tagovailoa,MIA,SF,QB,11.18951920621108,0.0030862259484027987,Medium,ROUTE_PROXY_UNVALIDATED|LOW_CURRENT_SAMPLE|LOW_PLAYER_SAMPLE,HISTORICAL TEST ONLY,"Research only - no odds, edge, or betting recommendation."
28.5,14,J.Allen,BUF,KC,QB,11.187325300567217,0.0030829699887406914,Medium,ROUTE_PROXY_UNVALIDATED|LOW_CURRENT_SAMPLE|LOW_PLAYER_SAMPLE,HISTORICAL TEST ONLY,"Research only - no odds, edge, or betting recommendation."
28.5,15,B.Purdy,SF,DET,QB,10.977394403845588,0.0027853573037739388,Medium,ROUTE_PROXY_UNVALIDATED|LOW_CURRENT_SAMPLE|LOW_PLAYER_SAMPLE,HISTORICAL TEST ONLY,"Research only - no odds, edge, or betting recommendation."
28.5,16,D.Carr,NO,NYG,QB,10.037986131193662,0.0017465292470371097,Medium,ROUTE_PROXY_UNVALIDATED|LOW_CURRENT_SAMPLE|LOW_PLAYER_SAMPLE,HISTORICAL TEST ONLY,"Research only - no odds, edge, or betting recommendation."
28.5,17,D.Prescott,DAL,ATL,QB,9.930531539571858,0.001653574048948947,Medium,ROUTE_PROXY_UNVALIDATED|LOW_CURRENT_SAMPLE|LOW_PLAYER_SAMPLE,HISTORICAL TEST ONLY,"Research only - no odds, edge, or betting recommendation."
28.5,18,S.Rattler,NO,TB,QB,9.867107442191791,0.0016008457940790422,Medium,ROUTE_PROXY_UNVALIDATED|LOW_CURRENT_SAMPLE|LOW_PLAYER_SAMPLE,HISTORICAL TEST ONLY,"Research only - no odds, edge, or betting recommendation."
28.5,19,A.Dalton,CAR,WAS,QB,9.796489570291108,0.0015439430877108862,Medium,ROUTE_PROXY_UNVALIDATED|LOW_CURRENT_SAMPLE|LOW_PLAYER_SAMPLE,HISTORICAL TEST ONLY,"Research only - no odds, edge, or betting recommendation."
28.5,20,B.Young,CAR,ATL,QB,9.76397692493441,0.001518370202306274,Medium,ROUTE_PROXY_UNVALIDATED|LOW_CURRENT_SAMPLE|LOW_PLAYER_SAMPLE,HISTORICAL TEST ONLY,"Research only - no odds, edge, or betting recommendation."
28.5,21,J.Herbert,LAC,HOU,QB,9.711824392409389,0.0014781554044080991,Medium,ROUTE_PROXY_UNVALIDATED|LOW_CURRENT_SAMPLE|LOW_PLAYER_SAMPLE,HISTORICAL TEST ONLY,"Research only - no odds, edge, or betting recommendation."
28.5,22,J.Dobbs,SF,ARI,QB,9.707441520195587,0.001474820441745739,Medium,ROUTE_PROXY_UNVALIDATED|LOW_CURRENT_SAMPLE|LOW_PLAYER_SAMPLE,HISTORICAL TEST ONLY,"Research only - no odds, edge, or betting recommendation."
28.5,23,E.Stick,LAC,KC,QB,9.6807924338992,0.0014546903010047574,Medium,ROUTE_PROXY_UNVALIDATED|LOW_CURRENT_SAMPLE|LOW_PLAYER_SAMPLE,HISTORICAL TEST ONLY,"Research only - no odds, edge, or betting recommendation."
28.5,24,J.Hall,MIN,GB,QB,9.659469700350533,0.001438764523228997,Medium,ROUTE_PROXY_UNVALIDATED|LOW_CURRENT_SAMPLE|LOW_PLAYER_SAMPLE|LOW_QB_ATTEMPT_SAMPLE|LOW_COMPLETION_SAMPLE,HISTORICAL TEST ONLY,"Research only - no odds, edge, or betting recommendation."
28.5,25,J.Love,GB,PHI,QB,9.278482773455758,0.0011797596232305807,Medium,ROUTE_PROXY_UNVALIDATED|LOW_CURRENT_SAMPLE|LOW_PLAYER_SAMPLE,HISTORICAL TEST ONLY,"Research only - no odds, edge, or betting recommendation."
30.5,1,K.Murray,ARI,SF,QB,21.465659706411053,0.07647178562261359,Medium,ROUTE_PROXY_UNVALIDATED|LOW_CURRENT_SAMPLE|LOW_PLAYER_SAMPLE,HISTORICAL TEST ONLY,"Research only - no odds, edge, or betting recommendation."
30.5,2,B.Mayfield,TB,WAS,QB,21.056661495149434,0.06759909754898663,Medium,ROUTE_PROXY_UNVALIDATED|LOW_CURRENT_SAMPLE|LOW_PLAYER_SAMPLE,HISTORICAL TEST ONLY,"Research only - no odds, edge, or betting recommendation."
30.5,3,J.Daniels,WAS,PHI,QB,20.0856527002261,0.049725100513929865,Medium,ROUTE_PROXY_UNVALIDATED|LOW_CURRENT_SAMPLE|LOW_PLAYER_SAMPLE,HISTORICAL TEST ONLY,"Research only - no odds, edge, or betting recommendation."
30.5,4,J.Goff,DET,WAS,QB,19.938766084842687,0.0473843466283963,Medium,ROUTE_PROXY_UNVALIDATED|LOW_CURRENT_SAMPLE|LOW_PLAYER_SAMPLE,HISTORICAL TEST ONLY,"Research only - no odds, edge, or betting recommendation."
30.5,5,C.Williams,CHI,GB,QB,18.486544137823397,0.02868376301746367,Medium,ROUTE_PROXY_UNVALIDATED|LOW_CURRENT_SAMPLE|LOW_PLAYER_SAMPLE,HISTORICAL TEST ONLY,"Research only - no odds, edge, or betting recommendation."
30.5,6,B.Nix,DEN,BUF,QB,17.371664965839578,0.018906719897519464,Medium,ROUTE_PROXY_UNVALIDATED|LOW_CURRENT_SAMPLE|LOW_PLAYER_SAMPLE,HISTORICAL TEST ONLY,"Research only - no odds, edge, or betting recommendation."
30.5,7,J.Burrow,CIN,PIT,QB,17.307441183790203,0.01844265067795403,Medium,ROUTE_PROXY_UNVALIDATED|LOW_CURRENT_SAMPLE|LOW_PLAYER_SAMPLE,HISTORICAL TEST ONLY,"Research only - no odds, edge, or betting recommendation."
30.5,8,G.Smith,SEA,LA,QB,13.428567798106926,0.003460103535127379,Medium,ROUTE_PROXY_UNVALIDATED|LOW_CURRENT_SAMPLE|LOW_PLAYER_SAMPLE,HISTORICAL TEST ONLY,"Research only - no odds, edge, or betting recommendation."
30.5,9,L.Jackson,BAL,BUF,QB,13.41352667170872,0.0034354307574550047,Medium,ROUTE_PROXY_UNVALIDATED|LOW_CURRENT_SAMPLE|LOW_PLAYER_SAMPLE,HISTORICAL TEST ONLY,"Research only - no odds, edge, or betting recommendation."
30.5,10,S.Darnold,MIN,LA,QB,12.93846180494894,0.0027331031039874443,Medium,ROUTE_PROXY_UNVALIDATED|LOW_CURRENT_SAMPLE|LOW_PLAYER_SAMPLE,HISTORICAL TEST ONLY,"Research only - no odds, edge, or betting recommendation."
30.5,11,R.Wilson,PIT,BAL,QB,12.463500428762382,0.0021631751403885513,Medium,ROUTE_PROXY_UNVALIDATED|LOW_CURRENT_SAMPLE|LOW_PLAYER_SAMPLE,HISTORICAL TEST ONLY,"Research only - no odds, edge, or betting recommendation."
30.5,12,J.Flacco,IND,JAX,QB,12.237210779827205,0.001931548485414103,Medium,ROUTE_PROXY_UNVALIDATED|LOW_CURRENT_SAMPLE|LOW_PLAYER_SAMPLE,HISTORICAL TEST ONLY,"Research only - no odds, edge, or betting recommendation."
30.5,13,T.Tagovailoa,MIA,SF,QB,11.18951920621108,0.0011257829275139741,Medium,ROUTE_PROXY_UNVALIDATED|LOW_CURRENT_SAMPLE|LOW_PLAYER_SAMPLE,HISTORICAL TEST ONLY,"Research only - no odds, edge, or betting recommendation."
30.5,14,J.Allen,BUF,KC,QB,11.187325300567217,0.0011244808797870043,Medium,ROUTE_PROXY_UNVALIDATED|LOW_CURRENT_SAMPLE|LOW_PLAYER_SAMPLE,HISTORICAL TEST ONLY,"Research only - no odds, edge, or betting recommendation."
30.5,15,B.Purdy,SF,DET,QB,10.977394403845588,0.0010060866445408267,Medium,ROUTE_PROXY_UNVALIDATED|LOW_CURRENT_SAMPLE|LOW_PLAYER_SAMPLE,HISTORICAL TEST ONLY,"Research only - no odds, edge, or betting recommendation."
30.5,16,D.Carr,NO,NYG,QB,10.037986131193662,0.0006038786040096777,Medium,ROUTE_PROXY_UNVALIDATED|LOW_CURRENT_SAMPLE|LOW_PLAYER_SAMPLE,HISTORICAL TEST ONLY,"Research only - no odds, edge, or betting recommendation."
30.5,17,D.Prescott,DAL,ATL,QB,9.930531539571858,0.0005688795745293351,Medium,ROUTE_PROXY_UNVALIDATED|LOW_CURRENT_SAMPLE|LOW_PLAYER_SAMPLE,HISTORICAL TEST ONLY,"Research only - no odds, edge, or betting recommendation."
30.5,18,S.Rattler,NO,TB,QB,9.867107442191791,0.0005491116160230014,Medium,ROUTE_PROXY_UNVALIDATED|LOW_CURRENT_SAMPLE|LOW_PLAYER_SAMPLE,HISTORICAL TEST ONLY,"Research only - no odds, edge, or betting recommendation."
30.5,19,A.Dalton,CAR,WAS,QB,9.796489570291108,0.000527850045885625,Medium,ROUTE_PROXY_UNVALIDATED|LOW_CURRENT_SAMPLE|LOW_PLAYER_SAMPLE,HISTORICAL TEST ONLY,"Research only - no odds, edge, or betting recommendation."
30.5,20,B.Young,CAR,ATL,QB,9.76397692493441,0.0005183195010165509,Medium,ROUTE_PROXY_UNVALIDATED|LOW_CURRENT_SAMPLE|LOW_PLAYER_SAMPLE,HISTORICAL TEST ONLY,"Research only - no odds, edge, or betting recommendation."
30.5,21,J.Herbert,LAC,HOU,QB,9.711824392409389,0.0005033638554015063,Medium,ROUTE_PROXY_UNVALIDATED|LOW_CURRENT_SAMPLE|LOW_PLAYER_SAMPLE,HISTORICAL TEST ONLY,"Research only - no odds, edge, or betting recommendation."
30.5,22,J.Dobbs,SF,ARI,QB,9.707441520195587,0.0005021253629726719,Medium,ROUTE_PROXY_UNVALIDATED|LOW_CURRENT_SAMPLE|LOW_PLAYER_SAMPLE,HISTORICAL TEST ONLY,"Research only - no odds, edge, or betting recommendation."
30.5,23,E.Stick,LAC,KC,QB,9.6807924338992,0.0004946555018159327,Medium,ROUTE_PROXY_UNVALIDATED|LOW_CURRENT_SAMPLE|LOW_PLAYER_SAMPLE,HISTORICAL TEST ONLY,"Research only - no odds, edge, or betting recommendation."
30.5,24,J.Hall,MIN,GB,QB,9.659469700350533,0.0004887528829502497,Medium,ROUTE_PROXY_UNVALIDATED|LOW_CURRENT_SAMPLE|LOW_PLAYER_SAMPLE|LOW_QB_ATTEMPT_SAMPLE|LOW_COMPLETION_SAMPLE,HISTORICAL TEST ONLY,"Research only - no odds, edge, or betting recommendation."
30.5,25,J.Love,GB,PHI,QB,9.278482773455758,0.00039369005519263034,Medium,ROUTE_PROXY_UNVALIDATED|LOW_CURRENT_SAMPLE|LOW_PLAYER_SAMPLE,HISTORICAL TEST ONLY,"Research only - no odds, edge, or betting recommendation."
32.5,1,K.Murray,ARI,SF,QB,21.465659706411053,0.04043969163337724,Medium,ROUTE_PROXY_UNVALIDATED|LOW_CURRENT_SAMPLE|LOW_PLAYER_SAMPLE,HISTORICAL TEST ONLY,"Research only - no odds, edge, or betting recommendation."
32.5,2,B.Mayfield,TB,WAS,QB,21.056661495149434,0.035123951778779805,Medium,ROUTE_PROXY_UNVALIDATED|LOW_CURRENT_SAMPLE|LOW_PLAYER_SAMPLE,HISTORICAL TEST ONLY,"Research only - no odds, edge, or betting recommendation."
32.5,3,J.Daniels,WAS,PHI,QB,20.0856527002261,0.024769677066260765,Medium,ROUTE_PROXY_UNVALIDATED|LOW_CURRENT_SAMPLE|LOW_PLAYER_SAMPLE,HISTORICAL TEST ONLY,"Research only - no odds, edge, or betting recommendation."
32.5,4,J.Goff,DET,WAS,QB,19.938766084842687,0.02345248681115164,Medium,ROUTE_PROXY_UNVALIDATED|LOW_CURRENT_SAMPLE|LOW_PLAYER_SAMPLE,HISTORICAL TEST ONLY,"Research only - no odds, edge, or betting recommendation."
32.5,5,C.Williams,CHI,GB,QB,18.486544137823397,0.01331512355316189,Medium,ROUTE_PROXY_UNVALIDATED|LOW_CURRENT_SAMPLE|LOW_PLAYER_SAMPLE,HISTORICAL TEST ONLY,"Research only - no odds, edge, or betting recommendation."
32.5,6,B.Nix,DEN,BUF,QB,17.371664965839578,0.008349552804666649,Medium,ROUTE_PROXY_UNVALIDATED|LOW_CURRENT_SAMPLE|LOW_PLAYER_SAMPLE,HISTORICAL TEST ONLY,"Research only - no odds, edge, or betting recommendation."
32.5,7,J.Burrow,CIN,PIT,QB,17.307441183790203,0.008121114224200143,Medium,ROUTE_PROXY_UNVALIDATED|LOW_CURRENT_SAMPLE|LOW_PLAYER_SAMPLE,HISTORICAL TEST ONLY,"Research only - no odds, edge, or betting recommendation."
32.5,8,G.Smith,SEA,LA,QB,13.428567798106926,0.0012762170860616262,Medium,ROUTE_PROXY_UNVALIDATED|LOW_CURRENT_SAMPLE|LOW_PLAYER_SAMPLE,HISTORICAL TEST ONLY,"Research only - no odds, edge, or betting recommendation."
32.5,9,L.Jackson,BAL,BUF,QB,13.41352667170872,0.0012662349645209403,Medium,ROUTE_PROXY_UNVALIDATED|LOW_CURRENT_SAMPLE|LOW_PLAYER_SAMPLE,HISTORICAL TEST ONLY,"Research only - no odds, edge, or betting recommendation."
32.5,10,S.Darnold,MIN,LA,QB,12.93846180494894,0.0009854299922076315,Medium,ROUTE_PROXY_UNVALIDATED|LOW_CURRENT_SAMPLE|LOW_PLAYER_SAMPLE,HISTORICAL TEST ONLY,"Research only - no odds, edge, or betting recommendation."
32.5,11,R.Wilson,PIT,BAL,QB,12.463500428762382,0.0007629125554844407,Medium,ROUTE_PROXY_UNVALIDATED|LOW_CURRENT_SAMPLE|LOW_PLAYER_SAMPLE,HISTORICAL TEST ONLY,"Research only - no odds, edge, or betting recommendation."
32.5,12,J.Flacco,IND,JAX,QB,12.237210779827205,0.0006740818322322761,Medium,ROUTE_PROXY_UNVALIDATED|LOW_CURRENT_SAMPLE|LOW_PLAYER_SAMPLE,HISTORICAL TEST ONLY,"Research only - no odds, edge, or betting recommendation."
32.5,13,T.Tagovailoa,MIA,SF,QB,11.18951920621108,0.0003741161820166594,Medium,ROUTE_PROXY_UNVALIDATED|LOW_CURRENT_SAMPLE|LOW_PLAYER_SAMPLE,HISTORICAL TEST ONLY,"Research only - no odds, edge, or betting recommendation."
32.5,14,J.Allen,BUF,KC,QB,11.187325300567217,0.00037364509695381187,Medium,ROUTE_PROXY_UNVALIDATED|LOW_CURRENT_SAMPLE|LOW_PLAYER_SAMPLE,HISTORICAL TEST ONLY,"Research only - no odds, edge, or betting recommendation."
32.5,15,B.Purdy,SF,DET,QB,10.977394403845588,0.00033103247955135195,Medium,ROUTE_PROXY_UNVALIDATED|LOW_CURRENT_SAMPLE|LOW_PLAYER_SAMPLE,HISTORICAL TEST ONLY,"Research only - no odds, edge, or betting recommendation."
32.5,16,D.Carr,NO,NYG,QB,10.037986131193662,0.00019011610920216526,Medium,ROUTE_PROXY_UNVALIDATED|LOW_CURRENT_SAMPLE|LOW_PLAYER_SAMPLE,HISTORICAL TEST ONLY,"Research only - no odds, edge, or betting recommendation."
32.5,17,D.Prescott,DAL,ATL,QB,9.930531539571858,0.00017819370309135607,Medium,ROUTE_PROXY_UNVALIDATED|LOW_CURRENT_SAMPLE|LOW_PLAYER_SAMPLE,HISTORICAL TEST ONLY,"Research only - no odds, edge, or betting recommendation."
32.5,18,S.Rattler,NO,TB,QB,9.867107442191791,0.00017148860477478323,Medium,ROUTE_PROXY_UNVALIDATED|LOW_CURRENT_SAMPLE|LOW_PLAYER_SAMPLE,HISTORICAL TEST ONLY,"Research only - no odds, edge, or betting recommendation."
32.5,19,A.Dalton,CAR,WAS,QB,9.796489570291108,0.00016430102400133428,Medium,ROUTE_PROXY_UNVALIDATED|LOW_CURRENT_SAMPLE|LOW_PLAYER_SAMPLE,HISTORICAL TEST ONLY,"Research only - no odds, edge, or betting recommendation."
32.5,20,B.Young,CAR,ATL,QB,9.76397692493441,0.00016108750874699318,Medium,ROUTE_PROXY_UNVALIDATED|LOW_CURRENT_SAMPLE|LOW_PLAYER_SAMPLE,HISTORICAL TEST ONLY,"Research only - no odds, edge, or betting recommendation."
32.5,21,J.Herbert,LAC,HOU,QB,9.711824392409389,0.0001560554091373234,Medium,ROUTE_PROXY_UNVALIDATED|LOW_CURRENT_SAMPLE|LOW_PLAYER_SAMPLE,HISTORICAL TEST ONLY,"Research only - no odds, edge, or betting recommendation."
32.5,22,J.Dobbs,SF,ARI,QB,9.707441520195587,0.00015563928751816114,Medium,ROUTE_PROXY_UNVALIDATED|LOW_CURRENT_SAMPLE|LOW_PLAYER_SAMPLE,HISTORICAL TEST ONLY,"Research only - no odds, edge, or betting recommendation."
32.5,23,E.Stick,LAC,KC,QB,9.6807924338992,0.0001531314300268205,Medium,ROUTE_PROXY_UNVALIDATED|LOW_CURRENT_SAMPLE|LOW_PLAYER_SAMPLE,HISTORICAL TEST ONLY,"Research only - no odds, edge, or betting recommendation."
32.5,24,J.Hall,MIN,GB,QB,9.659469700350533,0.00015115212186822546,Medium,ROUTE_PROXY_UNVALIDATED|LOW_CURRENT_SAMPLE|LOW_PLAYER_SAMPLE|LOW_QB_ATTEMPT_SAMPLE|LOW_COMPLETION_SAMPLE,HISTORICAL TEST ONLY,"Research only - no odds, edge, or betting recommendation."
32.5,25,J.Love,GB,PHI,QB,9.278482773455758,0.00011958382502019749,Medium,ROUTE_PROXY_UNVALIDATED|LOW_CURRENT_SAMPLE|LOW_PLAYER_SAMPLE,HISTORICAL TEST ONLY,"Research only - no odds, edge, or betting recommendation."
34.5,1,K.Murray,ARI,SF,QB,21.465659706411053,0.019603794169635758,Medium,ROUTE_PROXY_UNVALIDATED|LOW_CURRENT_SAMPLE|LOW_PLAYER_SAMPLE,HISTORICAL TEST ONLY,"Research only - no odds, edge, or betting recommendation."
34.5,2,B.Mayfield,TB,WAS,QB,21.056661495149434,0.016722338642507717,Medium,ROUTE_PROXY_UNVALIDATED|LOW_CURRENT_SAMPLE|LOW_PLAYER_SAMPLE,HISTORICAL TEST ONLY,"Research only - no odds, edge, or betting recommendation."
34.5,3,J.Daniels,WAS,PHI,QB,20.0856527002261,0.011294495490345335,Medium,ROUTE_PROXY_UNVALIDATED|LOW_CURRENT_SAMPLE|LOW_PLAYER_SAMPLE,HISTORICAL TEST ONLY,"Research only - no odds, edge, or betting recommendation."
34.5,4,J.Goff,DET,WAS,QB,19.938766084842687,0.010623888983611662,Medium,ROUTE_PROXY_UNVALIDATED|LOW_CURRENT_SAMPLE|LOW_PLAYER_SAMPLE,HISTORICAL TEST ONLY,"Research only - no odds, edge, or betting recommendation."
34.5,5,C.Williams,CHI,GB,QB,18.486544137823397,0.00564986270429868,Medium,ROUTE_PROXY_UNVALIDATED|LOW_CURRENT_SAMPLE|LOW_PLAYER_SAMPLE,HISTORICAL TEST ONLY,"Research only - no odds, edge, or betting recommendation."
34.5,6,B.Nix,DEN,BUF,QB,17.371664965839578,0.0033675927352210255,Medium,ROUTE_PROXY_UNVALIDATED|LOW_CURRENT_SAMPLE|LOW_PLAYER_SAMPLE,HISTORICAL TEST ONLY,"Research only - no odds, edge, or betting recommendation."
34.5,7,J.Burrow,CIN,PIT,QB,17.307441183790203,0.0032658552361497506,Medium,ROUTE_PROXY_UNVALIDATED|LOW_CURRENT_SAMPLE|LOW_PLAYER_SAMPLE,HISTORICAL TEST ONLY,"Research only - no odds, edge, or betting recommendation."
34.5,8,G.Smith,SEA,LA,QB,13.428567798106926,0.0004288799360201434,Medium,ROUTE_PROXY_UNVALIDATED|LOW_CURRENT_SAMPLE|LOW_PLAYER_SAMPLE,HISTORICAL TEST ONLY,"Research only - no odds, edge, or betting recommendation."
34.5,9,L.Jackson,BAL,BUF,QB,13.41352667170872,0.00042522607332018403,Medium,ROUTE_PROXY_UNVALIDATED|LOW_CURRENT_SAMPLE|LOW_PLAYER_SAMPLE,HISTORICAL TEST ONLY,"Research only - no odds, edge, or betting recommendation."
34.5,10,S.Darnold,MIN,LA,QB,12.93846180494894,0.0003236445395803367,Medium,ROUTE_PROXY_UNVALIDATED|LOW_CURRENT_SAMPLE|LOW_PLAYER_SAMPLE,HISTORICAL TEST ONLY,"Research only - no odds, edge, or betting recommendation."
34.5,11,R.Wilson,PIT,BAL,QB,12.463500428762382,0.00024503901575501086,Medium,ROUTE_PROXY_UNVALIDATED|LOW_CURRENT_SAMPLE|LOW_PLAYER_SAMPLE,HISTORICAL TEST ONLY,"Research only - no odds, edge, or betting recommendation."
34.5,12,J.Flacco,IND,JAX,QB,12.237210779827205,0.00021421657387055149,Medium,ROUTE_PROXY_UNVALIDATED|LOW_CURRENT_SAMPLE|LOW_PLAYER_SAMPLE,HISTORICAL TEST ONLY,"Research only - no odds, edge, or betting recommendation."
34.5,13,T.Tagovailoa,MIA,SF,QB,11.18951920621108,0.00011316179243781033,Medium,ROUTE_PROXY_UNVALIDATED|LOW_CURRENT_SAMPLE|LOW_PLAYER_SAMPLE,HISTORICAL TEST ONLY,"Research only - no odds, edge, or betting recommendation."
34.5,14,J.Allen,BUF,KC,QB,11.187325300567217,0.00011300758820098622,Medium,ROUTE_PROXY_UNVALIDATED|LOW_CURRENT_SAMPLE|LOW_PLAYER_SAMPLE,HISTORICAL TEST ONLY,"Research only - no odds, edge, or betting recommendation."
34.5,15,B.Purdy,SF,DET,QB,10.977394403845588,9.913126521299276e-05,Medium,ROUTE_PROXY_UNVALIDATED|LOW_CURRENT_SAMPLE|LOW_PLAYER_SAMPLE,HISTORICAL TEST ONLY,"Research only - no odds, edge, or betting recommendation."
34.5,16,D.Carr,NO,NYG,QB,10.037986131193662,5.445513080482023e-05,Medium,ROUTE_PROXY_UNVALIDATED|LOW_CURRENT_SAMPLE|LOW_PLAYER_SAMPLE,HISTORICAL TEST ONLY,"Research only - no odds, edge, or betting recommendation."
34.5,17,D.Prescott,DAL,ATL,QB,9.930531539571858,5.078063793440002e-05,Medium,ROUTE_PROXY_UNVALIDATED|LOW_CURRENT_SAMPLE|LOW_PLAYER_SAMPLE,HISTORICAL TEST ONLY,"Research only - no odds, edge, or betting recommendation."
34.5,18,S.Rattler,NO,TB,QB,9.867107442191791,4.8722979018700485e-05,Medium,ROUTE_PROXY_UNVALIDATED|LOW_CURRENT_SAMPLE|LOW_PLAYER_SAMPLE,HISTORICAL TEST ONLY,"Research only - no odds, edge, or betting recommendation."
34.5,19,A.Dalton,CAR,WAS,QB,9.796489570291108,4.652463762711001e-05,Medium,ROUTE_PROXY_UNVALIDATED|LOW_CURRENT_SAMPLE|LOW_PLAYER_SAMPLE,HISTORICAL TEST ONLY,"Research only - no odds, edge, or betting recommendation."
34.5,20,B.Young,CAR,ATL,QB,9.76397692493441,4.554431813275084e-05,Medium,ROUTE_PROXY_UNVALIDATED|LOW_CURRENT_SAMPLE|LOW_PLAYER_SAMPLE,HISTORICAL TEST ONLY,"Research only - no odds, edge, or betting recommendation."
34.5,21,J.Herbert,LAC,HOU,QB,9.711824392409389,4.401246164098538e-05,Medium,ROUTE_PROXY_UNVALIDATED|LOW_CURRENT_SAMPLE|LOW_PLAYER_SAMPLE,HISTORICAL TEST ONLY,"Research only - no odds, edge, or betting recommendation."
34.5,22,J.Dobbs,SF,ARI,QB,9.707441520195587,4.388596711057957e-05,Medium,ROUTE_PROXY_UNVALIDATED|LOW_CURRENT_SAMPLE|LOW_PLAYER_SAMPLE,HISTORICAL TEST ONLY,"Research only - no odds, edge, or betting recommendation."
34.5,23,E.Stick,LAC,KC,QB,9.6807924338992,4.312420777574655e-05,Medium,ROUTE_PROXY_UNVALIDATED|LOW_CURRENT_SAMPLE|LOW_PLAYER_SAMPLE,HISTORICAL TEST ONLY,"Research only - no odds, edge, or betting recommendation."
34.5,24,J.Hall,MIN,GB,QB,9.659469700350533,4.2523716542897105e-05,Medium,ROUTE_PROXY_UNVALIDATED|LOW_CURRENT_SAMPLE|LOW_PLAYER_SAMPLE|LOW_QB_ATTEMPT_SAMPLE|LOW_COMPLETION_SAMPLE,HISTORICAL TEST ONLY,"Research only - no odds, edge, or betting recommendation."
34.5,25,J.Love,GB,PHI,QB,9.278482773455758,3.303889325134701e-05,Medium,ROUTE_PROXY_UNVALIDATED|LOW_CURRENT_SAMPLE|LOW_PLAYER_SAMPLE,HISTORICAL TEST ONLY,"Research only - no odds, edge, or betting recommendation."
