market_key,market_display_name,player_id,player_name,team,position,line,model_projection,model_over_probability,decision_status,usage_status,notes
receptions,Receptions,,J.Chase,CIN,WR,3.5,5.27720654112724,0.829602682744959,Watchlist Only - No Odds,Research Only - No Odds | Historical Test Only | Not Betting Ready,"No sportsbook odds are loaded. This is a model-probability watchlist, not a betting board."
receptions,Receptions,,P.Nacua,LA,WR,3.5,5.176884536794578,0.8156265190031139,Watchlist Only - No Odds,Research Only - No Odds | Historical Test Only | Not Betting Ready,"No sportsbook odds are loaded. This is a model-probability watchlist, not a betting board."
receptions,Receptions,,T.Higgins,CIN,WR,3.5,4.678326076218257,0.7361731813791045,Watchlist Only - No Odds,Research Only - No Odds | Historical Test Only | Not Betting Ready,"No sportsbook odds are loaded. This is a model-probability watchlist, not a betting board."
receptions,Receptions,,B.Thomas,JAX,WR,3.5,4.643276467211669,0.7299973427256381,Watchlist Only - No Odds,Research Only - No Odds | Historical Test Only | Not Betting Ready,"No sportsbook odds are loaded. This is a model-probability watchlist, not a betting board."
receptions,Receptions,,J.Jeudy,CLE,WR,3.5,4.637735465224698,0.7290144214640129,Watchlist Only - No Odds,Research Only - No Odds | Historical Test Only | Not Betting Ready,"No sportsbook odds are loaded. This is a model-probability watchlist, not a betting board."
receptions,Receptions,,J.Jefferson,MIN,WR,3.5,4.606112699507349,0.7233709045456427,Watchlist Only - No Odds,Research Only - No Odds | Historical Test Only | Not Betting Ready,"No sportsbook odds are loaded. This is a model-probability watchlist, not a betting board."
receptions,Receptions,,A.St. Brown,DET,WR,3.5,4.437743951508125,0.6923905786142691,Watchlist Only - No Odds,Research Only - No Odds | Historical Test Only | Not Betting Ready,"No sportsbook odds are loaded. This is a model-probability watchlist, not a betting board."
receptions,Receptions,,D.Moore,CHI,WR,3.5,4.365922746194562,0.6787267190495575,Watchlist Only - No Odds,Research Only - No Odds | Historical Test Only | Not Betting Ready,"No sportsbook odds are loaded. This is a model-probability watchlist, not a betting board."
receptions,Receptions,,L.McConkey,LAC,WR,3.5,4.264222073634005,0.6589609004195582,Watchlist Only - No Odds,Research Only - No Odds | Historical Test Only | Not Betting Ready,"No sportsbook odds are loaded. This is a model-probability watchlist, not a betting board."
receptions,Receptions,,D.Adams,NYJ,WR,3.5,4.255672653092286,0.6572782747555381,Watchlist Only - No Odds,Research Only - No Odds | Historical Test Only | Not Betting Ready,"No sportsbook odds are loaded. This is a model-probability watchlist, not a betting board."
receptions,Receptions,,T.McLaurin,WAS,WR,3.5,4.224984020211031,0.6512128549222793,Watchlist Only - No Odds,Research Only - No Odds | Historical Test Only | Not Betting Ready,"No sportsbook odds are loaded. This is a model-probability watchlist, not a betting board."
receptions,Receptions,,D.Bell,CLE,WR,3.5,4.151085424530824,0.6364503831071865,Watchlist Only - No Odds,Research Only - No Odds | Historical Test Only | Not Betting Ready,"No sportsbook odds are loaded. This is a model-probability watchlist, not a betting board."
receptions,Receptions,,J.Jennings,SF,WR,3.5,4.117754558138258,0.6297235233765451,Watchlist Only - No Odds,Research Only - No Odds | Historical Test Only | Not Betting Ready,"No sportsbook odds are loaded. This is a model-probability watchlist, not a betting board."
receptions,Receptions,,M.Evans,TB,WR,3.5,4.114159134071059,0.6289954733786268,Watchlist Only - No Odds,Research Only - No Odds | Historical Test Only | Not Betting Ready,"No sportsbook odds are loaded. This is a model-probability watchlist, not a betting board."
receptions,Receptions,,M.Nabers,NYG,WR,3.5,4.059343309199105,0.6178398349895966,Watchlist Only - No Odds,Research Only - No Odds | Historical Test Only | Not Betting Ready,"No sportsbook odds are loaded. This is a model-probability watchlist, not a betting board."
receptions,Receptions,,J.Smith-Njigba,SEA,WR,3.5,4.03912270111702,0.6136993255908569,Watchlist Only - No Odds,Research Only - No Odds | Historical Test Only | Not Betting Ready,"No sportsbook odds are loaded. This is a model-probability watchlist, not a betting board."
receptions,Receptions,,J.Meyers,LV,WR,3.5,3.900924662551004,0.5850768483852455,Watchlist Only - No Odds,Research Only - No Odds | Historical Test Only | Not Betting Ready,"No sportsbook odds are loaded. This is a model-probability watchlist, not a betting board."
receptions,Receptions,,S.Diggs,HOU,WR,3.5,3.88928212618192,0.5826424653010598,Watchlist Only - No Odds,Research Only - No Odds | Historical Test Only | Not Betting Ready,"No sportsbook odds are loaded. This is a model-probability watchlist, not a betting board."
receptions,Receptions,,W.Robinson,NYG,WR,3.5,3.860322728810054,0.5765736708134159,Watchlist Only - No Odds,Research Only - No Odds | Historical Test Only | Not Betting Ready,"No sportsbook odds are loaded. This is a model-probability watchlist, not a betting board."
receptions,Receptions,,C.Godwin,TB,WR,3.5,3.855401322202437,0.5755404799670811,Watchlist Only - No Odds,Research Only - No Odds | Historical Test Only | Not Betting Ready,"No sportsbook odds are loaded. This is a model-probability watchlist, not a betting board."
receptions,Receptions,,D.Brown,WAS,WR,3.5,3.841183666562065,0.5725527593327211,Watchlist Only - No Odds,Research Only - No Odds | Historical Test Only | Not Betting Ready,"No sportsbook odds are loaded. This is a model-probability watchlist, not a betting board."
receptions,Receptions,,K.Allen,CHI,WR,3.5,3.812343086402927,0.566479532424181,Watchlist Only - No Odds,Research Only - No Odds | Historical Test Only | Not Betting Ready,"No sportsbook odds are loaded. This is a model-probability watchlist, not a betting board."
receptions,Receptions,,T.McBride,ARI,TE,3.5,3.778743347250189,0.5593843758566422,Watchlist Only - No Odds,Research Only - No Odds | Historical Test Only | Not Betting Ready,"No sportsbook odds are loaded. This is a model-probability watchlist, not a betting board."
receptions,Receptions,,B.Johnson,PIT,WR,3.5,3.761026139323402,0.5556352449894433,Watchlist Only - No Odds,Research Only - No Odds | Historical Test Only | Not Betting Ready,"No sportsbook odds are loaded. This is a model-probability watchlist, not a betting board."
receptions,Receptions,,R.Pearsall,SF,WR,3.5,3.752253231055675,0.5537769477093398,Watchlist Only - No Odds,Research Only - No Odds | Historical Test Only | Not Betting Ready,"No sportsbook odds are loaded. This is a model-probability watchlist, not a betting board."
receiving_yards,Receiving Yards,,J.Chase,CIN,WR,49.5,63.527630601869646,0.7103044903701774,Watchlist Only - No Odds,Research Only - No Odds | Historical Test Only | Not Betting Ready,"No sportsbook odds are loaded. This is a model-probability watchlist, not a betting board."
receiving_yards,Receiving Yards,,P.Nacua,LA,WR,49.5,61.22063283909125,0.6783600886940377,Watchlist Only - No Odds,Research Only - No Odds | Historical Test Only | Not Betting Ready,"No sportsbook odds are loaded. This is a model-probability watchlist, not a betting board."
receiving_yards,Receiving Yards,,B.Thomas,JAX,WR,49.5,59.96806986613655,0.6604257543946981,Watchlist Only - No Odds,Research Only - No Odds | Historical Test Only | Not Betting Ready,"No sportsbook odds are loaded. This is a model-probability watchlist, not a betting board."
receiving_yards,Receiving Yards,,J.Jefferson,MIN,WR,49.5,59.82575835858695,0.6583639727651518,Watchlist Only - No Odds,Research Only - No Odds | Historical Test Only | Not Betting Ready,"No sportsbook odds are loaded. This is a model-probability watchlist, not a betting board."
receiving_yards,Receiving Yards,,J.Jeudy,CLE,WR,49.5,57.01349086518891,0.6167212962442945,Watchlist Only - No Odds,Research Only - No Odds | Historical Test Only | Not Betting Ready,"No sportsbook odds are loaded. This is a model-probability watchlist, not a betting board."
receiving_yards,Receiving Yards,,L.McConkey,LAC,WR,49.5,55.21476608866266,0.5893245599276618,Watchlist Only - No Odds,Research Only - No Odds | Historical Test Only | Not Betting Ready,"No sportsbook odds are loaded. This is a model-probability watchlist, not a betting board."
receiving_yards,Receiving Yards,,T.Higgins,CIN,WR,49.5,55.07792274523823,0.5872204657390279,Watchlist Only - No Odds,Research Only - No Odds | Historical Test Only | Not Betting Ready,"No sportsbook odds are loaded. This is a model-probability watchlist, not a betting board."
receiving_yards,Receiving Yards,,T.Shavers,BUF,WR,49.5,54.22423265330352,0.5740398562145375,Watchlist Only - No Odds,Research Only - No Odds | Historical Test Only | Not Betting Ready,"No sportsbook odds are loaded. This is a model-probability watchlist, not a betting board."
receiving_yards,Receiving Yards,,A.St. Brown,DET,WR,49.5,53.322559832526856,0.5600283124753642,Watchlist Only - No Odds,Research Only - No Odds | Historical Test Only | Not Betting Ready,"No sportsbook odds are loaded. This is a model-probability watchlist, not a betting board."
receiving_yards,Receiving Yards,,D.Adams,NYJ,WR,49.5,53.007491833515786,0.5551135989669298,Watchlist Only - No Odds,Research Only - No Odds | Historical Test Only | Not Betting Ready,"No sportsbook odds are loaded. This is a model-probability watchlist, not a betting board."
receiving_yards,Receiving Yards,,Ja.Williams,DET,WR,49.5,52.54520537492522,0.5478872891885692,Watchlist Only - No Odds,Research Only - No Odds | Historical Test Only | Not Betting Ready,"No sportsbook odds are loaded. This is a model-probability watchlist, not a betting board."
receiving_yards,Receiving Yards,,J.Jennings,SF,WR,49.5,52.41403014396274,0.5458338017622978,Watchlist Only - No Odds,Research Only - No Odds | Historical Test Only | Not Betting Ready,"No sportsbook odds are loaded. This is a model-probability watchlist, not a betting board."
receiving_yards,Receiving Yards,,T.McLaurin,WAS,WR,49.5,51.75990911384698,0.5355766246050124,Watchlist Only - No Odds,Research Only - No Odds | Historical Test Only | Not Betting Ready,"No sportsbook odds are loaded. This is a model-probability watchlist, not a betting board."
receiving_yards,Receiving Yards,,N.Collins,HOU,WR,49.5,51.36961446257547,0.5294447454449787,Watchlist Only - No Odds,Research Only - No Odds | Historical Test Only | Not Betting Ready,"No sportsbook odds are loaded. This is a model-probability watchlist, not a betting board."
receiving_yards,Receiving Yards,,M.Evans,TB,WR,49.5,51.191984280767855,0.5266516141351478,Watchlist Only - No Odds,Research Only - No Odds | Historical Test Only | Not Betting Ready,"No sportsbook odds are loaded. This is a model-probability watchlist, not a betting board."
receiving_yards,Receiving Yards,,B.Aiyuk,SF,WR,49.5,50.60863510469353,0.5174703002241752,Watchlist Only - No Odds,Research Only - No Odds | Historical Test Only | Not Betting Ready,"No sportsbook odds are loaded. This is a model-probability watchlist, not a betting board."
receiving_yards,Receiving Yards,,J.Addison,MIN,WR,49.5,49.84667597487271,0.5054646302830806,Watchlist Only - No Odds,Research Only - No Odds | Historical Test Only | Not Betting Ready,"No sportsbook odds are loaded. This is a model-probability watchlist, not a betting board."
receiving_yards,Receiving Yards,,D.Moore,CHI,WR,49.5,49.38647295358126,0.4982104307717468,Watchlist Only - No Odds,Research Only - No Odds | Historical Test Only | Not Betting Ready,"No sportsbook odds are loaded. This is a model-probability watchlist, not a betting board."
receiving_yards,Receiving Yards,,A.Gould,IND,WR,49.5,49.282563794125295,0.4965725025592327,Watchlist Only - No Odds,Research Only - No Odds | Historical Test Only | Not Betting Ready,"No sportsbook odds are loaded. This is a model-probability watchlist, not a betting board."
receiving_yards,Receiving Yards,,R.Pearsall,SF,WR,49.5,48.28976342293925,0.4809297933633915,Watchlist Only - No Odds,Research Only - No Odds | Historical Test Only | Not Betting Ready,"No sportsbook odds are loaded. This is a model-probability watchlist, not a betting board."
receiving_yards,Receiving Yards,,D.Brown,WAS,WR,49.5,47.97751977738512,0.4760149629162753,Watchlist Only - No Odds,Research Only - No Odds | Historical Test Only | Not Betting Ready,"No sportsbook odds are loaded. This is a model-probability watchlist, not a betting board."
receiving_yards,Receiving Yards,,J.Cowing,SF,WR,49.5,47.7152835748244,0.471890054600975,Watchlist Only - No Odds,Research Only - No Odds | Historical Test Only | Not Betting Ready,"No sportsbook odds are loaded. This is a model-probability watchlist, not a betting board."
receiving_yards,Receiving Yards,,A.Pierce,IND,WR,49.5,47.38884569464508,0.4667595302662252,Watchlist Only - No Odds,Research Only - No Odds | Historical Test Only | Not Betting Ready,"No sportsbook odds are loaded. This is a model-probability watchlist, not a betting board."
receiving_yards,Receiving Yards,,J.Smith-Njigba,SEA,WR,49.5,47.33157115224156,0.4658599087225963,Watchlist Only - No Odds,Research Only - No Odds | Historical Test Only | Not Betting Ready,"No sportsbook odds are loaded. This is a model-probability watchlist, not a betting board."
receiving_yards,Receiving Yards,,R.Shaheed,NO,WR,49.5,47.319085422039215,0.4656638161099188,Watchlist Only - No Odds,Research Only - No Odds | Historical Test Only | Not Betting Ready,"No sportsbook odds are loaded. This is a model-probability watchlist, not a betting board."
rushing_yards,Rushing Yards,,S.Barkley,PHI,RB,49.5,96.84987306664549,0.967776730132618,Watchlist Only - No Odds,Research Only - No Odds | Historical Test Only | Not Betting Ready,"No sportsbook odds are loaded. This is a model-probability watchlist, not a betting board."
rushing_yards,Rushing Yards,,D.Henry,BAL,RB,49.5,89.29835670086044,0.9399293651058676,Watchlist Only - No Odds,Research Only - No Odds | Historical Test Only | Not Betting Ready,"No sportsbook odds are loaded. This is a model-probability watchlist, not a betting board."
rushing_yards,Rushing Yards,,J.Taylor,IND,RB,49.5,85.87558910562794,0.9222714027932912,Watchlist Only - No Odds,Research Only - No Odds | Historical Test Only | Not Betting Ready,"No sportsbook odds are loaded. This is a model-probability watchlist, not a betting board."
rushing_yards,Rushing Yards,,K.Williams,LA,RB,49.5,76.13318386342063,0.8508446119080846,Watchlist Only - No Odds,Research Only - No Odds | Historical Test Only | Not Betting Ready,"No sportsbook odds are loaded. This is a model-probability watchlist, not a betting board."
rushing_yards,Rushing Yards,,B.Robinson,ATL,RB,49.5,72.12970822132897,0.81157669425358,Watchlist Only - No Odds,Research Only - No Odds | Historical Test Only | Not Betting Ready,"No sportsbook odds are loaded. This is a model-probability watchlist, not a betting board."
rushing_yards,Rushing Yards,,J.Jacobs,GB,RB,49.5,69.692593594386,0.7848120955584934,Watchlist Only - No Odds,Research Only - No Odds | Historical Test Only | Not Betting Ready,"No sportsbook odds are loaded. This is a model-probability watchlist, not a betting board."
rushing_yards,Rushing Yards,,J.Gibbs,DET,RB,49.5,69.53462764660152,0.7830043395914772,Watchlist Only - No Odds,Research Only - No Odds | Historical Test Only | Not Betting Ready,"No sportsbook odds are loaded. This is a model-probability watchlist, not a betting board."
rushing_yards,Rushing Yards,,J.Mixon,HOU,RB,49.5,67.86122304953706,0.7633225685870848,Watchlist Only - No Odds,Research Only - No Odds | Historical Test Only | Not Betting Ready,"No sportsbook odds are loaded. This is a model-probability watchlist, not a betting board."
rushing_yards,Rushing Yards,,C.Hubbard,CAR,RB,49.5,67.60016897539725,0.7601660017608118,Watchlist Only - No Odds,Research Only - No Odds | Historical Test Only | Not Betting Ready,"No sportsbook odds are loaded. This is a model-probability watchlist, not a betting board."
rushing_yards,Rushing Yards,,J.Conner,ARI,RB,49.5,61.15107007352755,0.6754419314364828,Watchlist Only - No Odds,Research Only - No Odds | Historical Test Only | Not Betting Ready,"No sportsbook odds are loaded. This is a model-probability watchlist, not a betting board."
rushing_yards,Rushing Yards,,T.Pollard,TEN,RB,49.5,59.43814206292419,0.6510283187247313,Watchlist Only - No Odds,Research Only - No Odds | Historical Test Only | Not Betting Ready,"No sportsbook odds are loaded. This is a model-probability watchlist, not a betting board."
rushing_yards,Rushing Yards,,A.Kamara,NO,RB,49.5,59.08275557423134,0.6458796280799358,Watchlist Only - No Odds,Research Only - No Odds | Historical Test Only | Not Betting Ready,"No sportsbook odds are loaded. This is a model-probability watchlist, not a betting board."
rushing_yards,Rushing Yards,,A.Jones,MIN,RB,49.5,58.72586283312911,0.640682136920802,Watchlist Only - No Odds,Research Only - No Odds | Historical Test Only | Not Betting Ready,"No sportsbook odds are loaded. This is a model-probability watchlist, not a betting board."
rushing_yards,Rushing Yards,,J.Cook,BUF,RB,49.5,58.52578684087519,0.6377568938410572,Watchlist Only - No Odds,Research Only - No Odds | Historical Test Only | Not Betting Ready,"No sportsbook odds are loaded. This is a model-probability watchlist, not a betting board."
rushing_yards,Rushing Yards,,J.Dobbins,LAC,RB,49.5,57.97332584470196,0.629638138823594,Watchlist Only - No Odds,Research Only - No Odds | Historical Test Only | Not Betting Ready,"No sportsbook odds are loaded. This is a model-probability watchlist, not a betting board."
rushing_yards,Rushing Yards,,B.Irving,TB,RB,49.5,57.32188876290047,0.6199904024671679,Watchlist Only - No Odds,Research Only - No Odds | Historical Test Only | Not Betting Ready,"No sportsbook odds are loaded. This is a model-probability watchlist, not a betting board."
rushing_yards,Rushing Yards,,C.McCaffrey,SF,RB,49.5,55.17417458833264,0.5876812747860245,Watchlist Only - No Odds,Research Only - No Odds | Historical Test Only | Not Betting Ready,"No sportsbook odds are loaded. This is a model-probability watchlist, not a betting board."
rushing_yards,Rushing Yards,,N.Harris,PIT,RB,49.5,54.5928160053647,0.5788222846098996,Watchlist Only - No Odds,Research Only - No Odds | Historical Test Only | Not Betting Ready,"No sportsbook odds are loaded. This is a model-probability watchlist, not a betting board."
rushing_yards,Rushing Yards,,D.Swift,CHI,RB,49.5,53.80470394801723,0.5667495231443191,Watchlist Only - No Odds,Research Only - No Odds | Historical Test Only | Not Betting Ready,"No sportsbook odds are loaded. This is a model-probability watchlist, not a betting board."
rushing_yards,Rushing Yards,,R.Dowdle,DAL,RB,49.5,53.396619306822274,0.560472932448657,Watchlist Only - No Odds,Research Only - No Odds | Historical Test Only | Not Betting Ready,"No sportsbook odds are loaded. This is a model-probability watchlist, not a betting board."
rushing_yards,Rushing Yards,,D.Montgomery,DET,RB,49.5,51.86371578743624,0.5367726874143814,Watchlist Only - No Odds,Research Only - No Odds | Historical Test Only | Not Betting Ready,"No sportsbook odds are loaded. This is a model-probability watchlist, not a betting board."
rushing_yards,Rushing Yards,,B.Hall,NYJ,RB,49.5,51.06383727929647,0.5243482734852557,Watchlist Only - No Odds,Research Only - No Odds | Historical Test Only | Not Betting Ready,"No sportsbook odds are loaded. This is a model-probability watchlist, not a betting board."
rushing_yards,Rushing Yards,,K.Walker,SEA,RB,49.5,50.82096830114881,0.5205705692863338,Watchlist Only - No Odds,Research Only - No Odds | Historical Test Only | Not Betting Ready,"No sportsbook odds are loaded. This is a model-probability watchlist, not a betting board."
rushing_yards,Rushing Yards,,C.Brown,CIN,RB,49.5,50.632249537169855,0.5176338505245641,Watchlist Only - No Odds,Research Only - No Odds | Historical Test Only | Not Betting Ready,"No sportsbook odds are loaded. This is a model-probability watchlist, not a betting board."
rushing_yards,Rushing Yards,,D.Achane,MIA,RB,49.5,50.45564908795905,0.514884839121632,Watchlist Only - No Odds,Research Only - No Odds | Historical Test Only | Not Betting Ready,"No sportsbook odds are loaded. This is a model-probability watchlist, not a betting board."
carries,Carries,,J.Taylor,IND,RB,12.5,14.714235572200463,0.7051985387015827,Watchlist Only - No Odds,Research Only - No Odds | Historical Test Only | Not Betting Ready,"No sportsbook odds are loaded. This is a model-probability watchlist, not a betting board."
carries,Carries,,D.Henry,BAL,RB,12.5,14.70748572420501,0.7046311108052747,Watchlist Only - No Odds,Research Only - No Odds | Historical Test Only | Not Betting Ready,"No sportsbook odds are loaded. This is a model-probability watchlist, not a betting board."
carries,Carries,,B.Robinson,ATL,RB,12.5,14.253459230476937,0.6653691410601144,Watchlist Only - No Odds,Research Only - No Odds | Historical Test Only | Not Betting Ready,"No sportsbook odds are loaded. This is a model-probability watchlist, not a betting board."
carries,Carries,,S.Barkley,PHI,RB,12.5,11.597620949372056,0.4130020824944883,Watchlist Only - No Odds,Research Only - No Odds | Historical Test Only | Not Betting Ready,"No sportsbook odds are loaded. This is a model-probability watchlist, not a betting board."
carries,Carries,,J.Mixon,HOU,RB,12.5,9.958632501037004,0.2679237981455621,Watchlist Only - No Odds,Research Only - No Odds | Historical Test Only | Not Betting Ready,"No sportsbook odds are loaded. This is a model-probability watchlist, not a betting board."
carries,Carries,,T.Pollard,TEN,RB,12.5,9.934639469149408,0.2660021530795099,Watchlist Only - No Odds,Research Only - No Odds | Historical Test Only | Not Betting Ready,"No sportsbook odds are loaded. This is a model-probability watchlist, not a betting board."
carries,Carries,,R.Dowdle,DAL,RB,12.5,9.510990683979092,0.2332594367870895,Watchlist Only - No Odds,Research Only - No Odds | Historical Test Only | Not Betting Ready,"No sportsbook odds are loaded. This is a model-probability watchlist, not a betting board."
carries,Carries,,B.Irving,TB,RB,12.5,8.649815168553095,0.1741359976495937,Watchlist Only - No Odds,Research Only - No Odds | Historical Test Only | Not Betting Ready,"No sportsbook odds are loaded. This is a model-probability watchlist, not a betting board."
carries,Carries,,D.Swift,CHI,RB,12.5,8.525546005271234,0.166467347855143,Watchlist Only - No Odds,Research Only - No Odds | Historical Test Only | Not Betting Ready,"No sportsbook odds are loaded. This is a model-probability watchlist, not a betting board."
carries,Carries,,C.Hubbard,CAR,RB,12.5,8.479818811072214,0.1637012496717171,Watchlist Only - No Odds,Research Only - No Odds | Historical Test Only | Not Betting Ready,"No sportsbook odds are loaded. This is a model-probability watchlist, not a betting board."
carries,Carries,,J.Cook,BUF,RB,12.5,8.302932565854961,0.153283830003207,Watchlist Only - No Odds,Research Only - No Odds | Historical Test Only | Not Betting Ready,"No sportsbook odds are loaded. This is a model-probability watchlist, not a betting board."
carries,Carries,,T.Etienne,JAX,RB,12.5,8.221121594455049,0.1486176107783583,Watchlist Only - No Odds,Research Only - No Odds | Historical Test Only | Not Betting Ready,"No sportsbook odds are loaded. This is a model-probability watchlist, not a betting board."
carries,Carries,,A.Jones,MIN,RB,12.5,8.171539962267742,0.1458363437986675,Watchlist Only - No Odds,Research Only - No Odds | Historical Test Only | Not Betting Ready,"No sportsbook odds are loaded. This is a model-probability watchlist, not a betting board."
carries,Carries,,K.Walker,SEA,RB,12.5,7.669896167484988,0.1196646007007007,Watchlist Only - No Odds,Research Only - No Odds | Historical Test Only | Not Betting Ready,"No sportsbook odds are loaded. This is a model-probability watchlist, not a betting board."
carries,Carries,,T.Allgeier,ATL,RB,12.5,7.616988634553649,0.1171108780005603,Watchlist Only - No Odds,Research Only - No Odds | Historical Test Only | Not Betting Ready,"No sportsbook odds are loaded. This is a model-probability watchlist, not a betting board."
carries,Carries,,R.White,TB,RB,12.5,7.396247139956839,0.106873321621615,Watchlist Only - No Odds,Research Only - No Odds | Historical Test Only | Not Betting Ready,"No sportsbook odds are loaded. This is a model-probability watchlist, not a betting board."
carries,Carries,,J.Jacobs,GB,RB,12.5,7.395037398519733,0.1068190542564131,Watchlist Only - No Odds,Research Only - No Odds | Historical Test Only | Not Betting Ready,"No sportsbook odds are loaded. This is a model-probability watchlist, not a betting board."
carries,Carries,,T.Bigsby,JAX,RB,12.5,7.309434882654873,0.1030293746268753,Watchlist Only - No Odds,Research Only - No Odds | Historical Test Only | Not Betting Ready,"No sportsbook odds are loaded. This is a model-probability watchlist, not a betting board."
carries,Carries,,C.Brown,CIN,RB,12.5,7.113046577439101,0.0947061546163132,Watchlist Only - No Odds,Research Only - No Odds | Historical Test Only | Not Betting Ready,"No sportsbook odds are loaded. This is a model-probability watchlist, not a betting board."
carries,Carries,,J.Conner,ARI,RB,12.5,6.2613690922643,0.0642809504183552,Watchlist Only - No Odds,Research Only - No Odds | Historical Test Only | Not Betting Ready,"No sportsbook odds are loaded. This is a model-probability watchlist, not a betting board."
carries,Carries,,N.Harris,PIT,RB,12.5,6.209308017185189,0.062702009198772,Watchlist Only - No Odds,Research Only - No Odds | Historical Test Only | Not Betting Ready,"No sportsbook odds are loaded. This is a model-probability watchlist, not a betting board."
carries,Carries,,J.Dobbins,LAC,RB,12.5,6.190958558024488,0.0621527562749155,Watchlist Only - No Odds,Research Only - No Odds | Historical Test Only | Not Betting Ready,"No sportsbook odds are loaded. This is a model-probability watchlist, not a betting board."
carries,Carries,,J.Gibbs,DET,RB,12.5,6.177847928971912,0.061762621098955,Watchlist Only - No Odds,Research Only - No Odds | Historical Test Only | Not Betting Ready,"No sportsbook odds are loaded. This is a model-probability watchlist, not a betting board."
carries,Carries,,D.Montgomery,DET,RB,12.5,5.825244157887851,0.0519703477436411,Watchlist Only - No Odds,Research Only - No Odds | Historical Test Only | Not Betting Ready,"No sportsbook odds are loaded. This is a model-probability watchlist, not a betting board."
carries,Carries,,B.Robinson,WAS,RB,12.5,5.796725935410487,0.0512356062167618,Watchlist Only - No Odds,Research Only - No Odds | Historical Test Only | Not Betting Ready,"No sportsbook odds are loaded. This is a model-probability watchlist, not a betting board."
pass_attempts,Pass Attempts,,K.Murray,ARI,QB,31.5,32.49919987521579,0.5433576572836951,Watchlist Only - No Odds,Research Only - No Odds | Historical Test Only | Not Betting Ready,"No sportsbook odds are loaded. This is a model-probability watchlist, not a betting board."
pass_attempts,Pass Attempts,,C.Williams,CHI,QB,31.5,30.41695015325381,0.4530201055478413,Watchlist Only - No Odds,Research Only - No Odds | Historical Test Only | Not Betting Ready,"No sportsbook odds are loaded. This is a model-probability watchlist, not a betting board."
pass_attempts,Pass Attempts,,J.Goff,DET,QB,31.5,30.137947366577308,0.440997230586224,Watchlist Only - No Odds,Research Only - No Odds | Historical Test Only | Not Betting Ready,"No sportsbook odds are loaded. This is a model-probability watchlist, not a betting board."
pass_attempts,Pass Attempts,,B.Mayfield,TB,QB,31.5,28.574253190116945,0.3749169700807886,Watchlist Only - No Odds,Research Only - No Odds | Historical Test Only | Not Betting Ready,"No sportsbook odds are loaded. This is a model-probability watchlist, not a betting board."
pass_attempts,Pass Attempts,,J.Daniels,WAS,QB,31.5,27.73747045986438,0.3408832025582305,Watchlist Only - No Odds,Research Only - No Odds | Historical Test Only | Not Betting Ready,"No sportsbook odds are loaded. This is a model-probability watchlist, not a betting board."
pass_attempts,Pass Attempts,,B.Nix,DEN,QB,31.5,27.48940802056919,0.331023534331187,Watchlist Only - No Odds,Research Only - No Odds | Historical Test Only | Not Betting Ready,"No sportsbook odds are loaded. This is a model-probability watchlist, not a betting board."
pass_attempts,Pass Attempts,,J.Burrow,CIN,QB,31.5,26.284503997069507,0.2848805483382319,Watchlist Only - No Odds,Research Only - No Odds | Historical Test Only | Not Betting Ready,"No sportsbook odds are loaded. This is a model-probability watchlist, not a betting board."
pass_attempts,Pass Attempts,,L.Jackson,BAL,QB,31.5,23.54693264688178,0.1930384931193168,Watchlist Only - No Odds,Research Only - No Odds | Historical Test Only | Not Betting Ready,"No sportsbook odds are loaded. This is a model-probability watchlist, not a betting board."
pass_attempts,Pass Attempts,,G.Smith,SEA,QB,31.5,23.049590702648366,0.178536756823983,Watchlist Only - No Odds,Research Only - No Odds | Historical Test Only | Not Betting Ready,"No sportsbook odds are loaded. This is a model-probability watchlist, not a betting board."
pass_attempts,Pass Attempts,,S.Darnold,MIN,QB,31.5,23.02994032353384,0.1779782377770739,Watchlist Only - No Odds,Research Only - No Odds | Historical Test Only | Not Betting Ready,"No sportsbook odds are loaded. This is a model-probability watchlist, not a betting board."
pass_attempts,Pass Attempts,,R.Wilson,PIT,QB,31.5,22.463631047680163,0.1623572896533847,Watchlist Only - No Odds,Research Only - No Odds | Historical Test Only | Not Betting Ready,"No sportsbook odds are loaded. This is a model-probability watchlist, not a betting board."
pass_attempts,Pass Attempts,,J.Flacco,IND,QB,31.5,22.027239923762806,0.1509481878581223,Watchlist Only - No Odds,Research Only - No Odds | Historical Test Only | Not Betting Ready,"No sportsbook odds are loaded. This is a model-probability watchlist, not a betting board."
pass_attempts,Pass Attempts,,J.Allen,BUF,QB,31.5,15.341667010111776,0.0391198082605088,Watchlist Only - No Odds,Research Only - No Odds | Historical Test Only | Not Betting Ready,"No sportsbook odds are loaded. This is a model-probability watchlist, not a betting board."
pass_attempts,Pass Attempts,,B.Purdy,SF,QB,31.5,14.847993243551516,0.0347776972261872,Watchlist Only - No Odds,Research Only - No Odds | Historical Test Only | Not Betting Ready,"No sportsbook odds are loaded. This is a model-probability watchlist, not a betting board."
pass_attempts,Pass Attempts,,S.Rattler,NO,QB,31.5,14.81676074619008,0.0345168622202252,Watchlist Only - No Odds,Research Only - No Odds | Historical Test Only | Not Betting Ready,"No sportsbook odds are loaded. This is a model-probability watchlist, not a betting board."
pass_attempts,Pass Attempts,,T.Tagovailoa,MIA,QB,31.5,14.32380278730248,0.03060860722665,Watchlist Only - No Odds,Research Only - No Odds | Historical Test Only | Not Betting Ready,"No sportsbook odds are loaded. This is a model-probability watchlist, not a betting board."
pass_attempts,Pass Attempts,,B.Young,CAR,QB,31.5,14.059887484278777,0.0286715937192871,Watchlist Only - No Odds,Research Only - No Odds | Historical Test Only | Not Betting Ready,"No sportsbook odds are loaded. This is a model-probability watchlist, not a betting board."
pass_attempts,Pass Attempts,,D.Prescott,DAL,QB,31.5,13.471733537332227,0.0247195717596315,Watchlist Only - No Odds,Research Only - No Odds | Historical Test Only | Not Betting Ready,"No sportsbook odds are loaded. This is a model-probability watchlist, not a betting board."
pass_attempts,Pass Attempts,,A.Dalton,CAR,QB,31.5,13.390293066698677,0.0242101779650086,Watchlist Only - No Odds,Research Only - No Odds | Historical Test Only | Not Betting Ready,"No sportsbook odds are loaded. This is a model-probability watchlist, not a betting board."
pass_attempts,Pass Attempts,,J.Herbert,LAC,QB,31.5,13.377044847890245,0.0241281525655485,Watchlist Only - No Odds,Research Only - No Odds | Historical Test Only | Not Betting Ready,"No sportsbook odds are loaded. This is a model-probability watchlist, not a betting board."
pass_attempts,Pass Attempts,,E.Stick,LAC,QB,31.5,13.37458375034336,0.0241129405972631,Watchlist Only - No Odds,Research Only - No Odds | Historical Test Only | Not Betting Ready,"No sportsbook odds are loaded. This is a model-probability watchlist, not a betting board."
pass_attempts,Pass Attempts,,D.Carr,NO,QB,31.5,13.353814395679498,0.0239848864650927,Watchlist Only - No Odds,Research Only - No Odds | Historical Test Only | Not Betting Ready,"No sportsbook odds are loaded. This is a model-probability watchlist, not a betting board."
pass_attempts,Pass Attempts,,J.Hall,MIN,QB,31.5,13.27065579571555,0.0234778798091701,Watchlist Only - No Odds,Research Only - No Odds | Historical Test Only | Not Betting Ready,"No sportsbook odds are loaded. This is a model-probability watchlist, not a betting board."
pass_attempts,Pass Attempts,,J.Dobbs,SF,QB,31.5,13.172313262770883,0.0228899649598586,Watchlist Only - No Odds,Research Only - No Odds | Historical Test Only | Not Betting Ready,"No sportsbook odds are loaded. This is a model-probability watchlist, not a betting board."
pass_attempts,Pass Attempts,,J.Love,GB,QB,31.5,12.973667516081331,0.0217401867602395,Watchlist Only - No Odds,Research Only - No Odds | Historical Test Only | Not Betting Ready,"No sportsbook odds are loaded. This is a model-probability watchlist, not a betting board."
completions,Completions,,K.Murray,ARI,QB,20.5,21.465659706411053,0.5607082248901372,Watchlist Only - No Odds,Research Only - No Odds | Historical Test Only | Not Betting Ready,"No sportsbook odds are loaded. This is a model-probability watchlist, not a betting board."
completions,Completions,,B.Mayfield,TB,QB,20.5,21.056661495149434,0.5350865077521603,Watchlist Only - No Odds,Research Only - No Odds | Historical Test Only | Not Betting Ready,"No sportsbook odds are loaded. This is a model-probability watchlist, not a betting board."
completions,Completions,,J.Daniels,WAS,QB,20.5,20.0856527002261,0.4738685445647573,Watchlist Only - No Odds,Research Only - No Odds | Historical Test Only | Not Betting Ready,"No sportsbook odds are loaded. This is a model-probability watchlist, not a betting board."
completions,Completions,,J.Goff,DET,QB,20.5,19.938766084842687,0.4646260449263147,Watchlist Only - No Odds,Research Only - No Odds | Historical Test Only | Not Betting Ready,"No sportsbook odds are loaded. This is a model-probability watchlist, not a betting board."
completions,Completions,,C.Williams,CHI,QB,20.5,18.4865441378234,0.3750437782032062,Watchlist Only - No Odds,Research Only - No Odds | Historical Test Only | Not Betting Ready,"No sportsbook odds are loaded. This is a model-probability watchlist, not a betting board."
completions,Completions,,B.Nix,DEN,QB,20.5,17.371664965839578,0.31033706999716,Watchlist Only - No Odds,Research Only - No Odds | Historical Test Only | Not Betting Ready,"No sportsbook odds are loaded. This is a model-probability watchlist, not a betting board."
completions,Completions,,J.Burrow,CIN,QB,20.5,17.307441183790203,0.3067600360946783,Watchlist Only - No Odds,Research Only - No Odds | Historical Test Only | Not Betting Ready,"No sportsbook odds are loaded. This is a model-probability watchlist, not a betting board."
completions,Completions,,G.Smith,SEA,QB,20.5,13.428567798106926,0.1316375484385548,Watchlist Only - No Odds,Research Only - No Odds | Historical Test Only | Not Betting Ready,"No sportsbook odds are loaded. This is a model-probability watchlist, not a betting board."
completions,Completions,,L.Jackson,BAL,QB,20.5,13.41352667170872,0.1311304848334906,Watchlist Only - No Odds,Research Only - No Odds | Historical Test Only | Not Betting Ready,"No sportsbook odds are loaded. This is a model-probability watchlist, not a betting board."
completions,Completions,,S.Darnold,MIN,QB,20.5,12.93846180494894,0.1158058837694835,Watchlist Only - No Odds,Research Only - No Odds | Historical Test Only | Not Betting Ready,"No sportsbook odds are loaded. This is a model-probability watchlist, not a betting board."
completions,Completions,,R.Wilson,PIT,QB,20.5,12.463500428762382,0.1018011800511633,Watchlist Only - No Odds,Research Only - No Odds | Historical Test Only | Not Betting Ready,"No sportsbook odds are loaded. This is a model-probability watchlist, not a betting board."
completions,Completions,,J.Flacco,IND,QB,20.5,12.237210779827205,0.0955802837389681,Watchlist Only - No Odds,Research Only - No Odds | Historical Test Only | Not Betting Ready,"No sportsbook odds are loaded. This is a model-probability watchlist, not a betting board."
completions,Completions,,T.Tagovailoa,MIA,QB,20.5,11.18951920621108,0.0703895595102059,Watchlist Only - No Odds,Research Only - No Odds | Historical Test Only | Not Betting Ready,"No sportsbook odds are loaded. This is a model-probability watchlist, not a betting board."
completions,Completions,,J.Allen,BUF,QB,20.5,11.187325300567217,0.0703427716819644,Watchlist Only - No Odds,Research Only - No Odds | Historical Test Only | Not Betting Ready,"No sportsbook odds are loaded. This is a model-probability watchlist, not a betting board."
completions,Completions,,B.Purdy,SF,QB,20.5,10.977394403845588,0.0659753982687412,Watchlist Only - No Odds,Research Only - No Odds | Historical Test Only | Not Betting Ready,"No sportsbook odds are loaded. This is a model-probability watchlist, not a betting board."
completions,Completions,,D.Carr,NO,QB,20.5,10.037986131193662,0.0489555914069765,Watchlist Only - No Odds,Research Only - No Odds | Historical Test Only | Not Betting Ready,"No sportsbook odds are loaded. This is a model-probability watchlist, not a betting board."
completions,Completions,,D.Prescott,DAL,QB,20.5,9.930531539571858,0.0472557817838301,Watchlist Only - No Odds,Research Only - No Odds | Historical Test Only | Not Betting Ready,"No sportsbook odds are loaded. This is a model-probability watchlist, not a betting board."
completions,Completions,,S.Rattler,NO,QB,20.5,9.867107442191791,0.0462748952514699,Watchlist Only - No Odds,Research Only - No Odds | Historical Test Only | Not Betting Ready,"No sportsbook odds are loaded. This is a model-probability watchlist, not a betting board."
completions,Completions,,A.Dalton,CAR,QB,20.5,9.796489570291108,0.0452020595468716,Watchlist Only - No Odds,Research Only - No Odds | Historical Test Only | Not Betting Ready,"No sportsbook odds are loaded. This is a model-probability watchlist, not a betting board."
completions,Completions,,B.Young,CAR,QB,20.5,9.76397692493441,0.0447148967467332,Watchlist Only - No Odds,Research Only - No Odds | Historical Test Only | Not Betting Ready,"No sportsbook odds are loaded. This is a model-probability watchlist, not a betting board."
completions,Completions,,J.Herbert,LAC,QB,20.5,9.711824392409389,0.0439422932416329,Watchlist Only - No Odds,Research Only - No Odds | Historical Test Only | Not Betting Ready,"No sportsbook odds are loaded. This is a model-probability watchlist, not a betting board."
completions,Completions,,J.Dobbs,SF,QB,20.5,9.707441520195587,0.0438778574910689,Watchlist Only - No Odds,Research Only - No Odds | Historical Test Only | Not Betting Ready,"No sportsbook odds are loaded. This is a model-probability watchlist, not a betting board."
completions,Completions,,E.Stick,LAC,QB,20.5,9.6807924338992,0.0434877089382159,Watchlist Only - No Odds,Research Only - No Odds | Historical Test Only | Not Betting Ready,"No sportsbook odds are loaded. This is a model-probability watchlist, not a betting board."
completions,Completions,,J.Hall,MIN,QB,20.5,9.659469700350533,0.0431775601266521,Watchlist Only - No Odds,Research Only - No Odds | Historical Test Only | Not Betting Ready,"No sportsbook odds are loaded. This is a model-probability watchlist, not a betting board."
completions,Completions,,J.Love,GB,QB,20.5,9.278482773455758,0.0379310100615297,Watchlist Only - No Odds,Research Only - No Odds | Historical Test Only | Not Betting Ready,"No sportsbook odds are loaded. This is a model-probability watchlist, not a betting board."
passing_yards,Passing Yards,00-0035228,K.Murray,ARI,QB,224.5,229.2497092309337,0.5240873366726999,Watchlist Only - No Odds,Research Only - No Odds | Historical Test Only | Not Betting Ready,"No sportsbook odds are loaded. This is a model-probability watchlist, not a betting board."
passing_yards,Passing Yards,00-0034855,B.Mayfield,TB,QB,224.5,216.945150159937,0.4617224850686017,Watchlist Only - No Odds,Research Only - No Odds | Historical Test Only | Not Betting Ready,"No sportsbook odds are loaded. This is a model-probability watchlist, not a betting board."
passing_yards,Passing Yards,00-0033106,J.Goff,DET,QB,224.5,213.5060769787177,0.4443935734603319,Watchlist Only - No Odds,Research Only - No Odds | Historical Test Only | Not Betting Ready,"No sportsbook odds are loaded. This is a model-probability watchlist, not a betting board."
passing_yards,Passing Yards,00-0039918,C.Williams,CHI,QB,224.5,212.1500357093226,0.4375879594771449,Watchlist Only - No Odds,Research Only - No Odds | Historical Test Only | Not Betting Ready,"No sportsbook odds are loaded. This is a model-probability watchlist, not a betting board."
passing_yards,Passing Yards,00-0034796,L.Jackson,BAL,QB,224.5,205.69426057052928,0.4054741709600507,Watchlist Only - No Odds,Research Only - No Odds | Historical Test Only | Not Betting Ready,"No sportsbook odds are loaded. This is a model-probability watchlist, not a betting board."
passing_yards,Passing Yards,00-0036442,J.Burrow,CIN,QB,224.5,204.05639122846176,0.3974180242109983,Watchlist Only - No Odds,Research Only - No Odds | Historical Test Only | Not Betting Ready,"No sportsbook odds are loaded. This is a model-probability watchlist, not a betting board."
passing_yards,Passing Yards,00-0039910,J.Daniels,WAS,QB,224.5,202.0563364931144,0.3876397529317852,Watchlist Only - No Odds,Research Only - No Odds | Historical Test Only | Not Betting Ready,"No sportsbook odds are loaded. This is a model-probability watchlist, not a betting board."
passing_yards,Passing Yards,00-0039732,B.Nix,DEN,QB,224.5,198.9834095230396,0.3727560711656271,Watchlist Only - No Odds,Research Only - No Odds | Historical Test Only | Not Betting Ready,"No sportsbook odds are loaded. This is a model-probability watchlist, not a betting board."
passing_yards,Passing Yards,00-0034869,S.Darnold,MIN,QB,224.5,185.7432591878487,0.3110158584931578,Watchlist Only - No Odds,Research Only - No Odds | Historical Test Only | Not Betting Ready,"No sportsbook odds are loaded. This is a model-probability watchlist, not a betting board."
passing_yards,Passing Yards,00-0030565,G.Smith,SEA,QB,224.5,180.256817640778,0.2867996208051613,Watchlist Only - No Odds,Research Only - No Odds | Historical Test Only | Not Betting Ready,"No sportsbook odds are loaded. This is a model-probability watchlist, not a betting board."
passing_yards,Passing Yards,00-0029263,R.Wilson,PIT,QB,224.5,143.24965081793786,0.1506902302792313,Watchlist Only - No Odds,Research Only - No Odds | Historical Test Only | Not Betting Ready,"No sportsbook odds are loaded. This is a model-probability watchlist, not a betting board."
passing_yards,Passing Yards,00-0037834,B.Purdy,SF,QB,224.5,138.9645057516334,0.1383012618254202,Watchlist Only - No Odds,Research Only - No Odds | Historical Test Only | Not Betting Ready,"No sportsbook odds are loaded. This is a model-probability watchlist, not a betting board."
passing_yards,Passing Yards,00-0026158,J.Flacco,IND,QB,224.5,138.39919520451394,0.1367202586139939,Watchlist Only - No Odds,Research Only - No Odds | Historical Test Only | Not Betting Ready,"No sportsbook odds are loaded. This is a model-probability watchlist, not a betting board."
passing_yards,Passing Yards,00-0034857,J.Allen,BUF,QB,224.5,130.92414844249402,0.1169733095066134,Watchlist Only - No Odds,Research Only - No Odds | Historical Test Only | Not Betting Ready,"No sportsbook odds are loaded. This is a model-probability watchlist, not a betting board."
passing_yards,Passing Yards,00-0036212,T.Tagovailoa,MIA,QB,224.5,119.82564163436837,0.0915248960244969,Watchlist Only - No Odds,Research Only - No Odds | Historical Test Only | Not Betting Ready,"No sportsbook odds are loaded. This is a model-probability watchlist, not a betting board."
passing_yards,Passing Yards,00-0038598,J.Hall,MIN,QB,224.5,113.48213842127784,0.0789587157138984,Watchlist Only - No Odds,Research Only - No Odds | Historical Test Only | Not Betting Ready,"No sportsbook odds are loaded. This is a model-probability watchlist, not a betting board."
passing_yards,Passing Yards,00-0036355,J.Herbert,LAC,QB,224.5,113.04159245034036,0.0781371279632476,Watchlist Only - No Odds,Research Only - No Odds | Historical Test Only | Not Betting Ready,"No sportsbook odds are loaded. This is a model-probability watchlist, not a betting board."
passing_yards,Passing Yards,00-0031280,D.Carr,NO,QB,224.5,112.84783224889998,0.0777778385588969,Watchlist Only - No Odds,Research Only - No Odds | Historical Test Only | Not Betting Ready,"No sportsbook odds are loaded. This is a model-probability watchlist, not a betting board."
passing_yards,Passing Yards,00-0036264,J.Love,GB,QB,224.5,111.7848286077696,0.0758289880153517,Watchlist Only - No Odds,Research Only - No Odds | Historical Test Only | Not Betting Ready,"No sportsbook odds are loaded. This is a model-probability watchlist, not a betting board."
passing_yards,Passing Yards,00-0038391,S.Clifford,GB,QB,224.5,110.91918213574608,0.0742696176465185,Watchlist Only - No Odds,Research Only - No Odds | Historical Test Only | Not Betting Ready,"No sportsbook odds are loaded. This is a model-probability watchlist, not a betting board."
passing_yards,Passing Yards,00-0033077,D.Prescott,DAL,QB,224.5,109.47728518495532,0.0717267264259959,Watchlist Only - No Odds,Research Only - No Odds | Historical Test Only | Not Betting Ready,"No sportsbook odds are loaded. This is a model-probability watchlist, not a betting board."
passing_yards,Passing Yards,00-0039163,C.Stroud,HOU,QB,224.5,106.6121698933917,0.066872734217569,Watchlist Only - No Odds,Research Only - No Odds | Historical Test Only | Not Betting Ready,"No sportsbook odds are loaded. This is a model-probability watchlist, not a betting board."
passing_yards,Passing Yards,00-0033949,J.Dobbs,SF,QB,224.5,105.86534135519236,0.0656502057431682,Watchlist Only - No Odds,Research Only - No Odds | Historical Test Only | Not Betting Ready,"No sportsbook odds are loaded. This is a model-probability watchlist, not a betting board."
passing_yards,Passing Yards,00-0031345,J.Garoppolo,LA,QB,224.5,105.66598443950376,0.0653268143835412,Watchlist Only - No Odds,Research Only - No Odds | Historical Test Only | Not Betting Ready,"No sportsbook odds are loaded. This is a model-probability watchlist, not a betting board."
passing_yards,Passing Yards,00-0035282,E.Stick,LAC,QB,224.5,105.59012154107168,0.0652040767651482,Watchlist Only - No Odds,Research Only - No Odds | Historical Test Only | Not Betting Ready,"No sportsbook odds are loaded. This is a model-probability watchlist, not a betting board."
