projection_mode,season,week,team,opponent_team,player_id,player_name,position,projected_pass_attempts_calibrated,projected_completion_rate,projected_completions_raw,calibration_bucket,calibration_multiplier,projected_completions_calibrated,projected_completions,is_prop_candidate,overall_rank,team_rank,position_rank,confidence_score,confidence_bucket,quality_flags,usage_status,leakage_status
historical_test,2025,1,ARI,SF,00-0035228,K.Murray,QB,33.142581056022614,0.6727621453372271,22.297073933262716,20-24,0.9627119581098325,21.465659706411053,21.465659706411053,True,1,1,1,60,Medium,ROUTE_PROXY_UNVALIDATED|LOW_CURRENT_SAMPLE|LOW_PLAYER_SAMPLE,HISTORICAL TEST ONLY,PASS
historical_test,2025,1,TB,WAS,00-0034855,B.Mayfield,QB,29.139932863115618,0.6848263110353858,19.955792726466278,15-20,1.0551653739729985,21.056661495149434,21.056661495149434,True,2,1,2,60,Medium,ROUTE_PROXY_UNVALIDATED|LOW_CURRENT_SAMPLE|LOW_PLAYER_SAMPLE,HISTORICAL TEST ONLY,PASS
historical_test,2025,1,WAS,PHI,00-0039910,J.Daniels,QB,28.286584486227575,0.6729532688153551,19.035549493628558,15-20,1.0551653739729985,20.0856527002261,20.0856527002261,True,3,1,3,60,Medium,ROUTE_PROXY_UNVALIDATED|LOW_CURRENT_SAMPLE|LOW_PLAYER_SAMPLE,HISTORICAL TEST ONLY,PASS
historical_test,2025,1,DET,WAS,00-0033106,J.Goff,QB,27.480758792284927,0.6876208345710038,18.89634229539541,15-20,1.0551653739729985,19.938766084842687,19.938766084842687,True,4,1,4,60,Medium,ROUTE_PROXY_UNVALIDATED|LOW_CURRENT_SAMPLE|LOW_PLAYER_SAMPLE,HISTORICAL TEST ONLY,PASS
historical_test,2025,1,CHI,GB,00-0039918,C.Williams,QB,27.735162590585247,0.6316907024638209,17.52004433979508,15-20,1.0551653739729985,18.486544137823394,18.486544137823394,True,5,1,5,60,Medium,ROUTE_PROXY_UNVALIDATED|LOW_CURRENT_SAMPLE|LOW_PLAYER_SAMPLE,HISTORICAL TEST ONLY,PASS
historical_test,2025,1,DEN,BUF,00-0039732,B.Nix,QB,25.065734635721373,0.6568110886663838,16.46345245431084,15-20,1.0551653739729985,17.371664965839578,17.371664965839578,True,6,1,6,60,Medium,ROUTE_PROXY_UNVALIDATED|LOW_CURRENT_SAMPLE|LOW_PLAYER_SAMPLE,HISTORICAL TEST ONLY,PASS
historical_test,2025,1,CIN,PIT,00-0036442,J.Burrow,QB,23.967064031685183,0.6843802958404059,16.402586372430658,15-20,1.0551653739729985,17.307441183790203,17.307441183790203,True,7,1,7,60,Medium,ROUTE_PROXY_UNVALIDATED|LOW_CURRENT_SAMPLE|LOW_PLAYER_SAMPLE,HISTORICAL TEST ONLY,PASS
historical_test,2025,1,SEA,LA,00-0030565,G.Smith,QB,21.017365073204353,0.679505608402557,14.281417441086376,0-15,0.940282563233123,13.428567798106926,13.428567798106926,True,8,1,8,60,Medium,ROUTE_PROXY_UNVALIDATED|LOW_CURRENT_SAMPLE|LOW_PLAYER_SAMPLE,HISTORICAL TEST ONLY,PASS
historical_test,2025,1,BAL,BUF,00-0034796,L.Jackson,QB,21.470857603419645,0.6644085352706216,14.265421051292135,0-15,0.940282563233123,13.41352667170872,13.41352667170872,True,9,1,9,60,Medium,ROUTE_PROXY_UNVALIDATED|LOW_CURRENT_SAMPLE|LOW_PLAYER_SAMPLE,HISTORICAL TEST ONLY,PASS
historical_test,2025,1,MIN,LA,00-0034869,S.Darnold,QB,20.999447219607525,0.6552641421880352,13.760184768779046,0-15,0.940282563233123,12.93846180494894,12.93846180494894,True,10,1,10,60,Medium,ROUTE_PROXY_UNVALIDATED|LOW_CURRENT_SAMPLE|LOW_PLAYER_SAMPLE,HISTORICAL TEST ONLY,PASS
historical_test,2025,1,PIT,BAL,00-0029263,R.Wilson,QB,20.483068037499482,0.6471227125384125,13.255058549535521,0-15,0.940282563233123,12.463500428762382,12.463500428762382,True,11,1,11,60,Medium,ROUTE_PROXY_UNVALIDATED|LOW_CURRENT_SAMPLE|LOW_PLAYER_SAMPLE,HISTORICAL TEST ONLY,PASS
historical_test,2025,1,IND,JAX,00-0026158,J.Flacco,QB,20.0851524439257,0.647961087643617,13.01439722305395,0-15,0.940282563233123,12.237210779827205,12.237210779827205,True,12,1,12,60,Medium,ROUTE_PROXY_UNVALIDATED|LOW_CURRENT_SAMPLE|LOW_PLAYER_SAMPLE,HISTORICAL TEST ONLY,PASS
historical_test,2025,1,MIA,SF,00-0036212,T.Tagovailoa,QB,17.089306221975004,0.6963516541534093,11.900166656006443,0-15,0.940282563233123,11.189519206211079,11.189519206211079,True,13,1,13,60,Medium,ROUTE_PROXY_UNVALIDATED|LOW_CURRENT_SAMPLE|LOW_PLAYER_SAMPLE,HISTORICAL TEST ONLY,PASS
historical_test,2025,1,BUF,KC,00-0034857,J.Allen,QB,18.303689975666472,0.6500237619310517,11.8978334152024,0-15,0.940282563233123,11.187325300567215,11.187325300567215,True,14,1,14,60,Medium,ROUTE_PROXY_UNVALIDATED|LOW_CURRENT_SAMPLE|LOW_PLAYER_SAMPLE,HISTORICAL TEST ONLY,PASS
historical_test,2025,1,SF,DET,00-0037834,B.Purdy,QB,17.714702379580412,0.6590327930279478,11.674569786873713,0-15,0.940282563233123,10.977394403845588,10.977394403845588,True,15,1,15,60,Medium,ROUTE_PROXY_UNVALIDATED|LOW_CURRENT_SAMPLE|LOW_PLAYER_SAMPLE,HISTORICAL TEST ONLY,PASS
historical_test,2025,1,NO,NYG,00-0031280,D.Carr,QB,15.93204170902733,0.6700647537023207,10.675499603734497,0-15,0.940282563233123,10.037986131193662,10.037986131193662,True,16,1,16,60,Medium,ROUTE_PROXY_UNVALIDATED|LOW_CURRENT_SAMPLE|LOW_PLAYER_SAMPLE,HISTORICAL TEST ONLY,PASS
historical_test,2025,1,DAL,ATL,00-0033077,D.Prescott,QB,16.07272755559053,0.6570895029515893,10.561220560579294,0-15,0.940282563233123,9.930531539571858,9.930531539571858,True,17,1,17,60,Medium,ROUTE_PROXY_UNVALIDATED|LOW_CURRENT_SAMPLE|LOW_PLAYER_SAMPLE,HISTORICAL TEST ONLY,PASS
historical_test,2025,1,NO,TB,00-0039376,S.Rattler,QB,17.6774398090597,0.5936248973817205,10.493768392624606,0-15,0.940282563233123,9.867107442191793,9.867107442191793,True,18,2,18,60,Medium,ROUTE_PROXY_UNVALIDATED|LOW_CURRENT_SAMPLE|LOW_PLAYER_SAMPLE,HISTORICAL TEST ONLY,PASS
historical_test,2025,1,CAR,WAS,00-0027973,A.Dalton,QB,15.975563334455602,0.6521626408228923,10.418665572831937,0-15,0.940282563233123,9.796489570291108,9.796489570291108,True,19,1,19,60,Medium,ROUTE_PROXY_UNVALIDATED|LOW_CURRENT_SAMPLE|LOW_PLAYER_SAMPLE,HISTORICAL TEST ONLY,PASS
historical_test,2025,1,CAR,ATL,00-0039150,B.Young,QB,16.7744366655444,0.6190424306495773,10.384088046215997,0-15,0.940282563233123,9.76397692493441,9.76397692493441,True,20,2,20,60,Medium,ROUTE_PROXY_UNVALIDATED|LOW_CURRENT_SAMPLE|LOW_PLAYER_SAMPLE,HISTORICAL TEST ONLY,PASS
historical_test,2025,1,LAC,HOU,00-0036355,J.Herbert,QB,15.959757275724208,0.6471666907493476,10.32862330129326,0-15,0.940282563233123,9.711824392409387,9.711824392409387,True,21,1,21,60,Medium,ROUTE_PROXY_UNVALIDATED|LOW_CURRENT_SAMPLE|LOW_PLAYER_SAMPLE,HISTORICAL TEST ONLY,PASS
historical_test,2025,1,SF,ARI,00-0033949,J.Dobbs,QB,15.715498065836412,0.6569287227926432,10.32396207244017,0-15,0.940282563233123,9.707441520195587,9.707441520195587,True,22,2,22,60,Medium,ROUTE_PROXY_UNVALIDATED|LOW_CURRENT_SAMPLE|LOW_PLAYER_SAMPLE,HISTORICAL TEST ONLY,PASS
historical_test,2025,1,LAC,KC,00-0035282,E.Stick,QB,15.956821012900333,0.6452175211945732,10.295620500089031,0-15,0.940282563233123,9.680792433899201,9.680792433899201,True,23,2,23,60,Medium,ROUTE_PROXY_UNVALIDATED|LOW_CURRENT_SAMPLE|LOW_PLAYER_SAMPLE,HISTORICAL TEST ONLY,PASS
historical_test,2025,1,MIN,GB,00-0038598,J.Hall,QB,15.832827638512871,0.6488382108497456,10.272943557665094,0-15,0.940282563233123,9.659469700350533,9.659469700350533,True,24,2,24,60,Medium,ROUTE_PROXY_UNVALIDATED|LOW_CURRENT_SAMPLE|LOW_PLAYER_SAMPLE|LOW_QB_ATTEMPT_SAMPLE|LOW_COMPLETION_SAMPLE,HISTORICAL TEST ONLY,PASS
historical_test,2025,1,GB,PHI,00-0036264,J.Love,QB,15.478499690106196,0.6375139911271691,9.867760114100252,0-15,0.940282563233123,9.278482773455758,9.278482773455758,True,25,1,25,60,Medium,ROUTE_PROXY_UNVALIDATED|LOW_CURRENT_SAMPLE|LOW_PLAYER_SAMPLE,HISTORICAL TEST ONLY,PASS
historical_test,2025,1,HOU,KC,00-0039163,C.Stroud,QB,15.225218706787484,0.6401635155427433,9.746629532244215,0-15,0.940282563233123,9.164585799462245,9.164585799462245,True,26,1,26,60,Medium,ROUTE_PROXY_UNVALIDATED|LOW_CURRENT_SAMPLE|LOW_PLAYER_SAMPLE,HISTORICAL TEST ONLY,PASS
historical_test,2025,1,LA,SEA,00-0031345,J.Garoppolo,QB,14.530383252202911,0.6536310102248039,9.497509084090959,0-15,0.940282563233123,8.930342185918917,8.930342185918917,True,27,1,27,60,Medium,ROUTE_PROXY_UNVALIDATED|LOW_CURRENT_SAMPLE|LOW_PLAYER_SAMPLE,HISTORICAL TEST ONLY,PASS
historical_test,2025,1,KC,PHI,00-0033873,P.Mahomes,QB,14.081298687677837,0.6663323902872733,9.382825412909417,0-15,0.940282563233123,8.822507129619352,8.822507129619352,True,28,1,28,60,Medium,ROUTE_PROXY_UNVALIDATED|LOW_CURRENT_SAMPLE|LOW_PLAYER_SAMPLE,HISTORICAL TEST ONLY,PASS
historical_test,2025,1,CIN,CLE,00-0031288,A.McCarron,QB,13.425075633484344,0.6938382108497456,9.314830458059292,0-15,0.940282563233123,8.758572659185957,8.758572659185957,True,29,2,29,60,Medium,ROUTE_PROXY_UNVALIDATED|LOW_CURRENT_SAMPLE|LOW_PLAYER_SAMPLE|LOW_QB_ATTEMPT_SAMPLE|LOW_COMPLETION_SAMPLE,HISTORICAL TEST ONLY,PASS
historical_test,2025,1,HOU,CLE,00-0028986,C.Keenum,QB,13.634624994980301,0.6462910410384248,8.811935982174347,0-15,0.940282563233123,8.285709752365083,8.285709752365083,True,30,2,30,60,Medium,ROUTE_PROXY_UNVALIDATED|LOW_CURRENT_SAMPLE|LOW_PLAYER_SAMPLE|LOW_COMPLETION_SAMPLE,HISTORICAL TEST ONLY,PASS
historical_test,2025,1,ATL,LV,00-0029604,K.Cousins,QB,13.215786926153182,0.6658475707566734,8.7996996204169,0-15,0.940282563233123,8.274204114767143,8.274204114767143,True,31,1,31,60,Medium,ROUTE_PROXY_UNVALIDATED|LOW_CURRENT_SAMPLE|LOW_PLAYER_SAMPLE,HISTORICAL TEST ONLY,PASS
historical_test,2025,1,LA,PHI,00-0026498,M.Stafford,QB,13.542971124550986,0.6492452802165368,8.792710082723572,0-15,0.940282563233123,8.267631974349044,8.267631974349044,True,32,2,32,60,Medium,ROUTE_PROXY_UNVALIDATED|LOW_CURRENT_SAMPLE|LOW_PLAYER_SAMPLE,HISTORICAL TEST ONLY,PASS
historical_test,2025,1,JAX,HOU,00-0036971,T.Lawrence,QB,13.72314984283202,0.6285008945098052,8.625011951712017,0-15,0.940282563233123,8.109948345872096,8.109948345872096,True,33,1,33,60,Medium,ROUTE_PROXY_UNVALIDATED|LOW_CURRENT_SAMPLE|LOW_PLAYER_SAMPLE,HISTORICAL TEST ONLY,PASS
historical_test,2025,1,PIT,BAL,00-0036945,J.Fields,QB,12.968517537484658,0.6440124403131231,8.351886626559029,0-15,0.940282563233123,7.853133365053364,7.853133365053364,False,34,2,34,60,Medium,ROUTE_PROXY_UNVALIDATED|LOW_CURRENT_SAMPLE|LOW_PLAYER_SAMPLE,HISTORICAL TEST ONLY,PASS
historical_test,2025,1,WAS,DET,00-0032268,M.Mariota,QB,11.463415513772421,0.7229959845297126,8.288003385453074,0-15,0.940282563233123,7.793065067358617,7.793065067358617,False,35,2,35,60,Medium,ROUTE_PROXY_UNVALIDATED|LOW_CURRENT_SAMPLE|LOW_PLAYER_SAMPLE|LOW_COMPLETION_SAMPLE,HISTORICAL TEST ONLY,PASS
historical_test,2025,1,JAX,IND,00-0036972,M.Jones,QB,12.647552184817664,0.6507931979260817,8.230940932294489,0-15,0.940282563233123,7.739410237638293,7.739410237638293,False,36,2,36,60,Medium,ROUTE_PROXY_UNVALIDATED|LOW_CURRENT_SAMPLE|LOW_PLAYER_SAMPLE,HISTORICAL TEST ONLY,PASS
historical_test,2025,1,NE,BUF,00-0039398,J.Milton,QB,11.260324517071098,0.7255365731227973,8.169777262366381,0-15,0.940282563233123,7.681899105301547,7.681899105301547,False,37,1,37,60,Medium,ROUTE_PROXY_UNVALIDATED|LOW_CURRENT_SAMPLE|LOW_PLAYER_SAMPLE|LOW_QB_ATTEMPT_SAMPLE|LOW_COMPLETION_SAMPLE,HISTORICAL TEST ONLY,PASS
historical_test,2025,1,GB,MIN,00-0038391,S.Clifford,QB,10.50808014786257,0.7538382108497456,7.92139233813045,0-15,0.940282563233123,7.44834709207252,7.44834709207252,False,38,2,38,60,Medium,ROUTE_PROXY_UNVALIDATED|LOW_CURRENT_SAMPLE|LOW_PLAYER_SAMPLE|LOW_QB_ATTEMPT_SAMPLE|LOW_COMPLETION_SAMPLE,HISTORICAL TEST ONLY,PASS
historical_test,2025,1,TEN,HOU,00-0034771,M.Rudolph,QB,11.804658031146175,0.6468301245258271,7.635608424271085,0-15,0.940282563233123,7.179629461018044,7.179629461018044,False,39,1,39,60,Medium,ROUTE_PROXY_UNVALIDATED|LOW_CURRENT_SAMPLE|LOW_PLAYER_SAMPLE,HISTORICAL TEST ONLY,PASS
historical_test,2025,1,MIA,NYJ,00-0035993,T.Huntley,QB,11.867893013994939,0.6419722363172947,7.61885781856873,0-15,0.940282563233123,7.163879158552525,7.163879158552525,False,40,2,40,60,Medium,ROUTE_PROXY_UNVALIDATED|LOW_CURRENT_SAMPLE|LOW_PLAYER_SAMPLE,HISTORICAL TEST ONLY,PASS
historical_test,2025,1,TEN,JAX,00-0029701,R.Tannehill,QB,11.657910821482671,0.6481860369367021,7.556495014338346,0-15,0.940282563233123,7.105240501140374,7.105240501140374,False,41,2,41,60,Medium,ROUTE_PROXY_UNVALIDATED|LOW_CURRENT_SAMPLE|LOW_PLAYER_SAMPLE,HISTORICAL TEST ONLY,PASS
historical_test,2025,1,NYJ,MIA,00-0023459,A.Rodgers,QB,11.849935622872351,0.6352748336026733,7.527965881022625,0-15,0.940282563233123,7.078415054539448,7.078415054539448,False,42,1,42,60,Medium,ROUTE_PROXY_UNVALIDATED|LOW_CURRENT_SAMPLE|LOW_PLAYER_SAMPLE,HISTORICAL TEST ONLY,PASS
historical_test,2025,1,SEA,GB,00-0037077,S.Howell,QB,14.232634926795647,0.5256978913682844,7.482066169631068,0-15,0.940282563233123,7.035256356260535,7.035256356260535,False,43,2,43,60,Medium,ROUTE_PROXY_UNVALIDATED|LOW_CURRENT_SAMPLE|LOW_PLAYER_SAMPLE,HISTORICAL TEST ONLY,PASS
historical_test,2025,1,IND,TEN,00-0039164,A.Richardson,QB,13.9148475560743,0.537135319204302,7.474156083711171,0-15,0.940282563233123,7.02781864039638,7.02781864039638,False,44,2,44,60,Medium,ROUTE_PROXY_UNVALIDATED|LOW_CURRENT_SAMPLE|LOW_PLAYER_SAMPLE,HISTORICAL TEST ONLY,PASS
historical_test,2025,1,LV,DEN,00-0035289,G.Minshew,QB,11.249242000809348,0.6513188539205205,7.326843407441727,0-15,0.940282563233123,6.889303099557016,6.889303099557016,False,45,1,45,60,Medium,ROUTE_PROXY_UNVALIDATED|LOW_CURRENT_SAMPLE|LOW_PLAYER_SAMPLE,HISTORICAL TEST ONLY,PASS
historical_test,2025,1,PHI,KC,00-0036389,J.Hurts,QB,10.78204503206964,0.6734444603188497,7.261108497755673,0-15,0.940282563233123,6.827493710183515,6.827493710183515,False,46,1,46,60,Medium,ROUTE_PROXY_UNVALIDATED|LOW_CURRENT_SAMPLE|LOW_PLAYER_SAMPLE,HISTORICAL TEST ONLY,PASS
historical_test,2025,1,JAX,CAR,00-0033936,C.Beathard,QB,10.37929797235031,0.6802533051893682,7.060551751236606,0-15,0.940282563233123,6.638913698492871,6.638913698492871,False,47,3,47,60,Medium,ROUTE_PROXY_UNVALIDATED|LOW_CURRENT_SAMPLE|LOW_PLAYER_SAMPLE|LOW_COMPLETION_SAMPLE,HISTORICAL TEST ONLY,PASS
historical_test,2025,1,NYG,CAR,00-0035710,D.Jones,QB,10.849484054321673,0.6418865004296761,6.964137351096112,0-15,0.940282563233123,6.5482569191961835,6.5482569191961835,False,48,1,48,60,Medium,ROUTE_PROXY_UNVALIDATED|LOW_CURRENT_SAMPLE|LOW_PLAYER_SAMPLE,HISTORICAL TEST ONLY,PASS
historical_test,2025,1,TEN,HOU,00-0039152,W.Levis,QB,11.03743114737115,0.6299074537810844,6.952560150324594,0-15,0.940282563233123,6.5373710791796755,6.5373710791796755,False,49,3,49,60,Medium,ROUTE_PROXY_UNVALIDATED|LOW_CURRENT_SAMPLE|LOW_PLAYER_SAMPLE,HISTORICAL TEST ONLY,PASS
historical_test,2025,1,DAL,PHI,00-0033662,C.Rush,QB,10.929367213252776,0.6226001970767412,6.804626180895252,0-15,0.940282563233123,6.398271347215404,6.398271347215404,False,50,2,50,60,Medium,ROUTE_PROXY_UNVALIDATED|LOW_CURRENT_SAMPLE|LOW_PLAYER_SAMPLE,HISTORICAL TEST ONLY,PASS
historical_test,2025,1,NE,BUF,00-0039851,D.Maye,QB,10.266286985713407,0.6604784217251234,6.780661025301165,0-15,0.940282563233123,6.375737329285116,6.375737329285116,False,51,2,51,60,Medium,ROUTE_PROXY_UNVALIDATED|LOW_CURRENT_SAMPLE|LOW_PLAYER_SAMPLE,HISTORICAL TEST ONLY,PASS
historical_test,2025,1,NYJ,MIA,00-0037013,Z.Wilson,QB,10.440096927211908,0.6340012543280065,6.619034547158315,0-15,0.940282563233123,6.223762770130614,6.223762770130614,False,52,2,52,60,Medium,ROUTE_PROXY_UNVALIDATED|LOW_CURRENT_SAMPLE|LOW_PLAYER_SAMPLE,HISTORICAL TEST ONLY,PASS
historical_test,2025,1,LV,LAC,00-0038579,A.O'Connell,QB,10.366199787475237,0.6358839917953765,6.591700500608137,0-15,0.940282563233123,6.198061042776879,6.198061042776879,False,53,2,53,60,Medium,ROUTE_PROXY_UNVALIDATED|LOW_CURRENT_SAMPLE|LOW_PLAYER_SAMPLE,HISTORICAL TEST ONLY,PASS
historical_test,2025,1,PHI,NYG,00-0038400,T.McKee,QB,9.827131261431852,0.6611687570308433,6.497392161299841,0-15,0.940282563233123,6.109384555757815,6.109384555757815,False,54,2,54,60,Medium,ROUTE_PROXY_UNVALIDATED|LOW_CURRENT_SAMPLE|LOW_PLAYER_SAMPLE|LOW_QB_ATTEMPT_SAMPLE|LOW_COMPLETION_SAMPLE,HISTORICAL TEST ONLY,PASS
historical_test,2025,1,NYJ,NE,00-0032156,T.Siemian,QB,10.432888976061305,0.6224656618301377,6.4941151412843485,0-15,0.940282563233123,6.106303230977882,6.106303230977882,False,55,3,55,60,Medium,ROUTE_PROXY_UNVALIDATED|LOW_CURRENT_SAMPLE|LOW_PLAYER_SAMPLE,HISTORICAL TEST ONLY,PASS
historical_test,2025,1,LA,GB,00-0034955,B.Rypien,QB,10.6766456232461,0.5959434740076404,6.36267728346575,0-15,0.940282563233123,5.982714505122339,5.982714505122339,False,56,3,56,60,Medium,ROUTE_PROXY_UNVALIDATED|LOW_CURRENT_SAMPLE|LOW_PLAYER_SAMPLE|LOW_QB_ATTEMPT_SAMPLE|LOW_COMPLETION_SAMPLE,HISTORICAL TEST ONLY,PASS
historical_test,2025,1,CHI,MIN,00-0038416,T.Bagent,QB,8.014837409414751,0.7931227800193491,6.356750127558105,0-15,0.940282563233123,5.977141303772817,5.977141303772817,False,57,2,57,60,Medium,ROUTE_PROXY_UNVALIDATED|LOW_CURRENT_SAMPLE|LOW_PLAYER_SAMPLE,HISTORICAL TEST ONLY,PASS
historical_test,2025,1,KC,LAC,00-0027948,B.Gabbert,QB,10.269863348574718,0.6081239251354599,6.245349610140055,0-15,0.940282563233123,5.872393339709476,5.872393339709476,False,58,2,58,60,Medium,ROUTE_PROXY_UNVALIDATED|LOW_CURRENT_SAMPLE|LOW_PLAYER_SAMPLE|LOW_QB_ATTEMPT_SAMPLE|LOW_COMPLETION_SAMPLE,HISTORICAL TEST ONLY,PASS
historical_test,2025,1,LV,CHI,00-0026625,B.Hoyer,QB,9.693944864933593,0.6181239251354599,5.992059249959488,0-15,0.940282563233123,5.634228830596652,5.634228830596652,False,59,3,59,60,Medium,ROUTE_PROXY_UNVALIDATED|LOW_CURRENT_SAMPLE|LOW_PLAYER_SAMPLE|LOW_QB_ATTEMPT_SAMPLE|LOW_COMPLETION_SAMPLE,HISTORICAL TEST ONLY,PASS
historical_test,2025,1,ATL,NO,00-0034438,L.Woodside,QB,8.53949406148087,0.6788382108497456,5.796934870257701,0-15,0.940282563233123,5.450756778701382,5.450756778701382,False,60,2,60,60,Medium,ROUTE_PROXY_UNVALIDATED|LOW_CURRENT_SAMPLE|LOW_PLAYER_SAMPLE|LOW_QB_ATTEMPT_SAMPLE|LOW_COMPLETION_SAMPLE,HISTORICAL TEST ONLY,PASS
historical_test,2025,1,MIA,SEA,00-0037327,S.Thompson,QB,9.042800764030057,0.6399566358187221,5.787000355327645,0-15,0.940282563233123,5.441415527538471,5.441415527538471,False,61,3,61,60,Medium,ROUTE_PROXY_UNVALIDATED|LOW_CURRENT_SAMPLE|LOW_PLAYER_SAMPLE|LOW_QB_ATTEMPT_SAMPLE|LOW_COMPLETION_SAMPLE,HISTORICAL TEST ONLY,PASS
historical_test,2025,1,MIN,ATL,00-0033319,N.Mullens,QB,6.917725141879593,0.7985020903641767,5.5238179863556764,0-15,0.940282563233123,5.193949735043743,5.193949735043743,False,62,3,62,60,Medium,ROUTE_PROXY_UNVALIDATED|LOW_CURRENT_SAMPLE|LOW_PLAYER_SAMPLE,HISTORICAL TEST ONLY,PASS
historical_test,2025,1,NE,LAC,00-0033119,J.Brissett,QB,8.973388497215495,0.6147660655194561,5.516534740810715,0-15,0.940282563233123,5.1871014262540704,5.1871014262540704,False,63,3,63,60,Medium,ROUTE_PROXY_UNVALIDATED|LOW_CURRENT_SAMPLE|LOW_PLAYER_SAMPLE,HISTORICAL TEST ONLY,PASS
historical_test,2025,1,ATL,CAR,00-0039917,M.Penix,QB,8.994719012365946,0.6011687570308434,5.407344048505731,0-15,0.940282563233123,5.084431322212342,5.084431322212342,False,64,3,64,60,Medium,ROUTE_PROXY_UNVALIDATED|LOW_CURRENT_SAMPLE|LOW_PLAYER_SAMPLE,HISTORICAL TEST ONLY,PASS
historical_test,2025,1,NYG,PHI,00-0035704,D.Lock,QB,8.531754467559557,0.6119000309020446,5.220580822348349,0-15,0.940282563233123,4.908821117203391,4.908821117203391,False,65,2,65,60,Medium,ROUTE_PROXY_UNVALIDATED|LOW_CURRENT_SAMPLE|LOW_PLAYER_SAMPLE,HISTORICAL TEST ONLY,PASS
historical_test,2025,1,NYG,BAL,00-0038476,T.DeVito,QB,7.501248764108794,0.6722662181283044,5.042836137887037,0-15,0.940282563233123,4.741690889697046,4.741690889697046,False,66,3,66,60,Medium,ROUTE_PROXY_UNVALIDATED|LOW_CURRENT_SAMPLE|LOW_PLAYER_SAMPLE,HISTORICAL TEST ONLY,PASS
historical_test,2025,1,CLE,CIN,00-0033537,D.Watson,QB,7.749957360007279,0.6358026932926866,4.927443762396107,0-15,0.940282563233123,4.633189451092875,4.633189451092875,False,67,1,67,60,Medium,ROUTE_PROXY_UNVALIDATED|LOW_CURRENT_SAMPLE|LOW_PLAYER_SAMPLE,HISTORICAL TEST ONLY,PASS
historical_test,2025,1,LV,LAC,00-0038122,D.Ridder,QB,7.690613346781814,0.6301170636262088,4.845986699558686,0-15,0.940282563233123,4.556596795254664,4.556596795254664,False,68,4,68,60,Medium,ROUTE_PROXY_UNVALIDATED|LOW_CURRENT_SAMPLE|LOW_PLAYER_SAMPLE,HISTORICAL TEST ONLY,PASS
historical_test,2025,1,CIN,CLE,00-0035100,J.Browning,QB,7.107860334830466,0.6649493219608567,4.726366910237986,0-15,0.940282563233123,4.444120393138789,4.444120393138789,False,69,3,69,60,Medium,ROUTE_PROXY_UNVALIDATED|LOW_CURRENT_SAMPLE|LOW_PLAYER_SAMPLE,HISTORICAL TEST ONLY,PASS
historical_test,2025,1,DEN,KC,00-0035264,J.Stidham,QB,7.184265364278624,0.6356563926679274,4.566724205426484,0-15,0.940282563233123,4.294011141457161,4.294011141457161,False,70,2,70,60,Medium,ROUTE_PROXY_UNVALIDATED|LOW_CURRENT_SAMPLE|LOW_PLAYER_SAMPLE|LOW_COMPLETION_SAMPLE,HISTORICAL TEST ONLY,PASS
historical_test,2025,1,SF,CHI,00-0032434,B.Allen,QB,7.56979955458317,0.5911687570308434,4.475028993655565,0-15,0.940282563233123,4.207791732696998,4.207791732696998,False,71,3,71,60,Medium,ROUTE_PROXY_UNVALIDATED|LOW_CURRENT_SAMPLE|LOW_PLAYER_SAMPLE|LOW_QB_ATTEMPT_SAMPLE|LOW_COMPLETION_SAMPLE,HISTORICAL TEST ONLY,PASS
historical_test,2025,1,GB,CHI,00-0038128,M.Willis,QB,6.0134201620312355,0.714527200219795,4.296752272121445,0-15,0.940282563233123,4.040161240008097,4.040161240008097,False,72,3,72,60,Medium,ROUTE_PROXY_UNVALIDATED|LOW_CURRENT_SAMPLE|LOW_PLAYER_SAMPLE|LOW_COMPLETION_SAMPLE,HISTORICAL TEST ONLY,PASS
historical_test,2025,1,CLE,CIN,00-0032436,J.Driskel,QB,7.089095476117078,0.6038382108497455,4.280666728841561,0-15,0.940282563233123,4.025036284141891,4.025036284141891,False,73,2,73,60,Medium,ROUTE_PROXY_UNVALIDATED|LOW_CURRENT_SAMPLE|LOW_PLAYER_SAMPLE|LOW_QB_ATTEMPT_SAMPLE|LOW_COMPLETION_SAMPLE,HISTORICAL TEST ONLY,PASS
historical_test,2025,1,ARI,SF,00-0038582,C.Tune,QB,5.357418943977385,0.7771107860163505,4.163308046573152,0-15,0.940282563233123,3.9146859615608895,3.9146859615608895,False,74,2,74,60,Medium,ROUTE_PROXY_UNVALIDATED|LOW_CURRENT_SAMPLE|LOW_PLAYER_SAMPLE|LOW_QB_ATTEMPT_SAMPLE|LOW_COMPLETION_SAMPLE,HISTORICAL TEST ONLY,PASS
historical_test,2025,1,CLE,BAL,00-0038108,B.Zappe,QB,7.177824932196049,0.5774969131439457,4.145171741430869,0-15,0.940282563233123,3.8976327100741255,3.8976327100741255,False,75,3,75,60,Medium,ROUTE_PROXY_UNVALIDATED|LOW_CURRENT_SAMPLE|LOW_PLAYER_SAMPLE,HISTORICAL TEST ONLY,PASS
historical_test,2025,1,CLE,DEN,00-0033275,P.Walker,QB,6.795948091040854,0.5997841567956915,4.076101995412228,0-15,0.940282563233123,3.832687632245857,3.832687632245857,False,76,4,76,60,Medium,ROUTE_PROXY_UNVALIDATED|LOW_CURRENT_SAMPLE|LOW_PLAYER_SAMPLE,HISTORICAL TEST ONLY,PASS
historical_test,2025,1,CLE,KC,00-0031503,J.Winston,QB,6.45155702982243,0.6192716120724739,3.995266122235638,0-15,0.940282563233123,3.7566790702141852,3.7566790702141852,False,77,5,77,60,Medium,ROUTE_PROXY_UNVALIDATED|LOW_CURRENT_SAMPLE|LOW_PLAYER_SAMPLE,HISTORICAL TEST ONLY,PASS
historical_test,2025,1,NYG,BAL,00-0034177,T.Boyle,QB,6.617512714009971,0.5876674446948853,3.888896786878155,0-15,0.940282563233123,3.6566618389148475,3.6566618389148475,False,78,4,78,60,Medium,ROUTE_PROXY_UNVALIDATED|LOW_CURRENT_SAMPLE|LOW_PLAYER_SAMPLE,HISTORICAL TEST ONLY,PASS
historical_test,2025,1,NYJ,BUF,00-0028118,T.Taylor,QB,5.527078473854431,0.7011177519303332,3.8751328343313554,0-15,0.940282563233123,3.6437198343339237,3.6437198343339237,False,79,4,79,60,Medium,ROUTE_PROXY_UNVALIDATED|LOW_CURRENT_SAMPLE|LOW_PLAYER_SAMPLE,HISTORICAL TEST ONLY,PASS
historical_test,2025,1,DET,JAX,00-0038550,H.Hooker,QB,5.800245381799436,0.6611687570308433,3.8349410295582222,0-15,0.940282563233123,3.605928181120877,3.605928181120877,False,80,2,80,60,Medium,ROUTE_PROXY_UNVALIDATED|LOW_CURRENT_SAMPLE|LOW_PLAYER_SAMPLE|LOW_QB_ATTEMPT_SAMPLE|LOW_COMPLETION_SAMPLE,HISTORICAL TEST ONLY,PASS
historical_test,2025,1,DAL,WAS,00-0037012,T.Lance,QB,5.997905231156688,0.6213313586568596,3.7266866063696704,0-15,0.940282563233123,3.504138434603822,3.504138434603822,False,81,3,81,60,Medium,ROUTE_PROXY_UNVALIDATED|LOW_CURRENT_SAMPLE|LOW_PLAYER_SAMPLE|LOW_QB_ATTEMPT_SAMPLE|LOW_COMPLETION_SAMPLE,HISTORICAL TEST ONLY,PASS
historical_test,2025,1,KC,DEN,00-0032950,C.Wentz,QB,5.648837963747445,0.6494592507068939,3.668690071300072,0-15,0.940282563233123,3.4496053039499404,3.4496053039499404,False,82,3,82,60,Medium,ROUTE_PROXY_UNVALIDATED|LOW_CURRENT_SAMPLE|LOW_PLAYER_SAMPLE|LOW_QB_ATTEMPT_SAMPLE|LOW_COMPLETION_SAMPLE,HISTORICAL TEST ONLY,PASS
historical_test,2025,1,BUF,DEN,00-0033869,M.Trubisky,QB,5.263374172406393,0.680794745077884,3.5832774779529286,0-15,0.940282563233123,3.3692933317451,3.3692933317451,False,83,2,83,60,Medium,ROUTE_PROXY_UNVALIDATED|LOW_CURRENT_SAMPLE|LOW_PLAYER_SAMPLE,HISTORICAL TEST ONLY,PASS
historical_test,2025,1,PHI,KC,00-0038102,K.Pickett,QB,5.640823706498508,0.6118013743132293,3.4510636958944314,0-15,0.940282563233123,3.2449750178563908,3.2449750178563908,False,84,3,84,60,Medium,ROUTE_PROXY_UNVALIDATED|LOW_CURRENT_SAMPLE|LOW_PLAYER_SAMPLE,HISTORICAL TEST ONLY,PASS
historical_test,2025,1,DET,WAS,00-0031237,T.Bridgewater,QB,4.218995825915636,0.8,3.375196660732509,0-15,0.940282563233123,3.1736385675694407,3.1736385675694407,False,85,3,85,60,Medium,ROUTE_PROXY_UNVALIDATED|LOW_CURRENT_SAMPLE|LOW_PLAYER_SAMPLE|LOW_QB_ATTEMPT_SAMPLE|LOW_COMPLETION_SAMPLE,HISTORICAL TEST ONLY,PASS
historical_test,2025,1,HOU,TEN,00-0036898,D.Mills,QB,5.640156298232212,0.5706716810074516,3.218677475856942,0-15,0.940282563233123,3.0264663072194837,3.0264663072194837,False,86,3,86,60,Medium,ROUTE_PROXY_UNVALIDATED|LOW_CURRENT_SAMPLE|LOW_PLAYER_SAMPLE|LOW_COMPLETION_SAMPLE,HISTORICAL TEST ONLY,PASS
historical_test,2025,1,TB,CAR,00-0036928,K.Trask,QB,4.110067136884383,0.7445020903641767,3.0599535749475297,0-15,0.940282563233123,2.8772209908260216,2.8772209908260216,False,87,2,87,60,Medium,ROUTE_PROXY_UNVALIDATED|LOW_CURRENT_SAMPLE|LOW_PLAYER_SAMPLE|LOW_QB_ATTEMPT_SAMPLE|LOW_COMPLETION_SAMPLE,HISTORICAL TEST ONLY,PASS
historical_test,2025,1,LAC,NE,00-0031800,T.Heinicke,QB,5.083421711375451,0.5983318775982192,3.0415732571908265,0-15,0.940282563233123,2.8599382985327093,2.8599382985327093,False,88,3,88,60,Medium,ROUTE_PROXY_UNVALIDATED|LOW_CURRENT_SAMPLE|LOW_PLAYER_SAMPLE,HISTORICAL TEST ONLY,PASS
historical_test,2025,1,BUF,NE,00-0034401,M.White,QB,6.68293585192713,0.444769470043321,2.97236583719514,0-15,0.940282563233123,2.7948637682644137,2.7948637682644137,False,89,3,89,60,Medium,ROUTE_PROXY_UNVALIDATED|LOW_CURRENT_SAMPLE|LOW_PLAYER_SAMPLE|LOW_QB_ATTEMPT_SAMPLE|LOW_COMPLETION_SAMPLE,HISTORICAL TEST ONLY,PASS
historical_test,2025,1,CLE,BAL,00-0038583,D.Thompson-Robinson,QB,5.235617110816299,0.5591078383376475,2.9272745651921004,0-15,0.940282563233123,2.752465231445954,2.752465231445954,False,90,6,90,60,Medium,ROUTE_PROXY_UNVALIDATED|LOW_CURRENT_SAMPLE|LOW_PLAYER_SAMPLE,HISTORICAL TEST ONLY,PASS
historical_test,2025,1,PIT,DAL,00-0034577,K.Allen,QB,3.2984144250158556,0.8,2.6387315400126847,0-15,0.940282563233123,2.481153256127213,2.481153256127213,False,91,3,91,60,Medium,ROUTE_PROXY_UNVALIDATED|LOW_CURRENT_SAMPLE|LOW_PLAYER_SAMPLE|LOW_QB_ATTEMPT_SAMPLE|LOW_COMPLETION_SAMPLE,HISTORICAL TEST ONLY,PASS
historical_test,2025,1,BAL,HOU,00-0026300,J.Johnson,QB,3.7791423965803537,0.6611687570308433,2.4986508809895946,0-15,0.940282563233123,2.349437855001597,2.349437855001597,False,92,2,92,60,Medium,ROUTE_PROXY_UNVALIDATED|LOW_CURRENT_SAMPLE|LOW_PLAYER_SAMPLE|LOW_QB_ATTEMPT_SAMPLE|LOW_COMPLETION_SAMPLE,HISTORICAL TEST ONLY,PASS
historical_test,2025,1,NO,WAS,00-0038998,J.Haener,QB,4.640518481912967,0.5175790134410998,2.4018349777237034,0-15,0.940282563233123,2.2584035493170145,2.2584035493170145,False,93,3,93,60,Medium,ROUTE_PROXY_UNVALIDATED|LOW_CURRENT_SAMPLE|LOW_PLAYER_SAMPLE|LOW_QB_ATTEMPT_SAMPLE|LOW_COMPLETION_SAMPLE,HISTORICAL TEST ONLY,PASS
