projection_mode,season,week,team,opponent_team,player_id,player_name,position,projected_team_pass_attempts,projected_qb_attempt_share,projected_pass_attempts_raw,calibration_bucket,calibration_multiplier,projected_pass_attempts_calibrated,projected_pass_attempts,is_prop_candidate,overall_rank,team_rank,position_rank,confidence_score,confidence_bucket,quality_flags,usage_status,leakage_status
historical_test,2025,1,ARI,SF,00-0035228,K.Murray,QB,38.5,0.8608462611953926,33.142581056022614,28-34,0.9805874750756652,32.49919987521579,32.49919987521579,True,1,1,1,60,Medium,ROUTE_PROXY_UNVALIDATED|LOW_CURRENT_SAMPLE|LOW_PLAYER_SAMPLE,HISTORICAL TEST ONLY,PASS
historical_test,2025,1,CHI,GB,00-0039918,C.Williams,QB,35.75,0.7758087437925943,27.735162590585247,20-28,1.0966926930357677,30.416950153253815,30.416950153253815,True,2,1,2,60,Medium,ROUTE_PROXY_UNVALIDATED|LOW_CURRENT_SAMPLE|LOW_PLAYER_SAMPLE,HISTORICAL TEST ONLY,PASS
historical_test,2025,1,DET,WAS,00-0033106,J.Goff,QB,37.5,0.7328202344609314,27.480758792284927,20-28,1.0966926930357677,30.137947366577308,30.137947366577308,True,3,1,3,60,Medium,ROUTE_PROXY_UNVALIDATED|LOW_CURRENT_SAMPLE|LOW_PLAYER_SAMPLE,HISTORICAL TEST ONLY,PASS
historical_test,2025,1,TB,WAS,00-0034855,B.Mayfield,QB,33.25,0.8763889582891915,29.139932863115618,28-34,0.9805874750756652,28.574253190116945,28.574253190116945,True,4,1,4,60,Medium,ROUTE_PROXY_UNVALIDATED|LOW_CURRENT_SAMPLE|LOW_PLAYER_SAMPLE,HISTORICAL TEST ONLY,PASS
historical_test,2025,1,WAS,PHI,00-0039910,J.Daniels,QB,39.75,0.7116121883327692,28.286584486227575,28-34,0.9805874750756652,27.73747045986438,27.73747045986438,True,5,1,5,60,Medium,ROUTE_PROXY_UNVALIDATED|LOW_CURRENT_SAMPLE|LOW_PLAYER_SAMPLE,HISTORICAL TEST ONLY,PASS
historical_test,2025,1,DEN,BUF,00-0039732,B.Nix,QB,32.25,0.7772320817277946,25.065734635721373,20-28,1.0966926930357677,27.48940802056919,27.48940802056919,True,6,1,6,60,Medium,ROUTE_PROXY_UNVALIDATED|LOW_CURRENT_SAMPLE|LOW_PLAYER_SAMPLE,HISTORICAL TEST ONLY,PASS
historical_test,2025,1,CIN,PIT,00-0036442,J.Burrow,QB,44.5,0.5385857085771951,23.967064031685183,20-28,1.0966926930357677,26.284503997069507,26.284503997069507,True,7,1,7,60,Medium,ROUTE_PROXY_UNVALIDATED|LOW_CURRENT_SAMPLE|LOW_PLAYER_SAMPLE,HISTORICAL TEST ONLY,PASS
historical_test,2025,1,BAL,BUF,00-0034796,L.Jackson,QB,25.25,0.8503309941948374,21.470857603419645,20-28,1.0966926930357677,23.54693264688178,23.54693264688178,True,8,1,8,60,Medium,ROUTE_PROXY_UNVALIDATED|LOW_CURRENT_SAMPLE|LOW_PLAYER_SAMPLE,HISTORICAL TEST ONLY,PASS
historical_test,2025,1,SEA,LA,00-0030565,G.Smith,QB,35.25,0.5962373070412582,21.017365073204353,20-28,1.0966926930357677,23.049590702648366,23.049590702648366,True,9,1,9,60,Medium,ROUTE_PROXY_UNVALIDATED|LOW_CURRENT_SAMPLE|LOW_PLAYER_SAMPLE,HISTORICAL TEST ONLY,PASS
historical_test,2025,1,MIN,LA,00-0034869,S.Darnold,QB,43.75,0.4799873650196006,20.999447219607525,20-28,1.0966926930357677,23.02994032353384,23.02994032353384,True,10,1,10,60,Medium,ROUTE_PROXY_UNVALIDATED|LOW_CURRENT_SAMPLE|LOW_PLAYER_SAMPLE,HISTORICAL TEST ONLY,PASS
historical_test,2025,1,PIT,BAL,00-0029263,R.Wilson,QB,36.75,0.5573623955782172,20.483068037499482,20-28,1.0966926930357677,22.463631047680163,22.463631047680163,True,11,1,11,60,Medium,ROUTE_PROXY_UNVALIDATED|LOW_CURRENT_SAMPLE|LOW_PLAYER_SAMPLE,HISTORICAL TEST ONLY,PASS
historical_test,2025,1,IND,JAX,00-0026158,J.Flacco,QB,34.0,0.5907397777625206,20.0851524439257,20-28,1.0966926930357677,22.027239923762806,22.027239923762806,True,12,1,12,60,Medium,ROUTE_PROXY_UNVALIDATED|LOW_CURRENT_SAMPLE|LOW_PLAYER_SAMPLE,HISTORICAL TEST ONLY,PASS
historical_test,2025,1,BUF,KC,00-0034857,J.Allen,QB,30.25,0.6050806603526107,18.303689975666472,0-20,0.8381734519382428,15.341667010111777,15.341667010111777,True,13,1,13,60,Medium,ROUTE_PROXY_UNVALIDATED|LOW_CURRENT_SAMPLE|LOW_PLAYER_SAMPLE,HISTORICAL TEST ONLY,PASS
historical_test,2025,1,SF,DET,00-0037834,B.Purdy,QB,41.0,0.4320659116970832,17.714702379580412,0-20,0.8381734519382428,14.847993243551517,14.847993243551517,True,14,1,14,60,Medium,ROUTE_PROXY_UNVALIDATED|LOW_CURRENT_SAMPLE|LOW_PLAYER_SAMPLE,HISTORICAL TEST ONLY,PASS
historical_test,2025,1,NO,TB,00-0039376,S.Rattler,QB,38.25,0.4621552891257438,17.6774398090597,0-20,0.8381734519382428,14.816760746190079,14.816760746190079,True,15,1,15,60,Medium,ROUTE_PROXY_UNVALIDATED|LOW_CURRENT_SAMPLE|LOW_PLAYER_SAMPLE,HISTORICAL TEST ONLY,PASS
historical_test,2025,1,MIA,SF,00-0036212,T.Tagovailoa,QB,38.0,0.4497185847888159,17.089306221975004,0-20,0.8381734519382428,14.32380278730248,14.32380278730248,True,16,1,16,60,Medium,ROUTE_PROXY_UNVALIDATED|LOW_CURRENT_SAMPLE|LOW_PLAYER_SAMPLE,HISTORICAL TEST ONLY,PASS
historical_test,2025,1,CAR,ATL,00-0039150,B.Young,QB,32.75,0.5121965394059359,16.7744366655444,0-20,0.8381734519382428,14.059887484278777,14.059887484278777,True,17,1,17,60,Medium,ROUTE_PROXY_UNVALIDATED|LOW_CURRENT_SAMPLE|LOW_PLAYER_SAMPLE,HISTORICAL TEST ONLY,PASS
historical_test,2025,1,DAL,ATL,00-0033077,D.Prescott,QB,33.0,0.48705235016941,16.07272755559053,0-20,0.8381734519382428,13.471733537332229,13.471733537332229,True,18,1,18,60,Medium,ROUTE_PROXY_UNVALIDATED|LOW_CURRENT_SAMPLE|LOW_PLAYER_SAMPLE,HISTORICAL TEST ONLY,PASS
historical_test,2025,1,CAR,WAS,00-0027973,A.Dalton,QB,32.75,0.4878034605940642,15.975563334455602,0-20,0.8381734519382428,13.390293066698677,13.390293066698677,True,19,2,19,60,Medium,ROUTE_PROXY_UNVALIDATED|LOW_CURRENT_SAMPLE|LOW_PLAYER_SAMPLE,HISTORICAL TEST ONLY,PASS
historical_test,2025,1,LAC,HOU,00-0036355,J.Herbert,QB,37.0,0.4313447912357894,15.959757275724208,0-20,0.8381734519382428,13.377044847890245,13.377044847890245,True,20,1,20,60,Medium,ROUTE_PROXY_UNVALIDATED|LOW_CURRENT_SAMPLE|LOW_PLAYER_SAMPLE,HISTORICAL TEST ONLY,PASS
historical_test,2025,1,LAC,KC,00-0035282,E.Stick,QB,37.0,0.4312654327810901,15.956821012900333,0-20,0.8381734519382428,13.37458375034336,13.37458375034336,True,21,2,21,60,Medium,ROUTE_PROXY_UNVALIDATED|LOW_CURRENT_SAMPLE|LOW_PLAYER_SAMPLE,HISTORICAL TEST ONLY,PASS
historical_test,2025,1,NO,NYG,00-0031280,D.Carr,QB,38.25,0.4165239662490805,15.93204170902733,0-20,0.8381734519382428,13.353814395679498,13.353814395679498,True,22,2,22,60,Medium,ROUTE_PROXY_UNVALIDATED|LOW_CURRENT_SAMPLE|LOW_PLAYER_SAMPLE,HISTORICAL TEST ONLY,PASS
historical_test,2025,1,MIN,GB,00-0038598,J.Hall,QB,43.75,0.3618932031660085,15.832827638512871,0-20,0.8381734519382428,13.27065579571555,13.27065579571555,True,23,2,23,60,Medium,ROUTE_PROXY_UNVALIDATED|LOW_CURRENT_SAMPLE|LOW_PLAYER_SAMPLE|LOW_QB_ATTEMPT_SAMPLE,HISTORICAL TEST ONLY,PASS
historical_test,2025,1,SF,ARI,00-0033949,J.Dobbs,QB,41.0,0.3833048308740588,15.715498065836412,0-20,0.8381734519382428,13.172313262770883,13.172313262770883,True,24,2,24,60,Medium,ROUTE_PROXY_UNVALIDATED|LOW_CURRENT_SAMPLE|LOW_PLAYER_SAMPLE,HISTORICAL TEST ONLY,PASS
historical_test,2025,1,GB,PHI,00-0036264,J.Love,QB,32.0,0.4837031153158186,15.478499690106196,0-20,0.8381734519382428,12.973667516081331,12.973667516081331,True,25,1,25,60,Medium,ROUTE_PROXY_UNVALIDATED|LOW_CURRENT_SAMPLE|LOW_PLAYER_SAMPLE,HISTORICAL TEST ONLY,PASS
historical_test,2025,1,HOU,KC,00-0039163,C.Stroud,QB,34.5,0.4413106871532604,15.225218706787484,0-20,0.8381734519382428,12.761374119982774,12.761374119982774,True,26,1,26,60,Medium,ROUTE_PROXY_UNVALIDATED|LOW_CURRENT_SAMPLE|LOW_PLAYER_SAMPLE,HISTORICAL TEST ONLY,PASS
historical_test,2025,1,LA,SEA,00-0031345,J.Garoppolo,QB,38.75,0.3749776323149138,14.530383252202911,0-20,0.8381734519382428,12.178981488484546,12.178981488484546,True,27,1,27,60,Medium,ROUTE_PROXY_UNVALIDATED|LOW_CURRENT_SAMPLE|LOW_PLAYER_SAMPLE,HISTORICAL TEST ONLY,PASS
historical_test,2025,1,SEA,GB,00-0037077,S.Howell,QB,35.25,0.4037626929587418,14.232634926795647,0-20,0.8381734519382428,11.929416746769107,11.929416746769107,True,28,2,28,60,Medium,ROUTE_PROXY_UNVALIDATED|LOW_CURRENT_SAMPLE|LOW_PLAYER_SAMPLE,HISTORICAL TEST ONLY,PASS
historical_test,2025,1,KC,PHI,00-0033873,P.Mahomes,QB,30.0,0.4693766229225946,14.081298687677837,0-20,0.8381734519382428,11.80257072882438,11.80257072882438,True,29,1,29,60,Medium,ROUTE_PROXY_UNVALIDATED|LOW_CURRENT_SAMPLE|LOW_PLAYER_SAMPLE,HISTORICAL TEST ONLY,PASS
historical_test,2025,1,IND,TEN,00-0039164,A.Richardson,QB,34.0,0.4092602222374794,13.9148475560743,0-20,0.8381734519382428,11.663055809269217,11.663055809269217,True,30,2,30,60,Medium,ROUTE_PROXY_UNVALIDATED|LOW_CURRENT_SAMPLE|LOW_PLAYER_SAMPLE,HISTORICAL TEST ONLY,PASS
historical_test,2025,1,JAX,HOU,00-0036971,T.Lawrence,QB,36.75,0.3734190433423679,13.72314984283202,0-20,0.8381734519382428,11.502379875232268,11.502379875232268,True,31,1,31,60,Medium,ROUTE_PROXY_UNVALIDATED|LOW_CURRENT_SAMPLE|LOW_PLAYER_SAMPLE,HISTORICAL TEST ONLY,PASS
historical_test,2025,1,HOU,CLE,00-0028986,C.Keenum,QB,34.5,0.3952065215936319,13.634624994980301,0-20,0.8381734519382428,11.428180697926086,11.428180697926086,True,32,2,32,60,Medium,ROUTE_PROXY_UNVALIDATED|LOW_CURRENT_SAMPLE|LOW_PLAYER_SAMPLE,HISTORICAL TEST ONLY,PASS
historical_test,2025,1,LA,PHI,00-0026498,M.Stafford,QB,38.75,0.3494960290206706,13.542971124550986,0-20,0.8381734519382428,11.351358856964845,11.351358856964845,True,33,2,33,60,Medium,ROUTE_PROXY_UNVALIDATED|LOW_CURRENT_SAMPLE|LOW_PLAYER_SAMPLE,HISTORICAL TEST ONLY,PASS
historical_test,2025,1,CIN,CLE,00-0031288,A.McCarron,QB,44.5,0.3016870928872886,13.425075633484344,0-20,0.8381734519382428,11.252541986249565,11.252541986249565,True,34,2,34,60,Medium,ROUTE_PROXY_UNVALIDATED|LOW_CURRENT_SAMPLE|LOW_PLAYER_SAMPLE|LOW_QB_ATTEMPT_SAMPLE,HISTORICAL TEST ONLY,PASS
historical_test,2025,1,ATL,LV,00-0029604,K.Cousins,QB,30.75,0.429781688655388,13.215786926153182,0-20,0.8381734519382428,11.077121747974111,11.077121747974111,True,35,1,35,60,Medium,ROUTE_PROXY_UNVALIDATED|LOW_CURRENT_SAMPLE|LOW_PLAYER_SAMPLE,HISTORICAL TEST ONLY,PASS
historical_test,2025,1,PIT,BAL,00-0036945,J.Fields,QB,36.75,0.3528848309519635,12.968517537484658,0-20,0.8381734519382428,10.869867110915155,10.869867110915155,True,36,2,36,60,Medium,ROUTE_PROXY_UNVALIDATED|LOW_CURRENT_SAMPLE|LOW_PLAYER_SAMPLE,HISTORICAL TEST ONLY,PASS
historical_test,2025,1,JAX,IND,00-0036972,M.Jones,QB,36.75,0.3441510798589841,12.647552184817664,0-20,0.8381734519382428,10.600842473317686,10.600842473317686,True,37,2,37,60,Medium,ROUTE_PROXY_UNVALIDATED|LOW_CURRENT_SAMPLE|LOW_PLAYER_SAMPLE,HISTORICAL TEST ONLY,PASS
historical_test,2025,1,MIA,NYJ,00-0035993,T.Huntley,QB,38.0,0.3123129740524984,11.867893013994939,0-20,0.8381734519382428,9.947352854773895,9.947352854773895,False,38,2,38,60,Medium,ROUTE_PROXY_UNVALIDATED|LOW_CURRENT_SAMPLE|LOW_PLAYER_SAMPLE,HISTORICAL TEST ONLY,PASS
historical_test,2025,1,NYJ,MIA,00-0023459,A.Rodgers,QB,38.25,0.3098022385064667,11.849935622872351,0-20,0.8381734519382428,9.93230144626887,9.93230144626887,False,39,1,39,60,Medium,ROUTE_PROXY_UNVALIDATED|LOW_CURRENT_SAMPLE|LOW_PLAYER_SAMPLE,HISTORICAL TEST ONLY,PASS
historical_test,2025,1,TEN,HOU,00-0034771,M.Rudolph,QB,34.5,0.3421640009027877,11.804658031146175,0-20,0.8381734519382428,9.89435097091629,9.89435097091629,False,40,1,40,60,Medium,ROUTE_PROXY_UNVALIDATED|LOW_CURRENT_SAMPLE|LOW_PLAYER_SAMPLE,HISTORICAL TEST ONLY,PASS
historical_test,2025,1,TEN,JAX,00-0029701,R.Tannehill,QB,34.5,0.3379104585937006,11.657910821482671,0-20,0.8381734519382428,9.771351355630326,9.771351355630326,False,41,2,41,60,Medium,ROUTE_PROXY_UNVALIDATED|LOW_CURRENT_SAMPLE|LOW_PLAYER_SAMPLE,HISTORICAL TEST ONLY,PASS
historical_test,2025,1,WAS,DET,00-0032268,M.Mariota,QB,39.75,0.2883878116672307,11.463415513772421,0-20,0.8381734519382428,9.608330552181036,9.608330552181036,False,42,2,42,60,Medium,ROUTE_PROXY_UNVALIDATED|LOW_CURRENT_SAMPLE|LOW_PLAYER_SAMPLE,HISTORICAL TEST ONLY,PASS
historical_test,2025,1,NE,BUF,00-0039398,J.Milton,QB,30.5,0.3691909677728229,11.260324517071098,0-20,0.8381734519382428,9.438105070418308,9.438105070418308,False,43,1,43,60,Medium,ROUTE_PROXY_UNVALIDATED|LOW_CURRENT_SAMPLE|LOW_PLAYER_SAMPLE|LOW_QB_ATTEMPT_SAMPLE,HISTORICAL TEST ONLY,PASS
historical_test,2025,1,LV,DEN,00-0035289,G.Minshew,QB,39.0,0.2884421025848551,11.249242000809348,0-20,0.8381734519382428,9.428815999507036,9.428815999507036,False,44,1,44,60,Medium,ROUTE_PROXY_UNVALIDATED|LOW_CURRENT_SAMPLE|LOW_PLAYER_SAMPLE,HISTORICAL TEST ONLY,PASS
historical_test,2025,1,TEN,HOU,00-0039152,W.Levis,QB,34.5,0.3199255405035116,11.03743114737115,0-20,0.8381734519382428,9.251281765322757,9.251281765322757,False,45,3,45,60,Medium,ROUTE_PROXY_UNVALIDATED|LOW_CURRENT_SAMPLE|LOW_PLAYER_SAMPLE,HISTORICAL TEST ONLY,PASS
historical_test,2025,1,DAL,PHI,00-0033662,C.Rush,QB,33.0,0.3311929458561447,10.929367213252776,0-20,0.8381734519382428,9.160705444632733,9.160705444632733,False,46,2,46,60,Medium,ROUTE_PROXY_UNVALIDATED|LOW_CURRENT_SAMPLE|LOW_PLAYER_SAMPLE,HISTORICAL TEST ONLY,PASS
historical_test,2025,1,NYG,CAR,00-0035710,D.Jones,QB,33.5,0.3238651956513932,10.849484054321673,0-20,0.8381734519382428,9.093749501559717,9.093749501559717,False,47,1,47,60,Medium,ROUTE_PROXY_UNVALIDATED|LOW_CURRENT_SAMPLE|LOW_PLAYER_SAMPLE,HISTORICAL TEST ONLY,PASS
historical_test,2025,1,PHI,KC,00-0036389,J.Hurts,QB,26.25,0.410744572650272,10.78204503206964,0-20,0.8381734519382428,9.037223903483392,9.037223903483392,False,48,1,48,60,Medium,ROUTE_PROXY_UNVALIDATED|LOW_CURRENT_SAMPLE|LOW_PLAYER_SAMPLE,HISTORICAL TEST ONLY,PASS
historical_test,2025,1,LA,GB,00-0034955,B.Rypien,QB,38.75,0.2755263386644155,10.6766456232461,0-20,0.8381734519382428,8.948880917157515,8.948880917157515,False,49,3,49,60,Medium,ROUTE_PROXY_UNVALIDATED|LOW_CURRENT_SAMPLE|LOW_PLAYER_SAMPLE|LOW_QB_ATTEMPT_SAMPLE,HISTORICAL TEST ONLY,PASS
historical_test,2025,1,GB,MIN,00-0038391,S.Clifford,QB,32.0,0.3283775046207053,10.50808014786257,0-20,0.8381734519382428,8.807593810777691,8.807593810777691,False,50,2,50,60,Medium,ROUTE_PROXY_UNVALIDATED|LOW_CURRENT_SAMPLE|LOW_PLAYER_SAMPLE|LOW_QB_ATTEMPT_SAMPLE,HISTORICAL TEST ONLY,PASS
historical_test,2025,1,NYJ,MIA,00-0037013,Z.Wilson,QB,38.25,0.272943710515344,10.440096927211908,0-20,0.8381734519382428,8.750612080051045,8.750612080051045,False,51,2,51,60,Medium,ROUTE_PROXY_UNVALIDATED|LOW_CURRENT_SAMPLE|LOW_PLAYER_SAMPLE,HISTORICAL TEST ONLY,PASS
historical_test,2025,1,NYJ,NE,00-0032156,T.Siemian,QB,38.25,0.272755267348008,10.432888976061305,0-20,0.8381734519382428,8.744570566753742,8.744570566753742,False,52,3,52,60,Medium,ROUTE_PROXY_UNVALIDATED|LOW_CURRENT_SAMPLE|LOW_PLAYER_SAMPLE,HISTORICAL TEST ONLY,PASS
historical_test,2025,1,JAX,CAR,00-0033936,C.Beathard,QB,36.75,0.2824298767986479,10.37929797235031,0-20,0.8381734519382428,8.699652010180463,8.699652010180463,False,53,3,53,60,Medium,ROUTE_PROXY_UNVALIDATED|LOW_CURRENT_SAMPLE|LOW_PLAYER_SAMPLE,HISTORICAL TEST ONLY,PASS
historical_test,2025,1,LV,LAC,00-0038579,A.O'Connell,QB,39.0,0.2657999945506471,10.366199787475237,0-20,0.8381734519382428,8.688673459349598,8.688673459349598,False,54,2,54,60,Medium,ROUTE_PROXY_UNVALIDATED|LOW_CURRENT_SAMPLE|LOW_PLAYER_SAMPLE,HISTORICAL TEST ONLY,PASS
historical_test,2025,1,KC,LAC,00-0027948,B.Gabbert,QB,30.0,0.3423287782858239,10.269863348574718,0-20,0.8381734519382428,8.607926813808913,8.607926813808913,False,55,2,55,60,Medium,ROUTE_PROXY_UNVALIDATED|LOW_CURRENT_SAMPLE|LOW_PLAYER_SAMPLE|LOW_QB_ATTEMPT_SAMPLE,HISTORICAL TEST ONLY,PASS
historical_test,2025,1,NE,BUF,00-0039851,D.Maye,QB,30.5,0.3365995733020789,10.266286985713407,0-20,0.8381734519382428,8.604929201404063,8.604929201404063,False,56,2,56,60,Medium,ROUTE_PROXY_UNVALIDATED|LOW_CURRENT_SAMPLE|LOW_PLAYER_SAMPLE,HISTORICAL TEST ONLY,PASS
historical_test,2025,1,PHI,NYG,00-0038400,T.McKee,QB,26.25,0.3743669051974039,9.827131261431852,0-20,0.8381734519382428,8.236840532044553,8.236840532044553,False,57,2,57,60,Medium,ROUTE_PROXY_UNVALIDATED|LOW_CURRENT_SAMPLE|LOW_PLAYER_SAMPLE|LOW_QB_ATTEMPT_SAMPLE,HISTORICAL TEST ONLY,PASS
historical_test,2025,1,LV,CHI,00-0026625,B.Hoyer,QB,39.0,0.2485626888444511,9.693944864933593,0-20,0.8381734519382428,8.125207230340392,8.125207230340392,False,58,3,58,60,Medium,ROUTE_PROXY_UNVALIDATED|LOW_CURRENT_SAMPLE|LOW_PLAYER_SAMPLE|LOW_QB_ATTEMPT_SAMPLE,HISTORICAL TEST ONLY,PASS
historical_test,2025,1,MIA,SEA,00-0037327,S.Thompson,QB,38.0,0.2379684411586857,9.042800764030057,0-20,0.8381734519382428,7.579435531576852,7.579435531576852,False,59,3,59,60,Medium,ROUTE_PROXY_UNVALIDATED|LOW_CURRENT_SAMPLE|LOW_PLAYER_SAMPLE|LOW_QB_ATTEMPT_SAMPLE,HISTORICAL TEST ONLY,PASS
historical_test,2025,1,ATL,CAR,00-0039917,M.Penix,QB,30.75,0.2925111873940145,8.994719012365946,0-20,0.8381734519382428,7.539134683809307,7.539134683809307,False,60,2,60,60,Medium,ROUTE_PROXY_UNVALIDATED|LOW_CURRENT_SAMPLE|LOW_PLAYER_SAMPLE,HISTORICAL TEST ONLY,PASS
historical_test,2025,1,NE,LAC,00-0033119,J.Brissett,QB,30.5,0.2942094589250982,8.973388497215495,0-20,0.8381734519382428,7.521256012294033,7.521256012294033,False,61,3,61,60,Medium,ROUTE_PROXY_UNVALIDATED|LOW_CURRENT_SAMPLE|LOW_PLAYER_SAMPLE,HISTORICAL TEST ONLY,PASS
historical_test,2025,1,ATL,NO,00-0034438,L.Woodside,QB,30.75,0.2777071239505974,8.53949406148087,0-20,0.8381734519382428,7.157577215317545,7.157577215317545,False,62,3,62,60,Medium,ROUTE_PROXY_UNVALIDATED|LOW_CURRENT_SAMPLE|LOW_PLAYER_SAMPLE|LOW_QB_ATTEMPT_SAMPLE,HISTORICAL TEST ONLY,PASS
historical_test,2025,1,NYG,PHI,00-0035704,D.Lock,QB,33.5,0.2546792378375987,8.531754467559557,0-20,0.8381734519382428,7.151090093163918,7.151090093163918,False,63,2,63,60,Medium,ROUTE_PROXY_UNVALIDATED|LOW_CURRENT_SAMPLE|LOW_PLAYER_SAMPLE,HISTORICAL TEST ONLY,PASS
historical_test,2025,1,CHI,MIN,00-0038416,T.Bagent,QB,35.75,0.2241912562074056,8.014837409414751,0-20,0.8381734519382428,6.717823938172925,6.717823938172925,False,64,2,64,60,Medium,ROUTE_PROXY_UNVALIDATED|LOW_CURRENT_SAMPLE|LOW_PLAYER_SAMPLE,HISTORICAL TEST ONLY,PASS
historical_test,2025,1,CLE,CIN,00-0033537,D.Watson,QB,40.5,0.1913569718520316,7.749957360007279,0-20,0.8381734519382428,6.495808512811492,6.495808512811492,False,65,1,65,60,Medium,ROUTE_PROXY_UNVALIDATED|LOW_CURRENT_SAMPLE|LOW_PLAYER_SAMPLE,HISTORICAL TEST ONLY,PASS
historical_test,2025,1,LV,LAC,00-0038122,D.Ridder,QB,39.0,0.1971952140200465,7.690613346781814,0-20,0.8381734519382428,6.446067936394435,6.446067936394435,False,66,4,66,60,Medium,ROUTE_PROXY_UNVALIDATED|LOW_CURRENT_SAMPLE|LOW_PLAYER_SAMPLE,HISTORICAL TEST ONLY,PASS
historical_test,2025,1,SF,CHI,00-0032434,B.Allen,QB,41.0,0.1846292574288578,7.56979955458317,0-20,0.8381734519382428,6.344805023145549,6.344805023145549,False,67,3,67,60,Medium,ROUTE_PROXY_UNVALIDATED|LOW_CURRENT_SAMPLE|LOW_PLAYER_SAMPLE|LOW_QB_ATTEMPT_SAMPLE,HISTORICAL TEST ONLY,PASS
historical_test,2025,1,NYG,BAL,00-0038476,T.DeVito,QB,33.5,0.2239178735554864,7.501248764108794,0-20,0.8381734519382428,6.287347570460546,6.287347570460546,False,68,3,68,60,Medium,ROUTE_PROXY_UNVALIDATED|LOW_CURRENT_SAMPLE|LOW_PLAYER_SAMPLE,HISTORICAL TEST ONLY,PASS
historical_test,2025,1,DEN,KC,00-0035264,J.Stidham,QB,32.25,0.2227679182722054,7.184265364278624,0-20,0.8381734519382428,6.021660500017772,6.021660500017772,False,69,2,69,60,Medium,ROUTE_PROXY_UNVALIDATED|LOW_CURRENT_SAMPLE|LOW_PLAYER_SAMPLE,HISTORICAL TEST ONLY,PASS
historical_test,2025,1,CLE,BAL,00-0038108,B.Zappe,QB,40.5,0.1772302452394086,7.177824932196049,0-20,0.8381734519382428,6.016262300827146,6.016262300827146,False,70,2,70,60,Medium,ROUTE_PROXY_UNVALIDATED|LOW_CURRENT_SAMPLE|LOW_PLAYER_SAMPLE,HISTORICAL TEST ONLY,PASS
historical_test,2025,1,CIN,CLE,00-0035100,J.Browning,QB,44.5,0.1597271985355161,7.107860334830466,0-20,0.8381734519382428,5.957619832739766,5.957619832739766,False,71,3,71,60,Medium,ROUTE_PROXY_UNVALIDATED|LOW_CURRENT_SAMPLE|LOW_PLAYER_SAMPLE,HISTORICAL TEST ONLY,PASS
historical_test,2025,1,CLE,CIN,00-0032436,J.Driskel,QB,40.5,0.1750393944720266,7.089095476117078,0-20,0.8381734519382428,5.941891626336831,5.941891626336831,False,72,3,72,60,Medium,ROUTE_PROXY_UNVALIDATED|LOW_CURRENT_SAMPLE|LOW_PLAYER_SAMPLE|LOW_QB_ATTEMPT_SAMPLE,HISTORICAL TEST ONLY,PASS
historical_test,2025,1,MIN,ATL,00-0033319,N.Mullens,QB,43.75,0.1581194318143907,6.917725141879593,0-20,0.8381734519382428,5.798253561729189,5.798253561729189,False,73,3,73,60,Medium,ROUTE_PROXY_UNVALIDATED|LOW_CURRENT_SAMPLE|LOW_PLAYER_SAMPLE,HISTORICAL TEST ONLY,PASS
historical_test,2025,1,CLE,DEN,00-0033275,P.Walker,QB,40.5,0.1678011874331075,6.795948091040854,0-20,0.8381734519382428,5.696183270660824,5.696183270660824,False,74,4,74,60,Medium,ROUTE_PROXY_UNVALIDATED|LOW_CURRENT_SAMPLE|LOW_PLAYER_SAMPLE,HISTORICAL TEST ONLY,PASS
historical_test,2025,1,BUF,NE,00-0034401,M.White,QB,30.25,0.2209234992372605,6.68293585192713,0-20,0.8381734519382428,5.601459412091604,5.601459412091604,False,75,2,75,60,Medium,ROUTE_PROXY_UNVALIDATED|LOW_CURRENT_SAMPLE|LOW_PLAYER_SAMPLE|LOW_QB_ATTEMPT_SAMPLE,HISTORICAL TEST ONLY,PASS
historical_test,2025,1,NYG,BAL,00-0034177,T.Boyle,QB,33.5,0.1975376929555215,6.617512714009971,0-20,0.8381734519382428,5.546623474746947,5.546623474746947,False,76,4,76,60,Medium,ROUTE_PROXY_UNVALIDATED|LOW_CURRENT_SAMPLE|LOW_PLAYER_SAMPLE,HISTORICAL TEST ONLY,PASS
historical_test,2025,1,CLE,KC,00-0031503,J.Winston,QB,40.5,0.15929770444006,6.45155702982243,0-20,0.8381734519382428,5.407523826062703,5.407523826062703,False,77,5,77,60,Medium,ROUTE_PROXY_UNVALIDATED|LOW_CURRENT_SAMPLE|LOW_PLAYER_SAMPLE,HISTORICAL TEST ONLY,PASS
historical_test,2025,1,GB,CHI,00-0038128,M.Willis,QB,32.0,0.1879193800634761,6.0134201620312355,0-20,0.8381734519382428,5.040289135164748,5.040289135164748,False,78,3,78,60,Medium,ROUTE_PROXY_UNVALIDATED|LOW_CURRENT_SAMPLE|LOW_PLAYER_SAMPLE,HISTORICAL TEST ONLY,PASS
historical_test,2025,1,DAL,WAS,00-0037012,T.Lance,QB,33.0,0.1817547039744451,5.997905231156688,0-20,0.8381734519382428,5.027284931997045,5.027284931997045,False,79,3,79,60,Medium,ROUTE_PROXY_UNVALIDATED|LOW_CURRENT_SAMPLE|LOW_PLAYER_SAMPLE|LOW_QB_ATTEMPT_SAMPLE,HISTORICAL TEST ONLY,PASS
historical_test,2025,1,DET,JAX,00-0038550,H.Hooker,QB,37.5,0.1546732101813183,5.800245381799436,0-20,0.8381734519382428,4.8616116937516844,4.8616116937516844,False,80,2,80,60,Medium,ROUTE_PROXY_UNVALIDATED|LOW_CURRENT_SAMPLE|LOW_PLAYER_SAMPLE|LOW_QB_ATTEMPT_SAMPLE,HISTORICAL TEST ONLY,PASS
historical_test,2025,1,KC,DEN,00-0032950,C.Wentz,QB,30.0,0.1882945987915815,5.648837963747445,0-20,0.8381734519382428,4.73470601551399,4.73470601551399,False,81,3,81,60,Medium,ROUTE_PROXY_UNVALIDATED|LOW_CURRENT_SAMPLE|LOW_PLAYER_SAMPLE|LOW_QB_ATTEMPT_SAMPLE,HISTORICAL TEST ONLY,PASS
historical_test,2025,1,PHI,KC,00-0038102,K.Pickett,QB,26.25,0.2148885221523241,5.640823706498508,0-20,0.8381734519382428,4.727988677850927,4.727988677850927,False,82,3,82,60,Medium,ROUTE_PROXY_UNVALIDATED|LOW_CURRENT_SAMPLE|LOW_PLAYER_SAMPLE,HISTORICAL TEST ONLY,PASS
historical_test,2025,1,HOU,TEN,00-0036898,D.Mills,QB,34.5,0.1634827912531076,5.640156298232212,0-20,0.8381734519382428,4.727429273960515,4.727429273960515,False,83,3,83,60,Medium,ROUTE_PROXY_UNVALIDATED|LOW_CURRENT_SAMPLE|LOW_PLAYER_SAMPLE,HISTORICAL TEST ONLY,PASS
historical_test,2025,1,NYJ,BUF,00-0028118,T.Taylor,QB,38.25,0.1444987836301812,5.527078473854431,0-20,0.8381734519382428,4.632650443564123,4.632650443564123,False,84,4,84,60,Medium,ROUTE_PROXY_UNVALIDATED|LOW_CURRENT_SAMPLE|LOW_PLAYER_SAMPLE,HISTORICAL TEST ONLY,PASS
historical_test,2025,1,ARI,SF,00-0038582,C.Tune,QB,38.5,0.1391537388046074,5.357418943977385,0-20,0.8381734519382428,4.49044632975286,4.49044632975286,False,85,2,85,60,Medium,ROUTE_PROXY_UNVALIDATED|LOW_CURRENT_SAMPLE|LOW_PLAYER_SAMPLE|LOW_QB_ATTEMPT_SAMPLE,HISTORICAL TEST ONLY,PASS
historical_test,2025,1,BUF,DEN,00-0033869,M.Trubisky,QB,30.25,0.1739958404101287,5.263374172406393,0-20,0.8381734519382428,4.411620498928458,4.411620498928458,False,86,3,86,60,Medium,ROUTE_PROXY_UNVALIDATED|LOW_CURRENT_SAMPLE|LOW_PLAYER_SAMPLE,HISTORICAL TEST ONLY,PASS
historical_test,2025,1,CLE,BAL,00-0038583,D.Thompson-Robinson,QB,40.5,0.1292744965633654,5.235617110816299,0-20,0.8381734519382428,4.3883552667998265,4.3883552667998265,False,87,6,87,60,Medium,ROUTE_PROXY_UNVALIDATED|LOW_CURRENT_SAMPLE|LOW_PLAYER_SAMPLE,HISTORICAL TEST ONLY,PASS
historical_test,2025,1,LAC,NE,00-0031800,T.Heinicke,QB,37.0,0.1373897759831203,5.083421711375451,0-20,0.8381734519382428,4.260789123481372,4.260789123481372,False,88,3,88,60,Medium,ROUTE_PROXY_UNVALIDATED|LOW_CURRENT_SAMPLE|LOW_PLAYER_SAMPLE,HISTORICAL TEST ONLY,PASS
historical_test,2025,1,NO,WAS,00-0038998,J.Haener,QB,38.25,0.1213207446251756,4.640518481912967,0-20,0.8381734519382428,3.889559394768205,3.889559394768205,False,89,3,89,60,Medium,ROUTE_PROXY_UNVALIDATED|LOW_CURRENT_SAMPLE|LOW_PLAYER_SAMPLE|LOW_QB_ATTEMPT_SAMPLE,HISTORICAL TEST ONLY,PASS
historical_test,2025,1,DET,WAS,00-0031237,T.Bridgewater,QB,37.5,0.1125065553577503,4.218995825915636,0-20,0.8381734519382428,3.536250295120746,3.536250295120746,False,90,3,90,60,Medium,ROUTE_PROXY_UNVALIDATED|LOW_CURRENT_SAMPLE|LOW_PLAYER_SAMPLE|LOW_QB_ATTEMPT_SAMPLE,HISTORICAL TEST ONLY,PASS
historical_test,2025,1,TB,CAR,00-0036928,K.Trask,QB,33.25,0.1236110417108085,4.110067136884383,0-20,0.8381734519382428,3.4449491598203132,3.4449491598203132,False,91,2,91,60,Medium,ROUTE_PROXY_UNVALIDATED|LOW_CURRENT_SAMPLE|LOW_PLAYER_SAMPLE|LOW_QB_ATTEMPT_SAMPLE,HISTORICAL TEST ONLY,PASS
historical_test,2025,1,BAL,HOU,00-0026300,J.Johnson,QB,25.25,0.1496690058051625,3.7791423965803537,0-20,0.8381734519382428,3.1675768279079186,3.1675768279079186,False,92,2,92,60,Medium,ROUTE_PROXY_UNVALIDATED|LOW_CURRENT_SAMPLE|LOW_PLAYER_SAMPLE|LOW_QB_ATTEMPT_SAMPLE,HISTORICAL TEST ONLY,PASS
historical_test,2025,1,PIT,DAL,00-0034577,K.Allen,QB,36.75,0.0897527734698192,3.2984144250158556,0-20,0.8381734519382428,2.764643404538434,2.764643404538434,False,93,3,93,60,Medium,ROUTE_PROXY_UNVALIDATED|LOW_CURRENT_SAMPLE|LOW_PLAYER_SAMPLE|LOW_QB_ATTEMPT_SAMPLE,HISTORICAL TEST ONLY,PASS
