projection_mode,season,week,team,opponent_team,player_id,player_name,position,projected_carries,projected_yards_per_carry,projected_rushing_yards_raw,calibration_bucket,calibration_multiplier,projected_rushing_yards_calibrated,projected_rushing_yards,is_prop_candidate,overall_rank,team_rank,position_rank,confidence_score,confidence_bucket,quality_flags,usage_status,leakage_status
historical_test,2025,1,PHI,KC,00-0034844,S.Barkley,RB,17.840498008670213,5.057777539297555,90.23327011813495,60+,1.0733277530543663,96.84987306664549,96.84987306664549,True,1,1,1,75,Medium,ROUTE_PROXY_UNVALIDATED|LOW_CURRENT_SAMPLE,HISTORICAL TEST ONLY,PASS
historical_test,2025,1,BAL,BUF,00-0032764,D.Henry,RB,16.06938947753846,5.177400137218982,83.1976592860329,60+,1.0733277530543663,89.29835670086044,89.29835670086044,True,2,1,2,75,Medium,ROUTE_PROXY_UNVALIDATED|LOW_CURRENT_SAMPLE,HISTORICAL TEST ONLY,PASS
historical_test,2025,1,IND,JAX,00-0036223,J.Taylor,RB,17.65653442323604,4.531394829827623,80.00872879812525,60+,1.0733277530543663,85.87558910562794,85.87558910562794,True,3,1,3,75,Medium,ROUTE_PROXY_UNVALIDATED|LOW_CURRENT_SAMPLE,HISTORICAL TEST ONLY,PASS
historical_test,2025,1,LA,PHI,00-0037840,K.Williams,RB,16.442632733527898,4.3139020184128025,70.93190653718642,60+,1.0733277530543663,76.13318386342063,76.13318386342063,True,4,1,4,75,Medium,ROUTE_PROXY_UNVALIDATED|LOW_CURRENT_SAMPLE,HISTORICAL TEST ONLY,PASS
historical_test,2025,1,ATL,CAR,00-0038542,B.Robinson,RB,14.668439185140803,4.581396837552359,67.20194089463318,60+,1.0733277530543663,72.12970822132897,72.12970822132897,True,5,1,5,75,Medium,ROUTE_PROXY_UNVALIDATED|LOW_CURRENT_SAMPLE,HISTORICAL TEST ONLY,PASS
historical_test,2025,1,GB,PHI,00-0035700,J.Jacobs,RB,15.23116319947772,4.263057558347953,64.93132539996468,60+,1.0733277530543663,69.692593594386,69.692593594386,True,6,1,6,75,Medium,ROUTE_PROXY_UNVALIDATED|LOW_CURRENT_SAMPLE,HISTORICAL TEST ONLY,PASS
historical_test,2025,1,DET,WAS,00-0039139,J.Gibbs,RB,12.550383629585248,5.161925985976244,64.78415139152695,60+,1.0733277530543663,69.53462764660152,69.53462764660152,True,7,1,7,75,Medium,ROUTE_PROXY_UNVALIDATED|LOW_CURRENT_SAMPLE,HISTORICAL TEST ONLY,PASS
historical_test,2025,1,HOU,KC,00-0033897,J.Mixon,RB,15.047227063928682,4.201775543843668,63.2250706798781,60+,1.0733277530543663,67.86122304953706,67.86122304953706,True,8,1,8,75,Medium,ROUTE_PROXY_UNVALIDATED|LOW_CURRENT_SAMPLE,HISTORICAL TEST ONLY,PASS
historical_test,2025,1,CAR,ARI,00-0036555,C.Hubbard,RB,14.064272518474136,4.4781449770082205,62.9818513338797,60+,1.0733277530543663,67.60016897539725,67.60016897539725,True,9,1,9,75,Medium,ROUTE_PROXY_UNVALIDATED|LOW_CURRENT_SAMPLE,HISTORICAL TEST ONLY,PASS
historical_test,2025,1,ARI,LA,00-0033553,J.Conner,RB,13.121025392037357,4.5476760548351445,59.670172990252205,40-60,1.024818045751556,61.15107007352755,61.15107007352755,True,10,1,10,75,Medium,ROUTE_PROXY_UNVALIDATED|LOW_CURRENT_SAMPLE,HISTORICAL TEST ONLY,PASS
historical_test,2025,1,TEN,HOU,00-0035261,T.Pollard,RB,13.918439185140803,4.167042455777624,57.99872700264064,40-60,1.024818045751556,59.43814206292419,59.43814206292419,True,11,1,11,75,Medium,ROUTE_PROXY_UNVALIDATED|LOW_CURRENT_SAMPLE,HISTORICAL TEST ONLY,PASS
historical_test,2025,1,NO,WAS,00-0033906,A.Kamara,RB,13.839074105775724,4.1658817979661125,57.65194691795524,40-60,1.024818045751556,59.08275557423134,59.08275557423134,True,12,1,12,75,Medium,ROUTE_PROXY_UNVALIDATED|LOW_CURRENT_SAMPLE,HISTORICAL TEST ONLY,PASS
historical_test,2025,1,MIN,LA,00-0033293,A.Jones,RB,12.983851371520732,4.413459105324251,57.303697057814944,40-60,1.024818045751556,58.725862833129106,58.725862833129106,True,13,1,13,75,Medium,ROUTE_PROXY_UNVALIDATED|LOW_CURRENT_SAMPLE,HISTORICAL TEST ONLY,PASS
historical_test,2025,1,BUF,KC,00-0037248,J.Cook,RB,12.267123395667118,4.655408156351868,57.108466311163525,40-60,1.024818045751556,58.525786840875185,58.525786840875185,True,14,1,14,75,Medium,ROUTE_PROXY_UNVALIDATED|LOW_CURRENT_SAMPLE,HISTORICAL TEST ONLY,PASS
historical_test,2025,1,LAC,HOU,00-0036158,J.Dobbins,RB,12.737486804188425,4.441173140918387,56.56938427756402,40-60,1.024818045751556,57.97332584470196,57.97332584470196,True,15,1,15,75,Medium,ROUTE_PROXY_UNVALIDATED|LOW_CURRENT_SAMPLE,HISTORICAL TEST ONLY,PASS
historical_test,2025,1,TB,WAS,00-0039361,B.Irving,RB,11.251772518474136,4.971103261551546,55.93372306482283,40-60,1.024818045751556,57.32188876290047,57.32188876290047,True,16,1,16,75,Medium,ROUTE_PROXY_UNVALIDATED|LOW_CURRENT_SAMPLE,HISTORICAL TEST ONLY,PASS
historical_test,2025,1,SF,BUF,00-0033280,C.McCaffrey,RB,12.30974353296689,4.373610221619038,53.83802014129284,40-60,1.024818045751556,55.17417458833264,55.17417458833264,True,17,1,17,75,Medium,ROUTE_PROXY_UNVALIDATED|LOW_CURRENT_SAMPLE,HISTORICAL TEST ONLY,PASS
historical_test,2025,1,PIT,BAL,00-0036893,N.Harris,RB,13.112883629585248,4.062473353636263,53.27074033452324,40-60,1.024818045751556,54.5928160053647,54.5928160053647,True,18,1,18,75,Medium,ROUTE_PROXY_UNVALIDATED|LOW_CURRENT_SAMPLE,HISTORICAL TEST ONLY,PASS
historical_test,2025,1,CHI,GB,00-0036275,D.Swift,RB,12.977262714552568,4.045669349736073,52.50171400773807,40-60,1.024818045751556,53.80470394801723,53.80470394801723,True,19,1,19,75,Medium,ROUTE_PROXY_UNVALIDATED|LOW_CURRENT_SAMPLE,HISTORICAL TEST ONLY,PASS
historical_test,2025,1,DAL,WAS,00-0036139,R.Dowdle,RB,11.731886154837772,4.441187996153519,52.10351196310518,40-60,1.024818045751556,53.396619306822274,53.396619306822274,True,20,1,20,75,Medium,ROUTE_PROXY_UNVALIDATED|LOW_CURRENT_SAMPLE,HISTORICAL TEST ONLY,PASS
historical_test,2025,1,DET,WAS,00-0035685,D.Montgomery,RB,11.834064185140804,4.276445523456308,50.60773080884002,40-60,1.024818045751556,51.86371578743624,51.86371578743624,True,21,2,21,75,Medium,ROUTE_PROXY_UNVALIDATED|LOW_CURRENT_SAMPLE,HISTORICAL TEST ONLY,PASS
historical_test,2025,1,NYJ,MIA,00-0038120,B.Hall,RB,11.722416457868077,4.250593139972345,49.827222979712964,40-60,1.024818045751556,51.063837279296465,51.063837279296465,True,22,1,22,75,Medium,ROUTE_PROXY_UNVALIDATED|LOW_CURRENT_SAMPLE,HISTORICAL TEST ONLY,PASS
historical_test,2025,1,SEA,MIN,00-0038134,K.Walker,RB,12.449907716609337,3.983180975701722,49.59023556604038,40-60,1.024818045751556,50.82096830114881,50.82096830114881,True,23,1,23,75,Medium,ROUTE_PROXY_UNVALIDATED|LOW_CURRENT_SAMPLE,HISTORICAL TEST ONLY,PASS
historical_test,2025,1,CIN,DEN,00-0038597,C.Brown,RB,11.512189185140803,4.291632652557192,49.40608700936605,40-60,1.024818045751556,50.632249537169855,50.632249537169855,True,24,1,24,75,Medium,ROUTE_PROXY_UNVALIDATED|LOW_CURRENT_SAMPLE,HISTORICAL TEST ONLY,PASS
historical_test,2025,1,MIA,NYJ,00-0039040,D.Achane,RB,10.578682592848716,4.654054308349576,49.23376329791023,40-60,1.024818045751556,50.45564908795905,50.45564908795905,True,25,1,25,75,Medium,ROUTE_PROXY_UNVALIDATED|LOW_CURRENT_SAMPLE,HISTORICAL TEST ONLY,PASS
historical_test,2025,1,NE,LAC,00-0036875,R.Stevenson,RB,12.179550296251914,4.017649709586383,48.93316671062925,40-60,1.024818045751556,50.14759228082217,50.14759228082217,True,26,1,26,75,Medium,ROUTE_PROXY_UNVALIDATED|LOW_CURRENT_SAMPLE,HISTORICAL TEST ONLY,PASS
historical_test,2025,1,WAS,PHI,00-0037746,B.Robinson,RB,11.610075214552568,4.191972340755362,48.669114173493746,40-60,1.024818045751556,49.87698647573922,49.87698647573922,True,27,1,27,75,Medium,ROUTE_PROXY_UNVALIDATED|LOW_CURRENT_SAMPLE,HISTORICAL TEST ONLY,PASS
historical_test,2025,1,SF,BUF,00-0037525,J.Mason,RB,10.01665347085509,4.843467391789133,48.51533446093807,40-60,1.024818045751556,49.71939025124168,49.71939025124168,True,28,2,28,75,Medium,ROUTE_PROXY_UNVALIDATED|LOW_CURRENT_SAMPLE,HISTORICAL TEST ONLY,PASS
historical_test,2025,1,KC,PHI,00-0033923,K.Hunt,RB,11.941876685140803,3.838199732091103,45.83530789357242,40-60,1.024818045751556,46.972850661911764,46.972850661911764,True,29,1,29,75,Medium,ROUTE_PROXY_UNVALIDATED|LOW_CURRENT_SAMPLE,HISTORICAL TEST ONLY,PASS
historical_test,2025,1,NYG,PHI,00-0039384,T.Tracy,RB,10.38902742043492,4.332226773456308,45.00762274097988,40-60,1.024818045751556,46.1246239813343,46.1246239813343,True,30,1,30,75,Medium,ROUTE_PROXY_UNVALIDATED|LOW_CURRENT_SAMPLE,HISTORICAL TEST ONLY,PASS
historical_test,2025,1,CLE,KC,00-0034791,N.Chubb,RB,11.543439185140803,3.7592075898213153,43.394184197422085,40-60,1.024818045751556,44.47114304618516,44.47114304618516,True,31,1,31,75,Medium,ROUTE_PROXY_UNVALIDATED|LOW_CURRENT_SAMPLE,HISTORICAL TEST ONLY,PASS
historical_test,2025,1,LV,ATL,00-0037509,S.McCormick,RB,9.230939185140803,4.541862190122975,41.925653664315604,40-60,1.024818045751556,42.96616645512049,42.96616645512049,True,32,1,32,60,Medium,ROUTE_PROXY_UNVALIDATED|LOW_CURRENT_SAMPLE|LOW_PLAYER_SAMPLE,HISTORICAL TEST ONLY,PASS
historical_test,2025,1,BAL,BUF,00-0034796,L.Jackson,QB,7.29574437268656,5.66925018322134,41.36140012158934,40-60,1.024818045751556,42.38790924215537,42.38790924215537,True,33,2,1,60,Medium,ROUTE_PROXY_UNVALIDATED|LOW_CURRENT_SAMPLE|LOW_PLAYER_SAMPLE,HISTORICAL TEST ONLY,PASS
historical_test,2025,1,KC,PHI,00-0037197,I.Pacheco,RB,10.129153470855089,3.981543690995575,40.32966709700901,40-60,1.024818045751556,41.330570620167606,41.330570620167606,True,34,2,33,75,Medium,ROUTE_PROXY_UNVALIDATED|LOW_CURRENT_SAMPLE,HISTORICAL TEST ONLY,PASS
historical_test,2025,1,WAS,PHI,00-0039910,J.Daniels,QB,7.7382585974376275,5.189315230596885,40.15626319798037,40-60,1.024818045751556,41.152863175239375,41.152863175239375,True,35,2,2,60,Medium,ROUTE_PROXY_UNVALIDATED|LOW_CURRENT_SAMPLE|LOW_PLAYER_SAMPLE,HISTORICAL TEST ONLY,PASS
historical_test,2025,1,TB,WAS,00-0037256,R.White,RB,9.621117756569374,4.160317455733413,40.02690414632226,40-60,1.024818045751556,41.02029368471884,41.02029368471884,True,36,2,34,75,Medium,ROUTE_PROXY_UNVALIDATED|LOW_CURRENT_SAMPLE,HISTORICAL TEST ONLY,PASS
historical_test,2025,1,ARI,SF,00-0035860,T.Jones,RB,4.989867756569375,8.0,39.918942052555,25-40,0.9165747317233124,36.588693602499056,36.588693602499056,True,37,2,35,75,Medium,ROUTE_PROXY_UNVALIDATED|LOW_CURRENT_SAMPLE,HISTORICAL TEST ONLY,PASS
historical_test,2025,1,JAX,IND,00-0036973,T.Etienne,RB,10.176251685140803,3.918711110986284,39.87779054675416,25-40,0.9165747317233124,36.55097517210964,36.55097517210964,True,38,1,36,75,Medium,ROUTE_PROXY_UNVALIDATED|LOW_CURRENT_SAMPLE,HISTORICAL TEST ONLY,PASS
historical_test,2025,1,JAX,IND,00-0038555,T.Bigsby,RB,9.047749529968389,4.345488227693966,39.31688906960125,25-40,0.9165747317233124,36.036867051165004,36.036867051165004,True,39,2,37,75,Medium,ROUTE_PROXY_UNVALIDATED|LOW_CURRENT_SAMPLE,HISTORICAL TEST ONLY,PASS
historical_test,2025,1,CLE,MIA,00-0037267,J.Ford,RB,8.109287399426517,4.765096841906522,38.64153977711965,25-40,0.9165747317233124,35.41785895458914,35.41785895458914,True,40,2,38,75,Medium,ROUTE_PROXY_UNVALIDATED|LOW_CURRENT_SAMPLE,HISTORICAL TEST ONLY,PASS
historical_test,2025,1,ATL,CAR,00-0037263,T.Allgeier,RB,8.322850949846686,4.399243944207628,36.614251639655734,25-40,0.9165747317233124,33.55969787386731,33.55969787386731,True,41,2,39,75,Medium,ROUTE_PROXY_UNVALIDATED|LOW_CURRENT_SAMPLE,HISTORICAL TEST ONLY,PASS
historical_test,2025,1,ARI,SF,00-0036924,M.Carter,RB,8.654550296251914,4.212081970342755,36.45367526426724,25-40,0.9165747317233124,33.4125176256745,33.4125176256745,True,42,3,40,75,Medium,ROUTE_PROXY_UNVALIDATED|LOW_CURRENT_SAMPLE,HISTORICAL TEST ONLY,PASS
historical_test,2025,1,CIN,PHI,00-0036251,Z.Moss,RB,9.463893730595348,3.8077523993983977,36.03616406032589,25-40,0.9165747317233124,33.02983740593047,33.02983740593047,True,43,2,41,75,Medium,ROUTE_PROXY_UNVALIDATED|LOW_CURRENT_SAMPLE,HISTORICAL TEST ONLY,PASS
historical_test,2025,1,GB,MIN,00-0036265,A.Dillon,RB,8.721984222089075,4.057802606443293,35.39209030975032,25-40,0.9165747317233124,32.43949568078665,32.43949568078665,True,44,2,42,75,Medium,ROUTE_PROXY_UNVALIDATED|LOW_CURRENT_SAMPLE,HISTORICAL TEST ONLY,PASS
historical_test,2025,1,PHI,KC,00-0036389,J.Hurts,QB,8.028674671406332,4.3846028973760935,35.20255022633826,25-40,0.9165747317233124,32.26576802968242,32.26576802968242,True,45,2,3,60,Medium,ROUTE_PROXY_UNVALIDATED|LOW_CURRENT_SAMPLE|LOW_PLAYER_SAMPLE,HISTORICAL TEST ONLY,PASS
historical_test,2025,1,LAC,HOU,00-0034184,G.Edwards,RB,8.991019830302093,3.910305241324647,35.15763196728412,25-40,0.9165747317233124,32.22459708844039,32.22459708844039,True,46,2,43,75,Medium,ROUTE_PROXY_UNVALIDATED|LOW_CURRENT_SAMPLE,HISTORICAL TEST ONLY,PASS
historical_test,2025,1,IND,TEN,00-0039164,A.Richardson,QB,6.634849506528536,5.296163348253238,35.13924677765251,25-40,0.9165747317233124,32.207745688186115,32.207745688186115,True,47,2,4,60,Medium,ROUTE_PROXY_UNVALIDATED|LOW_CURRENT_SAMPLE|LOW_PLAYER_SAMPLE,HISTORICAL TEST ONLY,PASS
historical_test,2025,1,KC,LAC,00-0036269,L.Perine,RB,8.505317555422408,4.071847550263517,34.63235645226002,25-40,0.9165747317233124,31.743142824176353,31.743142824176353,True,48,3,44,60,Medium,ROUTE_PROXY_UNVALIDATED|LOW_CURRENT_SAMPLE|LOW_PLAYER_SAMPLE,HISTORICAL TEST ONLY,PASS
historical_test,2025,1,PIT,BAL,00-0037228,J.Warren,RB,7.782409773376097,4.386764945866555,34.13960238821554,25-40,0.9165747317233124,31.291496900119217,31.291496900119217,True,49,2,45,75,Medium,ROUTE_PROXY_UNVALIDATED|LOW_CURRENT_SAMPLE,HISTORICAL TEST ONLY,PASS
historical_test,2025,1,LV,LAC,00-0034972,A.Mattison,RB,9.232724899426518,3.662025360286145,33.81047272624526,25-40,0.9165747317233124,30.989824968496617,30.989824968496617,True,50,2,46,75,Medium,ROUTE_PROXY_UNVALIDATED|LOW_CURRENT_SAMPLE,HISTORICAL TEST ONLY,PASS
historical_test,2025,1,DEN,BUF,00-0036997,J.Williams,RB,8.643112387755181,3.88312978512656,33.56232714908849,25-40,0.9165747317233124,30.762381002685824,30.762381002685824,True,51,1,47,75,Medium,ROUTE_PROXY_UNVALIDATED|LOW_CURRENT_SAMPLE,HISTORICAL TEST ONLY,PASS
historical_test,2025,1,NYG,PHI,00-0035250,D.Singletary,RB,8.265988204748647,4.052297608522995,33.49624423418223,25-40,0.9165747317233124,30.701811072684126,30.701811072684126,True,52,2,48,75,Medium,ROUTE_PROXY_UNVALIDATED|LOW_CURRENT_SAMPLE,HISTORICAL TEST ONLY,PASS
historical_test,2025,1,LA,SEA,00-0035664,D.Henderson,RB,8.630317555422408,3.8055432024374314,32.84304630791418,25-40,0.9165747317233124,30.103106358652763,30.103106358652763,True,53,2,49,75,Medium,ROUTE_PROXY_UNVALIDATED|LOW_CURRENT_SAMPLE,HISTORICAL TEST ONLY,PASS
historical_test,2025,1,WAS,PHI,00-0033699,A.Ekeler,RB,7.614990909278735,4.30910657643211,32.813807406643726,25-40,0.9165747317233124,30.076306720564915,30.076306720564915,True,54,3,50,75,Medium,ROUTE_PROXY_UNVALIDATED|LOW_CURRENT_SAMPLE,HISTORICAL TEST ONLY,PASS
historical_test,2025,1,SEA,LA,00-0039165,Z.Charbonnet,RB,7.729936511344011,4.238487704526267,32.763240860100254,25-40,0.9165747317233124,30.029958701732657,30.029958701732657,True,55,2,51,75,Medium,ROUTE_PROXY_UNVALIDATED|LOW_CURRENT_SAMPLE,HISTORICAL TEST ONLY,PASS
historical_test,2025,1,WAS,DAL,00-0035715,D.Gore,RB,6.005317555422408,5.363514216930184,32.209606085688506,25-40,0.9165747317233124,29.52251105690351,29.52251105690351,True,56,4,52,60,Medium,ROUTE_PROXY_UNVALIDATED|LOW_CURRENT_SAMPLE|LOW_PLAYER_SAMPLE|LOW_RUSH_SAMPLE,HISTORICAL TEST ONLY,PASS
historical_test,2025,1,LA,SF,00-0034838,R.Freeman,RB,7.505317555422408,4.232561835977803,31.766720651975106,25-40,0.9165747317233124,29.11657345931349,29.11657345931349,True,57,3,53,60,Medium,ROUTE_PROXY_UNVALIDATED|LOW_CURRENT_SAMPLE|LOW_PLAYER_SAMPLE,HISTORICAL TEST ONLY,PASS
historical_test,2025,1,LV,IND,00-0029239,B.Bolden,RB,5.955317555422409,5.134347550263517,30.576670101724368,25-40,0.9165747317233124,28.02580319548024,28.02580319548024,True,58,3,54,60,Medium,ROUTE_PROXY_UNVALIDATED|LOW_CURRENT_SAMPLE|LOW_PLAYER_SAMPLE|LOW_RUSH_SAMPLE,HISTORICAL TEST ONLY,PASS
historical_test,2025,1,MIA,NYJ,00-0031687,R.Mostert,RB,7.791118230233641,3.895296159737311,30.348712922288456,25-40,0.9165747317233124,27.816863404894367,27.816863404894367,True,59,2,55,75,Medium,ROUTE_PROXY_UNVALIDATED|LOW_CURRENT_SAMPLE,HISTORICAL TEST ONLY,PASS
historical_test,2025,1,SF,KC,00-0036567,E.Mitchell,RB,7.313009863114717,4.110427797177098,30.059599022377018,25-40,0.9165747317233124,27.55186890964556,27.55186890964556,True,60,3,56,60,Medium,ROUTE_PROXY_UNVALIDATED|LOW_CURRENT_SAMPLE|LOW_PLAYER_SAMPLE,HISTORICAL TEST ONLY,PASS
historical_test,2025,1,NE,BUF,00-0036328,A.Gibson,RB,6.849366101361836,4.370330658591443,29.933994664698577,25-40,0.9165747317233124,27.436743129203162,27.436743129203162,True,61,2,57,75,Medium,ROUTE_PROXY_UNVALIDATED|LOW_CURRENT_SAMPLE,HISTORICAL TEST ONLY,PASS
historical_test,2025,1,DEN,BUF,00-0038794,J.McLaughlin,RB,6.705203891023157,4.393369132986622,29.458435805202928,25-40,0.9165747317233124,27.000857895142293,27.000857895142293,True,62,2,58,75,Medium,ROUTE_PROXY_UNVALIDATED|LOW_CURRENT_SAMPLE,HISTORICAL TEST ONLY,PASS
historical_test,2025,1,BAL,PIT,00-0032144,M.Gordon,RB,7.380317555422408,3.975693704109672,29.341882039422956,25-40,0.9165747317233124,26.894027658541173,26.894027658541173,True,63,3,59,60,Medium,ROUTE_PROXY_UNVALIDATED|LOW_CURRENT_SAMPLE|LOW_PLAYER_SAMPLE,HISTORICAL TEST ONLY,PASS
historical_test,2025,1,BUF,MIA,00-0033856,L.Fournette,RB,7.255317555422408,4.030180883596851,29.24024211628803,25-40,0.9165747317233124,26.8008670732614,26.8008670732614,True,64,2,60,60,Medium,ROUTE_PROXY_UNVALIDATED|LOW_CURRENT_SAMPLE|LOW_PLAYER_SAMPLE|LOW_RUSH_SAMPLE,HISTORICAL TEST ONLY,PASS
historical_test,2025,1,MIN,LA,00-0036414,C.Akers,RB,6.884738204748647,4.22587771588162,29.094061759126138,25-40,0.9165747317233124,26.666881851612523,26.666881851612523,True,65,2,61,75,Medium,ROUTE_PROXY_UNVALIDATED|LOW_CURRENT_SAMPLE,HISTORICAL TEST ONLY,PASS
historical_test,2025,1,CLE,BAL,00-0033925,D.Foreman,RB,7.836860237772381,3.711404443644102,29.085757910686187,25-40,0.9165747317233124,26.659270753956402,26.659270753956402,True,66,3,62,75,Medium,ROUTE_PROXY_UNVALIDATED|LOW_CURRENT_SAMPLE,HISTORICAL TEST ONLY,PASS
historical_test,2025,1,HOU,KC,00-0037258,D.Pierce,RB,5.567248708950327,5.202955870087116,28.966149350468026,25-40,0.9165747317233124,26.54964056996263,26.54964056996263,True,67,2,63,75,Medium,ROUTE_PROXY_UNVALIDATED|LOW_CURRENT_SAMPLE,HISTORICAL TEST ONLY,PASS
historical_test,2025,1,ARI,SEA,00-0038705,E.Demercado,RB,3.695682774884393,6.754260564106715,24.961604423850126,15-25,1.058376776203558,26.41878241898297,26.41878241898297,True,68,4,64,75,Medium,ROUTE_PROXY_UNVALIDATED|LOW_CURRENT_SAMPLE,HISTORICAL TEST ONLY,PASS
historical_test,2025,1,NYG,CAR,00-0035710,D.Jones,QB,5.897633597437626,4.227609777473351,24.932893460482642,15-25,1.058376776203558,26.388395402132396,26.388395402132396,True,69,3,5,60,Medium,ROUTE_PROXY_UNVALIDATED|LOW_CURRENT_SAMPLE|LOW_PLAYER_SAMPLE,HISTORICAL TEST ONLY,PASS
historical_test,2025,1,BUF,KC,00-0030513,L.Murray,RB,6.917082261304762,4.146214638871112,28.679707730097498,25-40,0.9165747317233124,26.287095418617124,26.287095418617124,True,70,3,65,75,Medium,ROUTE_PROXY_UNVALIDATED|LOW_CURRENT_SAMPLE,HISTORICAL TEST ONLY,PASS
historical_test,2025,1,BUF,KC,00-0034857,J.Allen,QB,6.046811229016574,4.733220874446216,28.620893133017024,25-40,0.9165747317233124,26.233187445076673,26.233187445076673,True,71,4,6,60,Medium,ROUTE_PROXY_UNVALIDATED|LOW_CURRENT_SAMPLE|LOW_PLAYER_SAMPLE,HISTORICAL TEST ONLY,PASS
historical_test,2025,1,NE,NYJ,00-0037286,K.Harris,RB,6.755317555422408,4.212472550263517,28.456589770530144,25-40,0.9165747317233124,26.082591134684023,26.082591134684023,True,72,3,66,60,Medium,ROUTE_PROXY_UNVALIDATED|LOW_CURRENT_SAMPLE|LOW_PLAYER_SAMPLE|LOW_RUSH_SAMPLE,HISTORICAL TEST ONLY,PASS
historical_test,2025,1,GB,PHI,00-0038797,Em.Wilson,RB,6.182883629585248,4.6001312009863256,28.44207589652268,25-40,0.9165747317233124,26.069288084509367,26.069288084509367,True,73,3,67,75,Medium,ROUTE_PROXY_UNVALIDATED|LOW_CURRENT_SAMPLE,HISTORICAL TEST ONLY,PASS
historical_test,2025,1,LV,MIA,00-0038040,Z.White,RB,7.992843947045564,3.555885858762028,28.421640762590997,25-40,0.9165747317233124,26.0505577571082,26.0505577571082,True,74,4,68,75,Medium,ROUTE_PROXY_UNVALIDATED|LOW_CURRENT_SAMPLE,HISTORICAL TEST ONLY,PASS
historical_test,2025,1,BUF,NYG,00-0035657,D.Harris,RB,6.713650888755742,4.218586680698301,28.322118218163283,25-40,0.9165747317233124,25.959337907648948,25.959337907648948,True,75,5,69,60,Medium,ROUTE_PROXY_UNVALIDATED|LOW_CURRENT_SAMPLE|LOW_PLAYER_SAMPLE,HISTORICAL TEST ONLY,PASS
historical_test,2025,1,TEN,JAX,00-0039032,T.Spears,RB,7.004646081692528,4.016978649750304,28.13751375921601,25-40,0.9165747317233124,25.790134125214426,25.790134125214426,True,76,2,70,75,Medium,ROUTE_PROXY_UNVALIDATED|LOW_CURRENT_SAMPLE,HISTORICAL TEST ONLY,PASS
historical_test,2025,1,CHI,GB,00-0039918,C.Williams,QB,4.449288009202332,5.469127009588992,24.33372122456891,15-25,1.058376776203558,25.75424542269534,25.75424542269534,True,77,2,7,60,Medium,ROUTE_PROXY_UNVALIDATED|LOW_CURRENT_SAMPLE|LOW_PLAYER_SAMPLE,HISTORICAL TEST ONLY,PASS
historical_test,2025,1,LAC,TEN,00-0038862,E.Dotson,RB,6.755317555422408,3.5718475502635174,24.12896446158766,15-25,1.058376776203558,25.53753561998537,25.53753561998537,True,78,3,71,60,Medium,ROUTE_PROXY_UNVALIDATED|LOW_CURRENT_SAMPLE|LOW_PLAYER_SAMPLE|LOW_RUSH_SAMPLE,HISTORICAL TEST ONLY,PASS
historical_test,2025,1,ARI,BAL,00-0030874,D.Williams,RB,6.671984222089076,4.174120277536245,27.849664632823902,25-40,0.9165747317233124,25.52629888941479,25.52629888941479,True,79,5,72,60,Medium,ROUTE_PROXY_UNVALIDATED|LOW_CURRENT_SAMPLE|LOW_PLAYER_SAMPLE|LOW_RUSH_SAMPLE,HISTORICAL TEST ONLY,PASS
historical_test,2025,1,IND,JAX,00-0036860,J.Funk,RB,6.255317555422408,4.446847550263517,27.81644354745051,25-40,0.9165747317233124,25.495849282001117,25.495849282001117,True,80,3,73,60,Medium,ROUTE_PROXY_UNVALIDATED|LOW_CURRENT_SAMPLE|LOW_PLAYER_SAMPLE|LOW_RUSH_SAMPLE,HISTORICAL TEST ONLY,PASS
historical_test,2025,1,KC,SF,00-0031376,J.McKinnon,RB,6.159163709268563,3.911133264549232,24.089310065124714,15-25,1.058376776203558,25.49556632769462,25.49556632769462,True,81,4,74,75,Medium,ROUTE_PROXY_UNVALIDATED|LOW_CURRENT_SAMPLE,HISTORICAL TEST ONLY,PASS
historical_test,2025,1,CIN,HOU,00-0036857,C.Evans,RB,5.921984222089076,4.696847550263517,27.81465708621828,25-40,0.9165747317233124,25.49421185677645,25.49421185677645,True,82,3,75,60,Medium,ROUTE_PROXY_UNVALIDATED|LOW_CURRENT_SAMPLE|LOW_PLAYER_SAMPLE|LOW_RUSH_SAMPLE,HISTORICAL TEST ONLY,PASS
historical_test,2025,1,SF,ARI,00-0039363,I.Guerendo,RB,5.855939185140803,4.741862190122975,27.768056609678723,25-40,0.9165747317233124,25.451499037494028,25.451499037494028,True,83,4,76,75,Medium,ROUTE_PROXY_UNVALIDATED|LOW_CURRENT_SAMPLE,HISTORICAL TEST ONLY,PASS
historical_test,2025,1,TB,DET,00-0034681,C.Edmonds,RB,6.755317555422408,4.059347550263517,27.422181769856085,25-40,0.9165747317233124,25.13447889897375,25.13447889897375,True,84,3,77,75,Medium,ROUTE_PROXY_UNVALIDATED|LOW_CURRENT_SAMPLE,HISTORICAL TEST ONLY,PASS
historical_test,2025,1,NO,TB,00-0036360,C.Edwards-Helaire,RB,6.287486804188422,3.7636297842309943,23.663772604202894,15-25,1.058376776203558,25.045187361650335,25.045187361650335,True,85,2,78,75,Medium,ROUTE_PROXY_UNVALIDATED|LOW_CURRENT_SAMPLE,HISTORICAL TEST ONLY,PASS
historical_test,2025,1,CAR,ATL,00-0035243,M.Sanders,RB,6.122142888844508,3.848260411466848,23.559600112483604,15-25,1.058376776203558,24.934933615695382,24.934933615695382,True,86,2,79,75,Medium,ROUTE_PROXY_UNVALIDATED|LOW_CURRENT_SAMPLE,HISTORICAL TEST ONLY,PASS
historical_test,2025,1,LA,SF,00-0039136,Z.Evans,RB,6.317817555422408,3.724625328041295,23.53150328487024,15-25,1.058376776203558,24.905196585864402,24.905196585864402,True,87,4,80,60,Medium,ROUTE_PROXY_UNVALIDATED|LOW_CURRENT_SAMPLE|LOW_PLAYER_SAMPLE|LOW_RUSH_SAMPLE,HISTORICAL TEST ONLY,PASS
historical_test,2025,1,DET,TB,00-0035184,D.Ozigbo,RB,6.505317555422408,3.613514216930184,23.507057472164384,15-25,1.058376776203558,24.8793237054211,24.8793237054211,True,88,3,81,60,Medium,ROUTE_PROXY_UNVALIDATED|LOW_CURRENT_SAMPLE|LOW_PLAYER_SAMPLE|LOW_RUSH_SAMPLE,HISTORICAL TEST ONLY,PASS
historical_test,2025,1,WAS,DAL,00-0038611,C.Rodriguez,RB,5.762189185140803,4.689935279823971,27.024294348411996,25-40,0.9165747317233124,24.769785342407552,24.769785342407552,True,89,5,82,60,Medium,ROUTE_PROXY_UNVALIDATED|LOW_CURRENT_SAMPLE|LOW_PLAYER_SAMPLE,HISTORICAL TEST ONLY,PASS
historical_test,2025,1,ARI,SF,00-0035228,K.Murray,QB,4.38987624449645,6.150517416389236,27.000010297568785,25-40,0.9165747317233124,24.74752719502078,24.74752719502078,True,90,6,8,60,Medium,ROUTE_PROXY_UNVALIDATED|LOW_CURRENT_SAMPLE|LOW_PLAYER_SAMPLE,HISTORICAL TEST ONLY,PASS
historical_test,2025,1,DEN,BUF,00-0037085,T.Badie,RB,4.355939185140803,6.191862190122975,26.97137514294842,25-40,0.9165747317233124,24.721280935856765,24.721280935856765,True,91,3,83,60,Medium,ROUTE_PROXY_UNVALIDATED|LOW_CURRENT_SAMPLE|LOW_PLAYER_SAMPLE|LOW_RUSH_SAMPLE,HISTORICAL TEST ONLY,PASS
historical_test,2025,1,DEN,BUF,00-0039732,B.Nix,QB,4.875758597437627,4.747657102181584,23.14842993364767,15-25,1.058376776203558,24.499760647347966,24.499760647347966,True,92,4,9,60,Medium,ROUTE_PROXY_UNVALIDATED|LOW_CURRENT_SAMPLE|LOW_PLAYER_SAMPLE,HISTORICAL TEST ONLY,PASS
historical_test,2025,1,NYJ,NE,00-0038389,I.Abanikanda,RB,6.671984222089076,3.9923020957180633,26.636576592444072,25-40,0.9165747317233124,24.41441304424689,24.41441304424689,True,93,2,84,75,Medium,ROUTE_PROXY_UNVALIDATED|LOW_CURRENT_SAMPLE,HISTORICAL TEST ONLY,PASS
historical_test,2025,1,NYJ,MIA,00-0039794,B.Allen,RB,5.977262714552568,3.851644798818626,23.0222928456789,15-25,1.058376776203558,24.366260082823874,24.366260082823874,True,94,3,85,75,Medium,ROUTE_PROXY_UNVALIDATED|LOW_CURRENT_SAMPLE,HISTORICAL TEST ONLY,PASS
historical_test,2025,1,NO,LV,00-0038551,K.Miller,RB,6.706900723602342,3.959810908071693,26.55805864467448,25-40,0.9165747317233124,24.34244547733451,24.34244547733451,True,95,3,86,75,Medium,ROUTE_PROXY_UNVALIDATED|LOW_CURRENT_SAMPLE,HISTORICAL TEST ONLY,PASS
historical_test,2025,1,NE,BUF,00-0039851,D.Maye,QB,3.991143212822242,6.612645528107511,26.392015318305646,25-40,0.9165747317233124,24.190254360013547,24.190254360013547,True,96,4,10,60,Medium,ROUTE_PROXY_UNVALIDATED|LOW_CURRENT_SAMPLE|LOW_PLAYER_SAMPLE,HISTORICAL TEST ONLY,PASS
historical_test,2025,1,PIT,BAL,00-0036945,J.Fields,QB,5.631440415619445,4.681074440891262,26.36119179495825,25-40,0.9165747317233124,24.16200229737064,24.16200229737064,True,97,3,11,60,Medium,ROUTE_PROXY_UNVALIDATED|LOW_CURRENT_SAMPLE|LOW_PLAYER_SAMPLE,HISTORICAL TEST ONLY,PASS
historical_test,2025,1,PHI,NYG,00-0034750,R.Penny,RB,6.671984222089076,3.946847550263517,26.333304582349108,25-40,0.9165747317233124,24.136441582954905,24.136441582954905,True,98,3,87,60,Medium,ROUTE_PROXY_UNVALIDATED|LOW_CURRENT_SAMPLE|LOW_PLAYER_SAMPLE|LOW_RUSH_SAMPLE,HISTORICAL TEST ONLY,PASS
historical_test,2025,1,ARI,NE,00-0039921,T.Benson,RB,5.855939185140803,4.494243142503927,26.318014525739088,25-40,0.9165747317233124,24.122427103419543,24.122427103419543,True,99,7,88,60,Medium,ROUTE_PROXY_UNVALIDATED|LOW_CURRENT_SAMPLE|LOW_PLAYER_SAMPLE,HISTORICAL TEST ONLY,PASS
historical_test,2025,1,DAL,PHI,00-0033045,E.Elliott,RB,6.40073085180747,3.554569083062426,22.75183999483866,15-25,1.058376776203558,24.08001906643652,24.08001906643652,True,100,2,89,75,Medium,ROUTE_PROXY_UNVALIDATED|LOW_CURRENT_SAMPLE,HISTORICAL TEST ONLY,PASS
historical_test,2025,1,DET,CAR,00-0037157,Z.Knight,RB,6.130317555422408,4.28018088359685,26.23886801109716,25-40,0.9165747317233124,24.049883407994784,24.049883407994784,True,101,4,90,60,Medium,ROUTE_PROXY_UNVALIDATED|LOW_CURRENT_SAMPLE|LOW_PLAYER_SAMPLE|LOW_RUSH_SAMPLE,HISTORICAL TEST ONLY,PASS
historical_test,2025,1,PHI,TB,00-0034414,B.Scott,RB,6.139932940037793,4.271847550263518,26.228857488682724,25-40,0.9165747317233124,24.04070801609836,24.04070801609836,True,102,4,91,60,Medium,ROUTE_PROXY_UNVALIDATED|LOW_CURRENT_SAMPLE|LOW_PLAYER_SAMPLE,HISTORICAL TEST ONLY,PASS
historical_test,2025,1,BUF,KC,00-0039875,R.Davis,RB,6.418439185140803,4.081028856789642,26.193835530109013,25-40,0.9165747317233124,24.008607773814237,24.008607773814237,True,103,6,92,75,Medium,ROUTE_PROXY_UNVALIDATED|LOW_CURRENT_SAMPLE,HISTORICAL TEST ONLY,PASS
historical_test,2025,1,CLE,BAL,00-0039617,J.Kibodi,RB,5.668439185140803,4.611862190122975,26.142060354962354,25-40,0.9165747317233124,23.96115195654426,23.96115195654426,True,104,4,93,60,Medium,ROUTE_PROXY_UNVALIDATED|LOW_CURRENT_SAMPLE|LOW_PLAYER_SAMPLE|LOW_RUSH_SAMPLE,HISTORICAL TEST ONLY,PASS
historical_test,2025,1,NYG,LV,00-0036493,D.Jackson,RB,7.505317555422408,3.482561835977803,26.1377324854083,25-40,0.9165747317233124,23.95718514066882,23.95718514066882,True,105,4,94,60,Medium,ROUTE_PROXY_UNVALIDATED|LOW_CURRENT_SAMPLE|LOW_PLAYER_SAMPLE|LOW_RUSH_SAMPLE,HISTORICAL TEST ONLY,PASS
historical_test,2025,1,MIA,NYJ,00-0039874,J.Wright,RB,5.841516108217727,3.872009248946505,22.61840439888903,15-25,1.058376776203558,23.93879393056455,23.93879393056455,True,106,3,95,60,Medium,ROUTE_PROXY_UNVALIDATED|LOW_CURRENT_SAMPLE|LOW_PLAYER_SAMPLE,HISTORICAL TEST ONLY,PASS
historical_test,2025,1,DEN,KC,00-0039373,A.Estime,RB,6.303054569756187,4.143177979596659,26.11467689760992,25-40,0.9165747317233124,23.9360529714678,23.9360529714678,True,107,5,96,60,Medium,ROUTE_PROXY_UNVALIDATED|LOW_CURRENT_SAMPLE|LOW_PLAYER_SAMPLE,HISTORICAL TEST ONLY,PASS
historical_test,2025,1,LAC,DEN,00-0038045,I.Spiller,RB,6.783095333200187,3.845496198912167,26.084367320680176,25-40,0.9165747317233124,23.90827197912477,23.90827197912477,True,108,4,97,60,Medium,ROUTE_PROXY_UNVALIDATED|LOW_CURRENT_SAMPLE|LOW_PLAYER_SAMPLE,HISTORICAL TEST ONLY,PASS
historical_test,2025,1,NYG,PHI,00-0033308,M.Breida,RB,6.671984222089076,3.883211186627154,25.90872376821617,25-40,0.9165747317233124,23.747281537146144,23.747281537146144,True,109,5,98,75,Medium,ROUTE_PROXY_UNVALIDATED|LOW_CURRENT_SAMPLE,HISTORICAL TEST ONLY,PASS
historical_test,2025,1,GB,KC,00-0035831,J.Robinson,RB,6.005317555422408,3.696847550263517,22.200743493317823,15-25,1.058376776203558,23.496751327779837,23.496751327779837,True,110,4,99,60,Medium,ROUTE_PROXY_UNVALIDATED|LOW_CURRENT_SAMPLE|LOW_PLAYER_SAMPLE|LOW_RUSH_SAMPLE,HISTORICAL TEST ONLY,PASS
historical_test,2025,1,BAL,BUF,00-0034975,J.Hill,RB,4.789447588502148,4.630919859880996,22.179547955453742,15-25,1.058376776203558,23.474318462745348,23.474318462745348,True,111,4,100,75,Medium,ROUTE_PROXY_UNVALIDATED|LOW_CURRENT_SAMPLE,HISTORICAL TEST ONLY,PASS
historical_test,2025,1,MIA,LV,00-0036020,S.Ahmed,RB,6.541031841136695,3.890029368445336,25.44480596195781,25-40,0.9165747317233124,23.32206619833322,23.32206619833322,True,112,4,101,75,Medium,ROUTE_PROXY_UNVALIDATED|LOW_CURRENT_SAMPLE,HISTORICAL TEST ONLY,PASS
historical_test,2025,1,LV,NO,00-0032104,A.Abdullah,RB,4.7716649915924165,4.611278576206027,22.003476548562425,15-25,1.058376776203558,23.28796857473809,23.28796857473809,True,113,5,102,75,Medium,ROUTE_PROXY_UNVALIDATED|LOW_CURRENT_SAMPLE,HISTORICAL TEST ONLY,PASS
historical_test,2025,1,TB,NO,00-0038951,S.Tucker,RB,4.201527420434921,5.228939113199898,21.96953106389403,15-25,1.058376776203558,23.25204146210809,23.25204146210809,True,114,4,103,75,Medium,ROUTE_PROXY_UNVALIDATED|LOW_CURRENT_SAMPLE,HISTORICAL TEST ONLY,PASS
historical_test,2025,1,SF,ARI,00-0035973,P.Taylor,RB,5.629153470855089,4.483650131910917,25.239154702146212,25-40,0.9165747317233124,23.133571450042844,23.133571450042844,True,115,5,104,75,Medium,ROUTE_PROXY_UNVALIDATED|LOW_CURRENT_SAMPLE,HISTORICAL TEST ONLY,PASS
historical_test,2025,1,CIN,PIT,00-0036906,K.Herbert,RB,5.380889778026178,4.03898520599599,21.733334208542782,15-25,1.058376776203558,23.00205619579202,23.00205619579202,True,116,4,105,75,Medium,ROUTE_PROXY_UNVALIDATED|LOW_CURRENT_SAMPLE,HISTORICAL TEST ONLY,PASS
historical_test,2025,1,NE,BUF,00-0039398,J.Milton,QB,8.375758597437626,2.585052935514918,21.65177934947045,15-25,1.058376776203558,22.915740426963303,22.915740426963303,True,117,5,12,60,Medium,ROUTE_PROXY_UNVALIDATED|LOW_CURRENT_SAMPLE|LOW_PLAYER_SAMPLE|LOW_RUSH_SAMPLE,HISTORICAL TEST ONLY,PASS
historical_test,2025,1,NYJ,CLE,00-0034433,N.Bawden,RB,5.838650888755742,3.696847550263517,21.584602234940572,15-25,1.058376776203558,22.84464172905252,22.84464172905252,True,118,4,106,60,Medium,ROUTE_PROXY_UNVALIDATED|LOW_CURRENT_SAMPLE|LOW_PLAYER_SAMPLE|LOW_RUSH_SAMPLE,HISTORICAL TEST ONLY,PASS
historical_test,2025,1,MIA,NYJ,00-0035993,T.Huntley,QB,4.500758597437627,4.780512597803849,21.515933174724555,15-25,1.058376776203558,22.771963990476163,22.771963990476163,True,119,5,13,60,Medium,ROUTE_PROXY_UNVALIDATED|LOW_CURRENT_SAMPLE|LOW_PLAYER_SAMPLE,HISTORICAL TEST ONLY,PASS
historical_test,2025,1,NE,BUF,00-0039757,T.Jennings,RB,6.793439185140803,3.141862190122975,21.34404971669372,15-25,1.058376776203558,22.590046530282766,22.590046530282766,True,120,6,107,60,Medium,ROUTE_PROXY_UNVALIDATED|LOW_CURRENT_SAMPLE|LOW_PLAYER_SAMPLE|LOW_RUSH_SAMPLE,HISTORICAL TEST ONLY,PASS
historical_test,2025,1,LAC,NE,00-0039391,K.Vidal,RB,5.501772518474136,3.834885445936928,21.098667357952223,15-25,1.058376776203558,22.330339540500717,22.330339540500717,True,121,5,108,60,Medium,ROUTE_PROXY_UNVALIDATED|LOW_CURRENT_SAMPLE|LOW_PLAYER_SAMPLE,HISTORICAL TEST ONLY,PASS
historical_test,2025,1,ATL,DEN,00-0039393,J.McClellan,RB,6.793439185140803,3.091862190122975,21.004377757436682,15-25,1.058376776203558,22.230545617077556,22.230545617077556,True,122,3,109,60,Medium,ROUTE_PROXY_UNVALIDATED|LOW_CURRENT_SAMPLE|LOW_PLAYER_SAMPLE|LOW_RUSH_SAMPLE,HISTORICAL TEST ONLY,PASS
historical_test,2025,1,GB,PHI,00-0038685,C.Brooks,RB,4.277814185140803,4.838831887092671,20.69962368611667,15-25,1.058376776203558,21.908000985538973,21.908000985538973,True,123,5,110,75,Medium,ROUTE_PROXY_UNVALIDATED|LOW_CURRENT_SAMPLE,HISTORICAL TEST ONLY,PASS
historical_test,2025,1,IND,JAX,00-0038397,E.Hull,RB,6.005317555422408,3.4468475502635174,20.699414104462225,15-25,1.058376776203558,21.90777916918319,21.90777916918319,True,124,4,111,60,Medium,ROUTE_PROXY_UNVALIDATED|LOW_CURRENT_SAMPLE|LOW_PLAYER_SAMPLE|LOW_RUSH_SAMPLE,HISTORICAL TEST ONLY,PASS
historical_test,2025,1,PHI,KC,00-0036919,K.Gainwell,RB,5.171572017221004,3.993850826486611,20.654487175213134,15-25,1.058376776203558,21.86022955063981,21.86022955063981,True,125,5,112,75,Medium,ROUTE_PROXY_UNVALIDATED|LOW_CURRENT_SAMPLE,HISTORICAL TEST ONLY,PASS
historical_test,2025,1,SEA,LA,00-0038636,K.McIntosh,RB,4.032075548777167,5.098313803026201,20.556786425175073,15-25,1.058376776203558,21.75682534578186,21.75682534578186,True,126,3,113,60,Medium,ROUTE_PROXY_UNVALIDATED|LOW_CURRENT_SAMPLE|LOW_PLAYER_SAMPLE,HISTORICAL TEST ONLY,PASS
historical_test,2025,1,BUF,KC,00-0035537,Ty.Johnson,RB,4.298277894818222,4.696014680070392,20.18477609308843,15-25,1.058376776203558,21.363098249793584,21.363098249793584,True,127,7,114,75,Medium,ROUTE_PROXY_UNVALIDATED|LOW_CURRENT_SAMPLE,HISTORICAL TEST ONLY,PASS
historical_test,2025,1,NYG,PHI,00-0037410,J.Corbin,RB,5.838650888755742,3.4468475502635174,20.124939512751638,15-25,1.058376776203558,21.299768602797684,21.299768602797684,True,128,6,115,60,Medium,ROUTE_PROXY_UNVALIDATED|LOW_CURRENT_SAMPLE|LOW_PLAYER_SAMPLE|LOW_RUSH_SAMPLE,HISTORICAL TEST ONLY,PASS
historical_test,2025,1,GB,IND,00-0039811,M.Lloyd,RB,6.418439185140803,3.1168621901229745,20.005390415769085,15-25,1.058376776203558,21.173240614935242,21.173240614935242,True,129,6,116,60,Medium,ROUTE_PROXY_UNVALIDATED|LOW_CURRENT_SAMPLE|LOW_PLAYER_SAMPLE|LOW_RUSH_SAMPLE,HISTORICAL TEST ONLY,PASS
historical_test,2025,1,CLE,CIN,00-0033537,D.Watson,QB,4.186198157877187,4.7266601794311605,19.786736136046176,15-25,1.058376776203558,20.941822003259,20.941822003259,True,130,5,14,60,Medium,ROUTE_PROXY_UNVALIDATED|LOW_CURRENT_SAMPLE|LOW_PLAYER_SAMPLE,HISTORICAL TEST ONLY,PASS
historical_test,2025,1,KC,PHI,00-0033873,P.Mahomes,QB,4.122047396358004,4.7807832725935695,19.706615241346224,15-25,1.058376776203558,20.85702390901992,20.85702390901992,True,131,5,15,60,Medium,ROUTE_PROXY_UNVALIDATED|LOW_CURRENT_SAMPLE|LOW_PLAYER_SAMPLE,HISTORICAL TEST ONLY,PASS
historical_test,2025,1,CLE,CIN,00-0032436,J.Driskel,QB,4.377275792312879,4.489399147531968,19.651338210521757,15-25,1.058376776203558,20.798519983337815,20.798519983337815,True,132,6,16,60,Medium,ROUTE_PROXY_UNVALIDATED|LOW_CURRENT_SAMPLE|LOW_PLAYER_SAMPLE|LOW_RUSH_SAMPLE,HISTORICAL TEST ONLY,PASS
historical_test,2025,1,GB,CHI,00-0038128,M.Willis,QB,3.3236752641042933,5.895052935514919,19.593241622356338,15-25,1.058376776203558,20.737031903646873,20.737031903646873,True,133,7,17,60,Medium,ROUTE_PROXY_UNVALIDATED|LOW_CURRENT_SAMPLE|LOW_PLAYER_SAMPLE,HISTORICAL TEST ONLY,PASS
historical_test,2025,1,DET,WAS,00-0035567,C.Reynolds,RB,4.434139668232591,4.377876330644407,19.412115100326904,15-25,1.058376776203558,20.5453317991764,20.5453317991764,True,134,5,117,75,Medium,ROUTE_PROXY_UNVALIDATED|LOW_CURRENT_SAMPLE,HISTORICAL TEST ONLY,PASS
historical_test,2025,1,LA,MIN,00-0037557,R.Rivers,RB,4.586506412031559,4.224695523456308,19.37659310721338,15-25,1.058376776203558,20.507736146620584,20.507736146620584,True,135,5,118,75,Medium,ROUTE_PROXY_UNVALIDATED|LOW_CURRENT_SAMPLE,HISTORICAL TEST ONLY,PASS
historical_test,2025,1,MIN,LA,00-0037276,T.Chandler,RB,5.059299400194567,3.809267253414114,19.27222353037883,15-25,1.058376776203558,20.3972738103567,20.3972738103567,True,136,3,119,75,Medium,ROUTE_PROXY_UNVALIDATED|LOW_CURRENT_SAMPLE,HISTORICAL TEST ONLY,PASS
historical_test,2025,1,HOU,NYJ,00-0036096,J.Taylor,RB,4.418439185140803,4.351862190122975,19.22843842917203,15-25,1.058376776203558,20.350932676095702,20.350932676095702,True,137,3,120,60,Medium,ROUTE_PROXY_UNVALIDATED|LOW_CURRENT_SAMPLE|LOW_PLAYER_SAMPLE|LOW_RUSH_SAMPLE,HISTORICAL TEST ONLY,PASS
historical_test,2025,1,NYJ,MIA,00-0039798,I.Davis,RB,3.649208415910033,5.261862190122974,19.201631787555556,15-25,1.058376776203558,20.322561149160812,20.322561149160812,True,138,5,121,75,Medium,ROUTE_PROXY_UNVALIDATED|LOW_CURRENT_SAMPLE,HISTORICAL TEST ONLY,PASS
historical_test,2025,1,GB,TB,00-0033118,K.Drake,RB,6.005317555422408,3.1968475502635174,19.198084715606623,15-25,1.058376776203558,20.31880701058654,20.31880701058654,True,139,8,122,60,Medium,ROUTE_PROXY_UNVALIDATED|LOW_CURRENT_SAMPLE|LOW_PLAYER_SAMPLE|LOW_RUSH_SAMPLE,HISTORICAL TEST ONLY,PASS
historical_test,2025,1,WAS,PHI,00-0033955,J.McNichols,RB,4.335105851807469,4.416862190122974,19.14756512702926,15-25,1.058376776203558,20.2653382512929,20.2653382512929,True,140,6,123,75,Medium,ROUTE_PROXY_UNVALIDATED|LOW_CURRENT_SAMPLE,HISTORICAL TEST ONLY,PASS
historical_test,2025,1,NO,TB,00-0039376,S.Rattler,QB,2.804330026009055,6.81727515773714,19.11788942040788,15-25,1.058376776203558,20.233930172587403,20.233930172587403,True,141,4,18,60,Medium,ROUTE_PROXY_UNVALIDATED|LOW_CURRENT_SAMPLE|LOW_PLAYER_SAMPLE|LOW_RUSH_SAMPLE,HISTORICAL TEST ONLY,PASS
historical_test,2025,1,BAL,BUF,00-0038454,K.Mitchell,RB,4.710105851807469,4.009604125606845,18.885659855452175,15-25,1.058376776203558,19.988143794290426,19.988143794290426,True,142,5,124,75,Medium,ROUTE_PROXY_UNVALIDATED|LOW_CURRENT_SAMPLE,HISTORICAL TEST ONLY,PASS
historical_test,2025,1,KC,DEN,00-0039325,C.Steele,RB,5.149208415910033,3.615969332980118,18.619379721053814,15-25,1.058376776203558,19.706319084078842,19.706319084078842,True,143,6,125,75,Medium,ROUTE_PROXY_UNVALIDATED|LOW_CURRENT_SAMPLE,HISTORICAL TEST ONLY,PASS
historical_test,2025,1,LAC,KC,00-0035282,E.Stick,QB,3.97727579231288,4.644161052293873,18.47110932889073,15-25,1.058376776203558,19.54939314441484,19.54939314441484,True,144,6,19,60,Medium,ROUTE_PROXY_UNVALIDATED|LOW_CURRENT_SAMPLE|LOW_PLAYER_SAMPLE,HISTORICAL TEST ONLY,PASS
historical_test,2025,1,CHI,GB,00-0039021,R.Johnson,RB,5.248109514811132,3.505565398679124,18.39759112360059,15-25,1.058376776203558,19.47158318330759,19.47158318330759,True,145,3,126,75,Medium,ROUTE_PROXY_UNVALIDATED|LOW_CURRENT_SAMPLE,HISTORICAL TEST ONLY,PASS
historical_test,2025,1,TB,WAS,00-0034855,B.Mayfield,QB,3.635518357197386,5.057503838892766,18.3866480478909,15-25,1.058376776203558,19.460001286116217,19.460001286116217,True,146,5,20,60,Medium,ROUTE_PROXY_UNVALIDATED|LOW_CURRENT_SAMPLE|LOW_PLAYER_SAMPLE,HISTORICAL TEST ONLY,PASS
historical_test,2025,1,LA,SEA,00-0039738,B.Corum,RB,4.818439185140803,3.811689776329872,18.366395379868436,15-25,1.058376776203558,19.43856633262508,19.43856633262508,True,147,6,127,60,Medium,ROUTE_PROXY_UNVALIDATED|LOW_CURRENT_SAMPLE|LOW_PLAYER_SAMPLE,HISTORICAL TEST ONLY,PASS
historical_test,2025,1,SF,DET,00-0037834,B.Purdy,QB,3.9507585974376265,4.639183314939415,18.32829336658608,15-25,1.058376776203558,19.398240046640435,19.398240046640435,True,148,6,21,60,Medium,ROUTE_PROXY_UNVALIDATED|LOW_CURRENT_SAMPLE|LOW_PLAYER_SAMPLE,HISTORICAL TEST ONLY,PASS
historical_test,2025,1,NO,TB,00-0033948,Ja.Williams,RB,5.0586508253524425,3.621515869776655,18.319984243672646,15-25,1.058376776203558,19.389445863918233,19.389445863918233,True,149,5,128,75,Medium,ROUTE_PROXY_UNVALIDATED|LOW_CURRENT_SAMPLE,HISTORICAL TEST ONLY,PASS
historical_test,2025,1,WAS,DET,00-0032268,M.Mariota,QB,3.8757585974376254,4.699695792657776,18.21488637373481,15-25,1.058376776203558,19.278212719147568,19.278212719147568,True,150,7,22,60,Medium,ROUTE_PROXY_UNVALIDATED|LOW_CURRENT_SAMPLE|LOW_PLAYER_SAMPLE,HISTORICAL TEST ONLY,PASS
historical_test,2025,1,SF,ARI,00-0033949,J.Dobbs,QB,4.55909193077096,3.905324253344376,17.804732290466468,15-25,1.058376776203558,18.844115162751294,18.844115162751294,True,151,7,23,60,Medium,ROUTE_PROXY_UNVALIDATED|LOW_CURRENT_SAMPLE|LOW_PLAYER_SAMPLE,HISTORICAL TEST ONLY,PASS
historical_test,2025,1,DAL,WAS,00-0038622,D.Vaughn,RB,4.527530094231712,3.826421013652386,17.32423629251179,15-25,1.058376776203558,18.33556935745731,18.33556935745731,True,152,3,129,75,Medium,ROUTE_PROXY_UNVALIDATED|LOW_CURRENT_SAMPLE,HISTORICAL TEST ONLY,PASS
historical_test,2025,1,KC,LAC,00-0027948,B.Gabbert,QB,3.502275792312879,4.9179705761033965,17.22408929599395,15-25,1.058376776203558,18.22957610213629,18.22957610213629,True,153,7,24,60,Medium,ROUTE_PROXY_UNVALIDATED|LOW_CURRENT_SAMPLE|LOW_PLAYER_SAMPLE|LOW_RUSH_SAMPLE,HISTORICAL TEST ONLY,PASS
historical_test,2025,1,NYG,BAL,00-0038476,T.DeVito,QB,3.8757585974376254,4.434825662787645,17.188313690686233,15-25,1.058376776203558,18.191712032323977,18.191712032323977,True,154,7,25,60,Medium,ROUTE_PROXY_UNVALIDATED|LOW_CURRENT_SAMPLE|LOW_PLAYER_SAMPLE,HISTORICAL TEST ONLY,PASS
historical_test,2025,1,CLE,BAL,00-0038583,D.Thompson-Robinson,QB,3.2988355205145496,5.204576745038728,17.169042635777753,15-25,1.058376776203558,18.171315995355897,18.171315995355897,True,155,7,26,60,Medium,ROUTE_PROXY_UNVALIDATED|LOW_CURRENT_SAMPLE|LOW_PLAYER_SAMPLE,HISTORICAL TEST ONLY,PASS
historical_test,2025,1,IND,JAX,00-0037120,T.Goodson,RB,3.6237963279979457,4.737695523456308,17.168443641073274,15-25,1.058376776203558,18.170682033271607,18.170682033271607,True,156,5,130,75,Medium,ROUTE_PROXY_UNVALIDATED|LOW_CURRENT_SAMPLE,HISTORICAL TEST ONLY,PASS
historical_test,2025,1,DAL,ATL,00-0033893,D.Cook,RB,5.139027420434921,3.2659585756651435,16.78385067434775,15-25,1.058376776203558,17.763637768998088,17.763637768998088,True,157,4,131,75,Medium,ROUTE_PROXY_UNVALIDATED|LOW_CURRENT_SAMPLE,HISTORICAL TEST ONLY,PASS
historical_test,2025,1,IND,JAX,00-0036984,T.Sermon,RB,4.774236286590078,3.5039501022108865,16.728685724376227,15-25,1.058376776203558,17.705252467087796,17.705252467087796,True,158,6,132,75,Medium,ROUTE_PROXY_UNVALIDATED|LOW_CURRENT_SAMPLE,HISTORICAL TEST ONLY,PASS
historical_test,2025,1,CAR,ATL,00-0039150,B.Young,QB,3.094806216485245,5.391819810160409,16.686637466652726,15-25,1.058376776203558,17.66074956763342,17.66074956763342,True,159,3,27,60,Medium,ROUTE_PROXY_UNVALIDATED|LOW_CURRENT_SAMPLE|LOW_PLAYER_SAMPLE,HISTORICAL TEST ONLY,PASS
historical_test,2025,1,LAC,HOU,00-0036355,J.Herbert,QB,3.768231715717196,4.422271764117146,16.66414471706686,15-25,1.058376776203558,17.63694376383878,17.63694376383878,True,160,7,28,60,Medium,ROUTE_PROXY_UNVALIDATED|LOW_CURRENT_SAMPLE|LOW_PLAYER_SAMPLE,HISTORICAL TEST ONLY,PASS
historical_test,2025,1,NYG,PHI,00-0035704,D.Lock,QB,2.684200155879185,6.098434578026995,16.36941904495907,15-25,1.058376776203558,17.32501295712891,17.32501295712891,True,161,8,29,60,Medium,ROUTE_PROXY_UNVALIDATED|LOW_CURRENT_SAMPLE|LOW_PLAYER_SAMPLE,HISTORICAL TEST ONLY,PASS
historical_test,2025,1,WAS,LA,00-0032975,J.Williams,RB,6.005317555422408,2.6968475502635174,16.19542593789542,15-25,1.058376776203558,17.140862693393238,17.140862693393238,True,162,8,133,60,Medium,ROUTE_PROXY_UNVALIDATED|LOW_CURRENT_SAMPLE|LOW_PLAYER_SAMPLE|LOW_RUSH_SAMPLE,HISTORICAL TEST ONLY,PASS
historical_test,2025,1,JAX,IND,00-0035628,D.Johnson,RB,3.9035582327598495,4.138951231218865,16.156637153615915,15-25,1.058376776203558,17.099809544934644,17.099809544934644,True,163,3,134,75,Medium,ROUTE_PROXY_UNVALIDATED|LOW_CURRENT_SAMPLE,HISTORICAL TEST ONLY,PASS
historical_test,2025,1,DET,SF,00-0036670,J.Jefferson,RB,4.168439185140803,3.875195523456308,16.1535168700575,15-25,1.058376776203558,17.096507109281248,17.096507109281248,True,164,6,135,60,Medium,ROUTE_PROXY_UNVALIDATED|LOW_CURRENT_SAMPLE|LOW_PLAYER_SAMPLE|LOW_RUSH_SAMPLE,HISTORICAL TEST ONLY,PASS
historical_test,2025,1,NYJ,MIA,00-0037013,Z.Wilson,QB,3.377275792312879,4.7761054967383165,16.130225475666794,15-25,1.058376776203558,17.071856038372726,17.071856038372726,True,165,6,30,60,Medium,ROUTE_PROXY_UNVALIDATED|LOW_CURRENT_SAMPLE|LOW_PLAYER_SAMPLE,HISTORICAL TEST ONLY,PASS
historical_test,2025,1,PIT,BAL,00-0030578,C.Patterson,RB,3.849757866459484,4.142776824269316,15.94868766821684,15-25,1.058376776203558,16.87972063896478,16.87972063896478,True,166,4,136,75,Medium,ROUTE_PROXY_UNVALIDATED|LOW_CURRENT_SAMPLE,HISTORICAL TEST ONLY,PASS
historical_test,2025,1,PHI,KC,00-0039746,W.Shipley,RB,3.512189185140803,4.531568072475916,15.915724375879266,15-25,1.058376776203558,16.844833055887484,16.844833055887484,True,167,6,137,60,Medium,ROUTE_PROXY_UNVALIDATED|LOW_CURRENT_SAMPLE|LOW_PLAYER_SAMPLE,HISTORICAL TEST ONLY,PASS
historical_test,2025,1,CLE,MIA,00-0038098,P.Strong,RB,3.685680564451148,4.274187168515369,15.75328857582358,15-25,1.058376776203558,16.6729147774845,16.6729147774845,True,168,8,138,75,Medium,ROUTE_PROXY_UNVALIDATED|LOW_CURRENT_SAMPLE,HISTORICAL TEST ONLY,PASS
historical_test,2025,1,PIT,BAL,00-0029263,R.Wilson,QB,3.95909193077096,3.941084681546665,15.60311656119644,15-25,1.058376776203558,16.513976204767435,16.513976204767435,True,169,5,31,60,Medium,ROUTE_PROXY_UNVALIDATED|LOW_CURRENT_SAMPLE|LOW_PLAYER_SAMPLE,HISTORICAL TEST ONLY,PASS
historical_test,2025,1,MIA,NYJ,00-0034115,J.Wilson,RB,3.899531622115593,3.9914235936317466,15.564682520625254,15-25,1.058376776203558,16.473298508811226,16.473298508811226,True,170,6,139,75,Medium,ROUTE_PROXY_UNVALIDATED|LOW_CURRENT_SAMPLE,HISTORICAL TEST ONLY,PASS
historical_test,2025,1,HOU,KC,00-0039163,C.Stroud,QB,3.303024679308971,4.680508542991554,15.459835229217576,15-25,1.058376776203558,16.362330570537495,16.362330570537495,True,171,4,32,60,Medium,ROUTE_PROXY_UNVALIDATED|LOW_CURRENT_SAMPLE|LOW_PLAYER_SAMPLE,HISTORICAL TEST ONLY,PASS
historical_test,2025,1,DEN,LAC,00-0039573,B.Watson,RB,4.918439185140803,3.1168621901229745,15.330097130584623,15-25,1.058376776203558,16.22501877995557,16.22501877995557,True,172,6,140,60,Medium,ROUTE_PROXY_UNVALIDATED|LOW_CURRENT_SAMPLE|LOW_PLAYER_SAMPLE|LOW_RUSH_SAMPLE,HISTORICAL TEST ONLY,PASS
historical_test,2025,1,SEA,LA,00-0030565,G.Smith,QB,3.137707126849391,4.783994235305275,15.010772806923761,15-25,1.058376776203558,15.887053331716004,15.887053331716004,True,173,4,33,60,Medium,ROUTE_PROXY_UNVALIDATED|LOW_CURRENT_SAMPLE|LOW_PLAYER_SAMPLE,HISTORICAL TEST ONLY,PASS
historical_test,2025,1,LA,GB,00-0034955,B.Rypien,QB,3.002275792312879,4.894161052293873,14.69362125098242,0-15,1.0217215566182265,15.01278957691241,15.01278957691241,True,174,7,34,60,Medium,ROUTE_PROXY_UNVALIDATED|LOW_CURRENT_SAMPLE|LOW_PLAYER_SAMPLE|LOW_RUSH_SAMPLE,HISTORICAL TEST ONLY,PASS
historical_test,2025,1,TEN,HOU,00-0037594,J.Chestnut,RB,3.258182774884393,4.505498553759338,14.679737780125219,0-15,1.0217215566182265,14.998604535456927,14.998604535456927,True,175,3,141,60,Medium,ROUTE_PROXY_UNVALIDATED|LOW_CURRENT_SAMPLE|LOW_PLAYER_SAMPLE,HISTORICAL TEST ONLY,PASS
historical_test,2025,1,PHI,DAL,00-0037827,T.Davis-Price,RB,4.543439185140803,3.2029733012340857,14.552514405786743,0-15,1.0217215566182265,14.868617671389597,14.868617671389597,True,176,7,142,60,Medium,ROUTE_PROXY_UNVALIDATED|LOW_CURRENT_SAMPLE|LOW_PLAYER_SAMPLE|LOW_RUSH_SAMPLE,HISTORICAL TEST ONLY,PASS
historical_test,2025,1,CAR,ATL,00-0034208,M.Boone,RB,3.5398677565693744,4.088870737131521,14.474061683151922,0-15,1.0217215566182265,14.788460833498208,14.788460833498208,True,177,4,143,75,Medium,ROUTE_PROXY_UNVALIDATED|LOW_CURRENT_SAMPLE|LOW_RUSH_SAMPLE,HISTORICAL TEST ONLY,PASS
historical_test,2025,1,TEN,HOU,00-0039152,W.Levis,QB,3.58409193077096,4.028862459324442,14.439813430650778,0-15,1.0217215566182265,14.753468655641287,14.753468655641287,True,178,4,35,60,Medium,ROUTE_PROXY_UNVALIDATED|LOW_CURRENT_SAMPLE|LOW_PLAYER_SAMPLE,HISTORICAL TEST ONLY,PASS
historical_test,2025,1,JAX,HOU,00-0036971,T.Lawrence,QB,3.098835520514549,4.5685304996174825,14.157124588768735,0-15,1.0217215566182265,14.464639372074961,14.464639372074961,True,179,4,36,60,Medium,ROUTE_PROXY_UNVALIDATED|LOW_CURRENT_SAMPLE|LOW_PLAYER_SAMPLE,HISTORICAL TEST ONLY,PASS
historical_test,2025,1,ATL,NO,00-0034438,L.Woodside,QB,2.877275792312879,4.810827718960539,13.842078136752944,0-15,1.0217215566182265,14.142749620714339,14.142749620714339,True,180,4,37,60,Medium,ROUTE_PROXY_UNVALIDATED|LOW_CURRENT_SAMPLE|LOW_PLAYER_SAMPLE|LOW_RUSH_SAMPLE,HISTORICAL TEST ONLY,PASS
historical_test,2025,1,NO,TB,00-0038678,J.Mims,RB,3.668439185140803,3.766862190122975,13.818504863272427,0-15,1.0217215566182265,14.118664299039237,14.118664299039237,True,181,6,144,75,Medium,ROUTE_PROXY_UNVALIDATED|LOW_CURRENT_SAMPLE,HISTORICAL TEST ONLY,PASS
historical_test,2025,1,TEN,JAX,00-0029701,R.Tannehill,QB,3.099498014535101,4.3990630130781865,13.634887074850639,0-15,1.0217215566182265,13.931058046430131,13.931058046430131,True,182,5,38,60,Medium,ROUTE_PROXY_UNVALIDATED|LOW_CURRENT_SAMPLE|LOW_PLAYER_SAMPLE|LOW_RUSH_SAMPLE,HISTORICAL TEST ONLY,PASS
historical_test,2025,1,NYJ,NE,00-0032156,T.Siemian,QB,3.177275792312879,4.219918628051448,13.407845302438043,0-15,1.0217215566182265,13.699084573303372,13.699084573303372,True,183,7,39,60,Medium,ROUTE_PROXY_UNVALIDATED|LOW_CURRENT_SAMPLE|LOW_PLAYER_SAMPLE|LOW_RUSH_SAMPLE,HISTORICAL TEST ONLY,PASS
historical_test,2025,1,KC,PHI,00-0033526,S.Perine,RB,2.943439185140803,4.538515986776772,13.358845797866728,0-15,1.0217215566182265,13.649020723219246,13.649020723219246,True,184,8,145,75,Medium,ROUTE_PROXY_UNVALIDATED|LOW_CURRENT_SAMPLE,HISTORICAL TEST ONLY,PASS
historical_test,2025,1,JAX,CAR,00-0033936,C.Beathard,QB,2.9606091256462124,4.404577718960539,13.04023298937255,0-15,1.0217215566182265,13.32348714856607,13.32348714856607,True,185,5,40,60,Medium,ROUTE_PROXY_UNVALIDATED|LOW_CURRENT_SAMPLE|LOW_PLAYER_SAMPLE|LOW_RUSH_SAMPLE,HISTORICAL TEST ONLY,PASS
historical_test,2025,1,TEN,HOU,00-0034771,M.Rudolph,QB,3.149797058976088,4.119431313893297,12.975372637155107,0-15,1.0217215566182265,13.25721792853566,13.25721792853566,True,186,6,41,60,Medium,ROUTE_PROXY_UNVALIDATED|LOW_CURRENT_SAMPLE|LOW_PLAYER_SAMPLE,HISTORICAL TEST ONLY,PASS
historical_test,2025,1,CHI,SF,00-0036297,D.Evans,RB,4.668439185140803,2.77757647583726,12.966946859523963,0-15,1.0217215566182265,13.248609129898647,13.248609129898647,True,187,4,146,75,Medium,ROUTE_PROXY_UNVALIDATED|LOW_CURRENT_SAMPLE,HISTORICAL TEST ONLY,PASS
historical_test,2025,1,MIN,LA,00-0034869,S.Darnold,QB,3.66940939108842,3.514939647088709,12.897752550136325,0-15,1.0217215566182265,13.177911812401986,13.177911812401986,True,188,4,42,60,Medium,ROUTE_PROXY_UNVALIDATED|LOW_CURRENT_SAMPLE|LOW_PLAYER_SAMPLE,HISTORICAL TEST ONLY,PASS
historical_test,2025,1,HOU,KC,00-0033854,D.Ogunbowale,RB,3.169397039546933,4.066862190122975,12.889500985621112,0-15,1.0217215566182265,13.169481011060967,13.169481011060967,True,189,5,147,75,Medium,ROUTE_PROXY_UNVALIDATED|LOW_CURRENT_SAMPLE,HISTORICAL TEST ONLY,PASS
historical_test,2025,1,CAR,PHI,00-0039344,J.Brooks,RB,4.168439185140803,3.080751079011864,12.841923517417865,0-15,1.0217215566182265,13.120870086188392,13.120870086188392,True,190,5,148,60,Medium,ROUTE_PROXY_UNVALIDATED|LOW_CURRENT_SAMPLE|LOW_PLAYER_SAMPLE|LOW_RUSH_SAMPLE,HISTORICAL TEST ONLY,PASS
historical_test,2025,1,LAC,HOU,00-0037617,H.Haskins,RB,3.937669954371572,3.23757647583726,12.748507613884579,0-15,1.0217215566182265,13.025425043817464,13.025425043817464,True,191,8,149,60,Medium,ROUTE_PROXY_UNVALIDATED|LOW_CURRENT_SAMPLE|LOW_PLAYER_SAMPLE,HISTORICAL TEST ONLY,PASS
historical_test,2025,1,CLE,DEN,00-0033275,P.Walker,QB,3.2772757923128792,3.887750795883616,12.741231569894504,0-15,1.0217215566182265,13.017990952825903,13.017990952825903,True,192,9,43,60,Medium,ROUTE_PROXY_UNVALIDATED|LOW_CURRENT_SAMPLE|LOW_PLAYER_SAMPLE|LOW_RUSH_SAMPLE,HISTORICAL TEST ONLY,PASS
historical_test,2025,1,TEN,HOU,00-0036370,J.Kelley,RB,3.918439185140803,3.233991819752604,12.672200270943417,0-15,1.0217215566182265,12.94746018660622,12.94746018660622,True,193,7,150,75,Medium,ROUTE_PROXY_UNVALIDATED|LOW_CURRENT_SAMPLE,HISTORICAL TEST ONLY,PASS
historical_test,2025,1,CAR,ATL,00-0037429,R.Blackshear,RB,2.677189185140803,4.711402420008032,12.613315605691712,0-15,1.0217215566182265,12.887296454764304,12.887296454764304,True,194,6,151,60,Medium,ROUTE_PROXY_UNVALIDATED|LOW_CURRENT_SAMPLE|LOW_PLAYER_SAMPLE,HISTORICAL TEST ONLY,PASS
historical_test,2025,1,CAR,TB,00-0037745,V.Jones,RB,2.851772518474136,4.367619765880551,12.455458019482597,0-15,1.0217215566182265,12.726009956058732,12.726009956058732,True,195,7,152,60,Medium,ROUTE_PROXY_UNVALIDATED|LOW_CURRENT_SAMPLE|LOW_PLAYER_SAMPLE|LOW_RUSH_SAMPLE,HISTORICAL TEST ONLY,PASS
historical_test,2025,1,CIN,PIT,00-0036442,J.Burrow,QB,2.786978641010611,4.449064677197893,12.399448227825298,0-15,1.0217215566182265,12.668783544540773,12.668783544540773,True,196,5,44,60,Medium,ROUTE_PROXY_UNVALIDATED|LOW_CURRENT_SAMPLE|LOW_PLAYER_SAMPLE,HISTORICAL TEST ONLY,PASS
historical_test,2025,1,PIT,NYG,00-0035924,J.Ward,RB,2.8767725184741364,4.283112190122975,12.321539442087346,0-15,1.0217215566182265,12.589182458702357,12.589182458702357,True,197,6,153,60,Medium,ROUTE_PROXY_UNVALIDATED|LOW_CURRENT_SAMPLE|LOW_PLAYER_SAMPLE|LOW_RUSH_SAMPLE,HISTORICAL TEST ONLY,PASS
historical_test,2025,1,LAC,NE,00-0031800,T.Heinicke,QB,1.5979808196598486,7.662699994338447,12.244847617760469,0-15,1.0217215566182265,12.510824768571208,12.510824768571208,True,198,9,45,60,Medium,ROUTE_PROXY_UNVALIDATED|LOW_CURRENT_SAMPLE|LOW_PLAYER_SAMPLE|LOW_RUSH_SAMPLE,HISTORICAL TEST ONLY,PASS
historical_test,2025,1,MIN,GB,00-0038598,J.Hall,QB,3.127275792312879,3.8941610522938728,12.178115590206275,0-15,1.0217215566182265,12.442643217502248,12.442643217502248,True,199,5,46,60,Medium,ROUTE_PROXY_UNVALIDATED|LOW_CURRENT_SAMPLE|LOW_PLAYER_SAMPLE|LOW_RUSH_SAMPLE,HISTORICAL TEST ONLY,PASS
historical_test,2025,1,BAL,CLE,00-0039796,R.Ali,RB,3.418439185140803,3.506862190122975,11.987995127605075,0-15,1.0217215566182265,12.248393042508372,12.248393042508372,True,200,6,154,60,Medium,ROUTE_PROXY_UNVALIDATED|LOW_CURRENT_SAMPLE|LOW_PLAYER_SAMPLE|LOW_RUSH_SAMPLE,HISTORICAL TEST ONLY,PASS
historical_test,2025,1,NE,LAC,00-0035806,J.Hasty,RB,3.136387903089521,3.734362190122975,11.712408398856589,0-15,1.0217215566182265,11.966820141028144,11.966820141028144,True,201,7,155,75,Medium,ROUTE_PROXY_UNVALIDATED|LOW_CURRENT_SAMPLE,HISTORICAL TEST ONLY,PASS
historical_test,2025,1,DAL,WAS,00-0037012,T.Lance,QB,2.9382585974376263,3.967780208242191,11.658364309610473,0-15,1.0217215566182265,11.911602130037588,11.911602130037588,True,202,5,47,60,Medium,ROUTE_PROXY_UNVALIDATED|LOW_CURRENT_SAMPLE|LOW_PLAYER_SAMPLE|LOW_RUSH_SAMPLE,HISTORICAL TEST ONLY,PASS
historical_test,2025,1,PIT,LV,00-0037609,A.Shampklin,RB,3.418439185140803,3.3335288567896413,11.395465668847333,0-15,1.0217215566182265,11.642992921564256,11.642992921564256,True,203,7,156,60,Medium,ROUTE_PROXY_UNVALIDATED|LOW_CURRENT_SAMPLE|LOW_PLAYER_SAMPLE|LOW_RUSH_SAMPLE,HISTORICAL TEST ONLY,PASS
historical_test,2025,1,NYJ,BUF,00-0028118,T.Taylor,QB,2.479925264104293,4.5588740737263,11.305666991303909,0-15,1.0217215566182265,11.551243676962331,11.551243676962331,True,204,8,48,60,Medium,ROUTE_PROXY_UNVALIDATED|LOW_CURRENT_SAMPLE|LOW_PLAYER_SAMPLE,HISTORICAL TEST ONLY,PASS
historical_test,2025,1,KC,ATL,00-0037299,K.Ingram,RB,3.012189185140803,3.725418978834946,11.221666758164918,0-15,1.0217215566182265,11.465418828003267,11.465418828003267,True,205,9,157,60,Medium,ROUTE_PROXY_UNVALIDATED|LOW_CURRENT_SAMPLE|LOW_PLAYER_SAMPLE,HISTORICAL TEST ONLY,PASS
historical_test,2025,1,ARI,SF,00-0036425,D.Dallas,RB,2.343628579080197,4.788061020532331,11.221436646099466,0-15,1.0217215566182265,11.465183717545557,11.465183717545557,True,206,8,158,75,Medium,ROUTE_PROXY_UNVALIDATED|LOW_CURRENT_SAMPLE|LOW_RUSH_SAMPLE,HISTORICAL TEST ONLY,PASS
historical_test,2025,1,SF,CHI,00-0036450,K.Vaughn,RB,4.001772518474136,2.734169882430667,10.941525896350702,0-15,1.0217215566182265,11.179192870598076,11.179192870598076,True,207,8,159,60,Medium,ROUTE_PROXY_UNVALIDATED|LOW_CURRENT_SAMPLE|LOW_PLAYER_SAMPLE,HISTORICAL TEST ONLY,PASS
historical_test,2025,1,JAX,IND,00-0036972,M.Jones,QB,2.918615740294769,3.7297090201710033,10.885587452990471,0-15,1.0217215566182265,11.122039357173259,11.122039357173259,True,208,6,49,60,Medium,ROUTE_PROXY_UNVALIDATED|LOW_CURRENT_SAMPLE|LOW_PLAYER_SAMPLE,HISTORICAL TEST ONLY,PASS
historical_test,2025,1,NE,LAC,00-0033119,J.Brissett,QB,2.447187168866198,4.323386268848251,10.580135403177747,0-15,1.0217215566182265,10.809952413366375,10.809952413366375,True,209,8,50,60,Medium,ROUTE_PROXY_UNVALIDATED|LOW_CURRENT_SAMPLE|LOW_PLAYER_SAMPLE|LOW_RUSH_SAMPLE,HISTORICAL TEST ONLY,PASS
historical_test,2025,1,DAL,ATL,00-0033077,D.Prescott,QB,2.399797058976088,4.358618424080407,10.459799675307153,0-15,1.0217215566182265,10.687002806169644,10.687002806169644,True,210,6,51,60,Medium,ROUTE_PROXY_UNVALIDATED|LOW_CURRENT_SAMPLE|LOW_PLAYER_SAMPLE,HISTORICAL TEST ONLY,PASS
historical_test,2025,1,LV,LAC,00-0038122,D.Ridder,QB,2.5507585974376266,4.068440032289112,10.377608390520866,0-15,1.0217215566182265,10.603026198737346,10.603026198737346,True,211,6,52,60,Medium,ROUTE_PROXY_UNVALIDATED|LOW_CURRENT_SAMPLE|LOW_PLAYER_SAMPLE,HISTORICAL TEST ONLY,PASS
historical_test,2025,1,JAX,CAR,00-0030533,M.Barkley,QB,3.377275792312879,3.0608277189605397,10.337259359685678,0-15,1.0217215566182265,10.561800724144382,10.561800724144382,True,212,7,53,60,Medium,ROUTE_PROXY_UNVALIDATED|LOW_CURRENT_SAMPLE|LOW_PLAYER_SAMPLE|LOW_RUSH_SAMPLE,HISTORICAL TEST ONLY,PASS
historical_test,2025,1,HOU,CLE,00-0028986,C.Keenum,QB,2.877275792312879,3.4358277189605397,9.885823922322738,0-15,1.0217215566182265,10.100559406369289,10.100559406369289,True,213,6,54,60,Medium,ROUTE_PROXY_UNVALIDATED|LOW_CURRENT_SAMPLE|LOW_PLAYER_SAMPLE|LOW_RUSH_SAMPLE,HISTORICAL TEST ONLY,PASS
historical_test,2025,1,SEA,CHI,00-0039299,G.Holani,RB,2.668439185140803,3.6585288567896415,9.762561761425864,0-15,1.0217215566182265,9.974619799465609,9.974619799465609,True,214,5,160,60,Medium,ROUTE_PROXY_UNVALIDATED|LOW_CURRENT_SAMPLE|LOW_PLAYER_SAMPLE|LOW_RUSH_SAMPLE,HISTORICAL TEST ONLY,PASS
historical_test,2025,1,CHI,MIN,00-0035594,T.Homer,RB,2.393439185140803,3.9835288567896416,9.534334060979475,0-15,1.0217215566182265,9.741434638102126,9.741434638102126,True,215,5,161,60,Medium,ROUTE_PROXY_UNVALIDATED|LOW_CURRENT_SAMPLE|LOW_PLAYER_SAMPLE|LOW_RUSH_SAMPLE,HISTORICAL TEST ONLY,PASS
historical_test,2025,1,GB,MIN,00-0038391,S.Clifford,QB,3.002275792312879,3.1441610522938728,9.439638614434882,0-15,1.0217215566182265,9.644682259053926,9.644682259053926,True,216,9,55,60,Medium,ROUTE_PROXY_UNVALIDATED|LOW_CURRENT_SAMPLE|LOW_PLAYER_SAMPLE|LOW_RUSH_SAMPLE,HISTORICAL TEST ONLY,PASS
historical_test,2025,1,LV,CHI,00-0026625,B.Hoyer,QB,3.002275792312879,3.0608277189605397,9.189448965075476,0-15,1.0217215566182265,9.389058101060666,9.389058101060666,True,217,7,56,60,Medium,ROUTE_PROXY_UNVALIDATED|LOW_CURRENT_SAMPLE|LOW_PLAYER_SAMPLE|LOW_RUSH_SAMPLE,HISTORICAL TEST ONLY,PASS
historical_test,2025,1,NO,LV,00-0036727,A.Prentice,RB,1.9517725184741364,4.696847550263517,9.167177972066904,0-15,1.0217215566182265,9.366303347416514,9.366303347416514,True,218,7,162,60,Medium,ROUTE_PROXY_UNVALIDATED|LOW_CURRENT_SAMPLE|LOW_PLAYER_SAMPLE|LOW_RUSH_SAMPLE,HISTORICAL TEST ONLY,PASS
historical_test,2025,1,GB,PHI,00-0036264,J.Love,QB,2.3123657402947693,3.952951195220407,9.140668916884929,0-15,1.0217215566182265,9.339218474291508,9.339218474291508,True,219,10,57,60,Medium,ROUTE_PROXY_UNVALIDATED|LOW_CURRENT_SAMPLE|LOW_PLAYER_SAMPLE,HISTORICAL TEST ONLY,PASS
historical_test,2025,1,CIN,PIT,00-0035291,T.Williams,RB,2.0970106137122317,4.346847550263518,9.11538544909161,0-15,1.0217215566182265,9.31338581022101,9.31338581022101,True,220,6,163,60,Medium,ROUTE_PROXY_UNVALIDATED|LOW_CURRENT_SAMPLE|LOW_PLAYER_SAMPLE|LOW_RUSH_SAMPLE,HISTORICAL TEST ONLY,PASS
historical_test,2025,1,SF,DET,00-0035719,D.Samuel,WR,2.0872388394107437,4.350213297699016,9.079934154678478,0-15,1.0217215566182265,9.277164458509095,9.277164458509095,True,221,9,1,75,Medium,ROUTE_PROXY_UNVALIDATED|LOW_CURRENT_SAMPLE,HISTORICAL TEST ONLY,PASS
historical_test,2025,1,DAL,WAS,00-0038738,H.Luepke,RB,2.5345106137122317,3.550195523456308,8.998008234953666,0-15,1.0217215566182265,9.19345898028048,9.19345898028048,True,222,7,164,75,Medium,ROUTE_PROXY_UNVALIDATED|LOW_CURRENT_SAMPLE|LOW_RUSH_SAMPLE,HISTORICAL TEST ONLY,PASS
historical_test,2025,1,CLE,LV,00-0036569,G.Brightwell,RB,2.368439185140803,3.724625328041295,8.821548576900922,0-15,1.0217215566182265,9.013166343774511,9.013166343774511,True,223,10,165,60,Medium,ROUTE_PROXY_UNVALIDATED|LOW_CURRENT_SAMPLE|LOW_PLAYER_SAMPLE|LOW_RUSH_SAMPLE,HISTORICAL TEST ONLY,PASS
historical_test,2025,1,CHI,LV,00-0033958,N.Peterman,QB,3.127275792312879,2.8108277189605397,8.790233481867324,0-15,1.0217215566182265,8.981171036131135,8.981171036131135,True,224,6,58,60,Medium,ROUTE_PROXY_UNVALIDATED|LOW_CURRENT_SAMPLE|LOW_PLAYER_SAMPLE|LOW_RUSH_SAMPLE,HISTORICAL TEST ONLY,PASS
historical_test,2025,1,CLE,KC,00-0031503,J.Winston,QB,2.453298704389498,3.514719602181585,8.622657046324454,0-15,1.0217215566182265,8.80995457955574,8.80995457955574,True,225,11,59,60,Medium,ROUTE_PROXY_UNVALIDATED|LOW_CURRENT_SAMPLE|LOW_PLAYER_SAMPLE,HISTORICAL TEST ONLY,PASS
historical_test,2025,1,NYJ,MIA,00-0023459,A.Rodgers,QB,1.8283729765225936,4.706416571878554,8.605084876280854,0-15,1.0217215566182265,8.792000714625633,8.792000714625633,True,226,9,60,60,Medium,ROUTE_PROXY_UNVALIDATED|LOW_CURRENT_SAMPLE|LOW_PLAYER_SAMPLE,HISTORICAL TEST ONLY,PASS
historical_test,2025,1,NYG,PHI,00-0038396,E.Gray,RB,2.741355851807469,3.0146732500308087,8.264292155259398,0-15,1.0217215566182265,8.44380544521943,8.44380544521943,True,227,9,166,75,Medium,ROUTE_PROXY_UNVALIDATED|LOW_CURRENT_SAMPLE,HISTORICAL TEST ONLY,PASS
historical_test,2025,1,NO,NYG,00-0031280,D.Carr,QB,2.17946230114133,3.781967701421281,8.242656029381811,0-15,1.0217215566182265,8.421699349008595,8.421699349008595,True,228,8,61,60,Medium,ROUTE_PROXY_UNVALIDATED|LOW_CURRENT_SAMPLE|LOW_PLAYER_SAMPLE,HISTORICAL TEST ONLY,PASS
historical_test,2025,1,LV,DEN,00-0035289,G.Minshew,QB,2.335373982053011,3.5113885859617904,8.200405544533078,0-15,1.0217215566182265,8.378531117861073,8.378531117861073,True,229,8,62,60,Medium,ROUTE_PROXY_UNVALIDATED|LOW_CURRENT_SAMPLE|LOW_PLAYER_SAMPLE,HISTORICAL TEST ONLY,PASS
historical_test,2025,1,CAR,WAS,00-0027973,A.Dalton,QB,2.229925264104293,3.6028451433071256,8.03407540771601,0-15,1.0217215566182265,8.208588031559815,8.208588031559815,True,230,8,63,60,Medium,ROUTE_PROXY_UNVALIDATED|LOW_CURRENT_SAMPLE|LOW_PLAYER_SAMPLE|LOW_RUSH_SAMPLE,HISTORICAL TEST ONLY,PASS
historical_test,2025,1,LA,PHI,00-0039703,C.Schrader,RB,2.293439185140803,3.4418621901229747,7.893701616682574,0-15,1.0217215566182265,8.065165103276732,8.065165103276732,True,231,8,167,60,Medium,ROUTE_PROXY_UNVALIDATED|LOW_CURRENT_SAMPLE|LOW_PLAYER_SAMPLE|LOW_RUSH_SAMPLE,HISTORICAL TEST ONLY,PASS
historical_test,2025,1,NYJ,MIA,00-0036842,K.Nwangwu,RB,2.043439185140803,3.8468475502635178,7.860799023471377,0-15,1.0217215566182265,8.03154781452421,8.03154781452421,True,232,10,168,60,Medium,ROUTE_PROXY_UNVALIDATED|LOW_CURRENT_SAMPLE|LOW_PLAYER_SAMPLE|LOW_RUSH_SAMPLE,HISTORICAL TEST ONLY,PASS
historical_test,2025,1,LA,SEA,00-0031345,J.Garoppolo,QB,2.5632585974376263,3.045052935514918,7.805258116611296,0-15,1.0217215566182265,7.974800472711141,7.974800472711141,True,233,9,64,60,Medium,ROUTE_PROXY_UNVALIDATED|LOW_CURRENT_SAMPLE|LOW_PLAYER_SAMPLE,HISTORICAL TEST ONLY,PASS
historical_test,2025,1,KC,DEN,00-0037324,C.Oladokun,QB,1.6257585974376263,4.795052935514918,7.795598535081906,0-15,1.0217215566182265,7.964931070034651,7.964931070034651,True,234,10,65,60,Medium,ROUTE_PROXY_UNVALIDATED|LOW_CURRENT_SAMPLE|LOW_PLAYER_SAMPLE|LOW_RUSH_SAMPLE,HISTORICAL TEST ONLY,PASS
historical_test,2025,1,LV,LAC,00-0039244,C.Collier,RB,2.543439185140803,3.051862190122975,7.762225882008406,0-15,1.0217215566182265,7.930833510987915,7.930833510987915,True,235,9,169,60,Medium,ROUTE_PROXY_UNVALIDATED|LOW_CURRENT_SAMPLE|LOW_PLAYER_SAMPLE|LOW_RUSH_SAMPLE,HISTORICAL TEST ONLY,PASS
historical_test,2025,1,SEA,GB,00-0037077,S.Howell,QB,2.056314152993182,3.697093751841448,7.6023862068542325,0-15,1.0217215566182265,7.767521869280041,7.767521869280041,True,236,6,66,60,Medium,ROUTE_PROXY_UNVALIDATED|LOW_CURRENT_SAMPLE|LOW_PLAYER_SAMPLE,HISTORICAL TEST ONLY,PASS
historical_test,2025,1,KC,DEN,00-0032950,C.Wentz,QB,3.2924252641042933,2.2450529355149182,7.391669004140824,0-15,1.0217215566182265,7.5522275609174585,7.5522275609174585,True,237,11,67,60,Medium,ROUTE_PROXY_UNVALIDATED|LOW_CURRENT_SAMPLE|LOW_PLAYER_SAMPLE,HISTORICAL TEST ONLY,PASS
historical_test,2025,1,DET,SF,00-0039364,S.Vaki,RB,2.418439185140803,3.008528856789641,7.275944076886931,0-15,1.0217215566182265,7.43398890810408,7.43398890810408,True,238,7,170,60,Medium,ROUTE_PROXY_UNVALIDATED|LOW_CURRENT_SAMPLE|LOW_PLAYER_SAMPLE|LOW_RUSH_SAMPLE,HISTORICAL TEST ONLY,PASS
historical_test,2025,1,MIA,SF,00-0036212,T.Tagovailoa,QB,2.122623801199382,3.3707213847127795,7.154773438403084,0-15,1.0217215566182265,7.31018625473594,7.31018625473594,True,239,7,68,60,Medium,ROUTE_PROXY_UNVALIDATED|LOW_CURRENT_SAMPLE|LOW_PLAYER_SAMPLE,HISTORICAL TEST ONLY,PASS
historical_test,2025,1,CLE,BAL,00-0038108,B.Zappe,QB,2.3075767792558084,3.063473988146497,7.0692014389010405,0-15,1.0217215566182265,7.222755498201778,7.222755498201778,True,240,12,69,60,Medium,ROUTE_PROXY_UNVALIDATED|LOW_CURRENT_SAMPLE|LOW_PLAYER_SAMPLE|LOW_RUSH_SAMPLE,HISTORICAL TEST ONLY,PASS
historical_test,2025,1,HOU,KC,00-0034959,A.Beck,RB,2.0017725184741364,3.3468475502635178,6.699627449639996,0-15,1.0217215566182265,6.845153786608376,6.845153786608376,True,241,7,171,75,Medium,ROUTE_PROXY_UNVALIDATED|LOW_CURRENT_SAMPLE|LOW_RUSH_SAMPLE,HISTORICAL TEST ONLY,PASS
historical_test,2025,1,HOU,MIN,00-0039603,B.Brooks,RB,2.293439185140803,2.7918621901229748,6.402966146341052,0-15,1.0217215566182265,6.542048538013387,6.542048538013387,True,242,8,172,60,Medium,ROUTE_PROXY_UNVALIDATED|LOW_CURRENT_SAMPLE|LOW_PLAYER_SAMPLE|LOW_RUSH_SAMPLE,HISTORICAL TEST ONLY,PASS
historical_test,2025,1,DEN,KC,00-0035264,J.Stidham,QB,2.6882585974376263,2.295052935514918,6.169695785472441,0-15,1.0217215566182265,6.303711181793814,6.303711181793814,True,243,7,70,60,Medium,ROUTE_PROXY_UNVALIDATED|LOW_CURRENT_SAMPLE|LOW_PLAYER_SAMPLE|LOW_RUSH_SAMPLE,HISTORICAL TEST ONLY,PASS
historical_test,2025,1,IND,JAX,00-0026158,J.Flacco,QB,1.9224618941409235,3.188703729165712,6.130161411026141,0-15,1.0217215566182265,6.263318059194613,6.263318059194613,True,244,7,71,60,Medium,ROUTE_PROXY_UNVALIDATED|LOW_CURRENT_SAMPLE|LOW_PLAYER_SAMPLE,HISTORICAL TEST ONLY,PASS
historical_test,2025,1,DET,WAS,00-0033106,J.Goff,QB,2.3823375448060475,2.527520467982451,6.021406906140345,0-15,1.0217215566182265,6.152201237173452,6.152201237173452,True,245,8,72,60,Medium,ROUTE_PROXY_UNVALIDATED|LOW_CURRENT_SAMPLE|LOW_PLAYER_SAMPLE,HISTORICAL TEST ONLY,PASS
historical_test,2025,1,LV,LAC,00-0038579,A.O'Connell,QB,2.517425264104293,2.386218349048753,6.007126357564567,0-15,1.0217215566182265,6.137610492853247,6.137610492853247,True,246,10,73,60,Medium,ROUTE_PROXY_UNVALIDATED|LOW_CURRENT_SAMPLE|LOW_PLAYER_SAMPLE,HISTORICAL TEST ONLY,PASS
historical_test,2025,1,LA,PHI,00-0026498,M.Stafford,QB,2.224614806587953,2.5744647002208003,5.727192291149208,0-15,1.0217215566182265,5.851595822764876,5.851595822764876,True,247,10,74,60,Medium,ROUTE_PROXY_UNVALIDATED|LOW_CURRENT_SAMPLE|LOW_PLAYER_SAMPLE,HISTORICAL TEST ONLY,PASS
historical_test,2025,1,NO,WAS,00-0038998,J.Haener,QB,1.9070085974376263,2.8450529355149183,5.425540408192106,0-15,1.0217215566182265,5.543391591353126,5.543391591353126,True,248,9,75,60,Medium,ROUTE_PROXY_UNVALIDATED|LOW_CURRENT_SAMPLE|LOW_PLAYER_SAMPLE|LOW_RUSH_SAMPLE,HISTORICAL TEST ONLY,PASS
historical_test,2025,1,NYG,BAL,00-0034177,T.Boyle,QB,1.6674252641042933,3.2450529355149182,5.410883248033374,0-15,1.0217215566182265,5.528416054860145,5.528416054860145,True,249,10,76,60,Medium,ROUTE_PROXY_UNVALIDATED|LOW_CURRENT_SAMPLE|LOW_PLAYER_SAMPLE|LOW_RUSH_SAMPLE,HISTORICAL TEST ONLY,PASS
historical_test,2025,1,PHI,KC,00-0038102,K.Pickett,QB,2.6126007027007843,2.050410078372061,5.356902811579617,0-15,1.0217215566182265,5.47326307929968,5.47326307929968,True,250,8,77,60,Medium,ROUTE_PROXY_UNVALIDATED|LOW_CURRENT_SAMPLE|LOW_PLAYER_SAMPLE,HISTORICAL TEST ONLY,PASS
historical_test,2025,1,MIA,SEA,00-0037327,S.Thompson,QB,1.2507585974376263,4.145052935514919,5.184460595929355,0-15,1.0217215566182265,5.297075150298799,5.297075150298799,True,251,8,78,60,Medium,ROUTE_PROXY_UNVALIDATED|LOW_CURRENT_SAMPLE|LOW_PLAYER_SAMPLE|LOW_RUSH_SAMPLE,HISTORICAL TEST ONLY,PASS
historical_test,2025,1,HOU,TEN,00-0036898,D.Mills,QB,1.4507585974376265,3.511719602181585,5.094657404655176,0-15,1.0217215566182265,5.20532129392086,5.20532129392086,True,252,9,79,60,Medium,ROUTE_PROXY_UNVALIDATED|LOW_CURRENT_SAMPLE|LOW_PLAYER_SAMPLE|LOW_RUSH_SAMPLE,HISTORICAL TEST ONLY,PASS
historical_test,2025,1,ATL,CAR,00-0039917,M.Penix,QB,1.925758597437626,2.5664815069434894,4.9424238271610985,0-15,1.0217215566182265,5.04978096615405,5.04978096615405,True,253,5,80,60,Medium,ROUTE_PROXY_UNVALIDATED|LOW_CURRENT_SAMPLE|LOW_PLAYER_SAMPLE|LOW_RUSH_SAMPLE,HISTORICAL TEST ONLY,PASS
historical_test,2025,1,BUF,DEN,00-0033869,M.Trubisky,QB,2.6297268514058803,1.8661640466260292,4.907501702540724,0-15,1.0217215566182265,5.014100278626506,5.014100278626506,True,254,8,81,60,Medium,ROUTE_PROXY_UNVALIDATED|LOW_CURRENT_SAMPLE|LOW_PLAYER_SAMPLE,HISTORICAL TEST ONLY,PASS
historical_test,2025,1,CHI,MIN,00-0038416,T.Bagent,QB,2.431314152993182,1.9576966136758376,4.75977548409689,0-15,1.0217215566182265,4.863165216764747,4.863165216764747,True,255,7,82,60,Medium,ROUTE_PROXY_UNVALIDATED|LOW_CURRENT_SAMPLE|LOW_PLAYER_SAMPLE,HISTORICAL TEST ONLY,PASS
historical_test,2025,1,DAL,PHI,00-0033662,C.Rush,QB,2.45909193077096,1.9075023282274688,4.690723583270988,0-15,1.0217215566182265,4.792613401165459,4.792613401165459,True,256,8,83,60,Medium,ROUTE_PROXY_UNVALIDATED|LOW_CURRENT_SAMPLE|LOW_PLAYER_SAMPLE,HISTORICAL TEST ONLY,PASS
historical_test,2025,1,CIN,CLE,00-0035100,J.Browning,QB,2.0348495065285355,2.22263914241147,4.5227361621269875,0-15,1.0217215566182265,4.620977031741929,4.620977031741929,True,257,7,84,60,Medium,ROUTE_PROXY_UNVALIDATED|LOW_CURRENT_SAMPLE|LOW_PLAYER_SAMPLE,HISTORICAL TEST ONLY,PASS
historical_test,2025,1,PHI,NYG,00-0038400,T.McKee,QB,2.7507585974376263,1.5,4.12613789615644,0-15,1.0217215566182265,4.215764034082412,4.215764034082412,True,258,9,85,60,Medium,ROUTE_PROXY_UNVALIDATED|LOW_CURRENT_SAMPLE|LOW_PLAYER_SAMPLE|LOW_RUSH_SAMPLE,HISTORICAL TEST ONLY,PASS
historical_test,2025,1,PIT,DAL,00-0034577,K.Allen,QB,1.3400443117233407,3.0608277189605397,4.101644773958199,0-15,1.0217215566182265,4.1907388831435854,4.1907388831435854,True,259,8,86,60,Medium,ROUTE_PROXY_UNVALIDATED|LOW_CURRENT_SAMPLE|LOW_PLAYER_SAMPLE|LOW_RUSH_SAMPLE,HISTORICAL TEST ONLY,PASS
historical_test,2025,1,SF,CHI,00-0032434,B.Allen,QB,1.6257585974376263,2.411719602181585,3.920873877855564,0-15,1.0217215566182265,4.006041361786329,4.006041361786329,True,260,10,87,60,Medium,ROUTE_PROXY_UNVALIDATED|LOW_CURRENT_SAMPLE|LOW_PLAYER_SAMPLE|LOW_RUSH_SAMPLE,HISTORICAL TEST ONLY,PASS
historical_test,2025,1,DET,JAX,00-0038550,H.Hooker,QB,2.1257585974376263,1.8050529355149183,3.837106796500863,0-15,1.0217215566182265,3.9204547290312384,3.9204547290312384,True,261,9,88,60,Medium,ROUTE_PROXY_UNVALIDATED|LOW_CURRENT_SAMPLE|LOW_PLAYER_SAMPLE|LOW_RUSH_SAMPLE,HISTORICAL TEST ONLY,PASS
historical_test,2025,1,MIN,NYJ,00-0035311,M.Gaskin,RB,2.480939185140803,1.5,3.721408777711204,0-15,1.0217215566182265,3.802243569175823,3.802243569175823,True,262,6,173,60,Medium,ROUTE_PROXY_UNVALIDATED|LOW_CURRENT_SAMPLE|LOW_PLAYER_SAMPLE|LOW_RUSH_SAMPLE,HISTORICAL TEST ONLY,PASS
historical_test,2025,1,ATL,LV,00-0029604,K.Cousins,QB,2.1176417143207438,1.7139718544338371,3.629578296120775,0-15,1.0217215566182265,3.7084183865802482,3.7084183865802482,True,263,6,89,60,Medium,ROUTE_PROXY_UNVALIDATED|LOW_CURRENT_SAMPLE|LOW_PLAYER_SAMPLE,HISTORICAL TEST ONLY,PASS
historical_test,2025,1,BUF,NE,00-0034401,M.White,QB,1.161472883151912,3.0295777189605397,3.5187723679738916,0-15,1.0217215566182265,3.5952055811914874,3.5952055811914874,True,264,9,90,60,Medium,ROUTE_PROXY_UNVALIDATED|LOW_CURRENT_SAMPLE|LOW_PLAYER_SAMPLE|LOW_RUSH_SAMPLE,HISTORICAL TEST ONLY,PASS
historical_test,2025,1,DET,WAS,00-0031237,T.Bridgewater,QB,1.1257585974376263,3.0608277189605397,3.445753119895226,0-15,1.0217215566182265,3.520600241381461,3.520600241381461,True,265,10,91,60,Medium,ROUTE_PROXY_UNVALIDATED|LOW_CURRENT_SAMPLE|LOW_PLAYER_SAMPLE|LOW_RUSH_SAMPLE,HISTORICAL TEST ONLY,PASS
historical_test,2025,1,ARI,SF,00-0038582,C.Tune,QB,1.9166676883467173,1.749814840276823,3.3538135649481586,0-15,1.0217215566182265,3.4266636161861563,3.4266636161861563,True,266,9,92,60,Medium,ROUTE_PROXY_UNVALIDATED|LOW_CURRENT_SAMPLE|LOW_PLAYER_SAMPLE|LOW_RUSH_SAMPLE,HISTORICAL TEST ONLY,PASS
historical_test,2025,1,LV,LAC,00-0039407,D.Laube,RB,2.043439185140803,1.5,3.065158777711204,0-15,1.0217215566182265,3.131738797645112,3.131738797645112,True,267,11,174,60,Medium,ROUTE_PROXY_UNVALIDATED|LOW_CURRENT_SAMPLE|LOW_PLAYER_SAMPLE|LOW_RUSH_SAMPLE,HISTORICAL TEST ONLY,PASS
historical_test,2025,1,TB,CAR,00-0036928,K.Trask,QB,2.00909193077096,1.5,3.01363789615644,0-15,1.0217215566182265,3.079098802344635,3.079098802344635,True,268,6,93,60,Medium,ROUTE_PROXY_UNVALIDATED|LOW_CURRENT_SAMPLE|LOW_PLAYER_SAMPLE|LOW_RUSH_SAMPLE,HISTORICAL TEST ONLY,PASS
